filename,group,label,fold,benchmark
NHS207.png,NHS207,NHS,4,iccad1
HS66.png,HS66,HS,3,iccad1
NHS416.png,NHS416,NHS,4,iccad1
NHS374.png,NHS374,NHS,3,iccad1
NHS250.png,NHS250,NHS,4,iccad1
NHS420.png,NHS420,NHS,3,iccad1
HS56.png,HS56,HS,0,iccad1
NHS418.png,NHS418,NHS,1,iccad1
NHS259.png,NHS259,NHS,3,iccad1
NHS383.png,NHS383,NHS,2,iccad1
NHS216.png,NHS216,NHS,0,iccad1
NHS438.png,NHS438,NHS,2,iccad1
NHS106.png,NHS106,NHS,0,iccad1
NHS377.png,NHS377,NHS,3,iccad1
NHS341.png,NHS341,NHS,0,iccad1
HS41.png,HS41,HS,2,iccad1
HS44.png,HS44,HS,4,iccad1
NHS148.png,NHS148,NHS,1,iccad1
NHS389.png,NHS389,NHS,3,iccad1
NHS402.png,NHS402,NHS,1,iccad1
NHS379.png,NHS379,NHS,2,iccad1
HS76.png,HS76,HS,4,iccad1
NHS337.png,NHS337,NHS,4,iccad1
NHS292.png,NHS292,NHS,1,iccad1
NHS233.png,NHS233,NHS,2,iccad1
NHS222.png,NHS222,NHS,1,iccad1
NHS180.png,NHS180,NHS,4,iccad1
NHS424.png,NHS424,NHS,2,iccad1
NHS256.png,NHS256,NHS,0,iccad1
HS88.png,HS88,HS,2,iccad1
NHS181.png,NHS181,NHS,3,iccad1
NHS334.png,NHS334,NHS,3,iccad1
NHS384.png,NHS384,NHS,3,iccad1
NHS239.png,NHS239,NHS,2,iccad1
NHS414.png,NHS414,NHS,2,iccad1
NHS307.png,NHS307,NHS,1,iccad1
NHS372.png,NHS372,NHS,2,iccad1
NHS277.png,NHS277,NHS,1,iccad1
NHS150.png,NHS150,NHS,4,iccad1
NHS434.png,NHS434,NHS,2,iccad1
NHS126.png,NHS126,NHS,4,iccad1
NHS396.png,NHS396,NHS,1,iccad1
NHS165.png,NHS165,NHS,4,iccad1
NHS332.png,NHS332,NHS,0,iccad1
NHS232.png,NHS232,NHS,1,iccad1
NHS300.png,NHS300,NHS,4,iccad1
NHS294.png,NHS294,NHS,3,iccad1
NHS417.png,NHS417,NHS,0,iccad1
NHS432.png,NHS432,NHS,1,iccad1
NHS201.png,NHS201,NHS,0,iccad1
NHS195.png,NHS195,NHS,1,iccad1
NHS183.png,NHS183,NHS,1,iccad1
NHS351.png,NHS351,NHS,3,iccad1
NHS328.png,NHS328,NHS,2,iccad1
NHS161.png,NHS161,NHS,0,iccad1
NHS263.png,NHS263,NHS,2,iccad1
NHS246.png,NHS246,NHS,0,iccad1
HS71.png,HS71,HS,3,iccad1
NHS289.png,NHS289,NHS,3,iccad1
NHS364.png,NHS364,NHS,2,iccad1
NHS426.png,NHS426,NHS,4,iccad1
NHS391.png,NHS391,NHS,1,iccad1
NHS401.png,NHS401,NHS,0,iccad1
NHS255.png,NHS255,NHS,3,iccad1
NHS156.png,NHS156,NHS,1,iccad1
HS20.png,HS20,HS,4,iccad1
NHS238.png,NHS238,NHS,1,iccad1
HS32.png,HS32,HS,3,iccad1
NHS386.png,NHS386,NHS,0,iccad1
NHS296.png,NHS296,NHS,0,iccad1
NHS168.png,NHS168,NHS,2,iccad1
NHS329.png,NHS329,NHS,3,iccad1
NHS249.png,NHS249,NHS,3,iccad1
NHS429.png,NHS429,NHS,2,iccad1
HS39.png,HS39,HS,4,iccad1
NHS243.png,NHS243,NHS,2,iccad1
HS72.png,HS72,HS,0,iccad1
NHS272.png,NHS272,NHS,1,iccad1
NHS297.png,NHS297,NHS,1,iccad1
NHS301.png,NHS301,NHS,0,iccad1
NHS212.png,NHS212,NHS,3,iccad1
NHS204.png,NHS204,NHS,3,iccad1
HS0.png,HS0,HS,2,iccad1
HS53.png,HS53,HS,4,iccad1
NHS120.png,NHS120,NHS,4,iccad1
NHS428.png,NHS428,NHS,1,iccad1
NHS324.png,NHS324,NHS,1,iccad1
HS90.png,HS90,HS,3,iccad1
NHS303.png,NHS303,NHS,2,iccad1
NHS358.png,NHS358,NHS,1,iccad1
NHS145.png,NHS145,NHS,4,iccad1
NHS333.png,NHS333,NHS,2,iccad1
HS52.png,HS52,HS,4,iccad1
NHS209.png,NHS209,NHS,1,iccad1
NHS192.png,NHS192,NHS,3,iccad1
NHS275.png,NHS275,NHS,4,iccad1
NHS398.png,NHS398,NHS,2,iccad1
HS60.png,HS60,HS,4,iccad1
HS85.png,HS85,HS,4,iccad1
NHS387.png,NHS387,NHS,1,iccad1
NHS413.png,NHS413,NHS,1,iccad1
NHS218.png,NHS218,NHS,2,iccad1
NHS388.png,NHS388,NHS,2,iccad1
NHS134.png,NHS134,NHS,3,iccad1
NHS247.png,NHS247,NHS,1,iccad1
NHS223.png,NHS223,NHS,2,iccad1
HS33.png,HS33,HS,2,iccad1
NHS261.png,NHS261,NHS,0,iccad1
NHS363.png,NHS363,NHS,1,iccad1
NHS208.png,NHS208,NHS,0,iccad1
NHS226.png,NHS226,NHS,0,iccad1
NHS397.png,NHS397,NHS,0,iccad1
NHS305.png,NHS305,NHS,3,iccad1
NHS330.png,NHS330,NHS,4,iccad1
NHS316.png,NHS316,NHS,4,iccad1
NHS354.png,NHS354,NHS,2,iccad1
NHS146.png,NHS146,NHS,0,iccad1
NHS273.png,NHS273,NHS,2,iccad1
NHS309.png,NHS309,NHS,3,iccad1
NHS229.png,NHS229,NHS,3,iccad1
NHS251.png,NHS251,NHS,4,iccad1
NHS431.png,NHS431,NHS,0,iccad1
NHS219.png,NHS219,NHS,3,iccad1
NHS326.png,NHS326,NHS,0,iccad1
NHS291.png,NHS291,NHS,0,iccad1
NHS240.png,NHS240,NHS,4,iccad1
HS97.png,HS97,HS,1,iccad1
NHS118.png,NHS118,NHS,0,iccad1
NHS142.png,NHS142,NHS,2,iccad1
HS74.png,HS74,HS,2,iccad1
NHS104.png,NHS104,NHS,3,iccad1
NHS121.png,NHS121,NHS,0,iccad1
NHS102.png,NHS102,NHS,0,iccad1
NHS268.png,NHS268,NHS,2,iccad1
HS45.png,HS45,HS,1,iccad1
NHS382.png,NHS382,NHS,0,iccad1
NHS281.png,NHS281,NHS,0,iccad1
NHS404.png,NHS404,NHS,2,iccad1
HS93.png,HS93,HS,1,iccad1
HS49.png,HS49,HS,4,iccad1
NHS352.png,NHS352,NHS,0,iccad1
NHS284.png,NHS284,NHS,3,iccad1
HS63.png,HS63,HS,0,iccad1
NHS225.png,NHS225,NHS,4,iccad1
HS23.png,HS23,HS,0,iccad1
NHS175.png,NHS175,NHS,4,iccad1
NHS381.png,NHS381,NHS,1,iccad1
NHS160.png,NHS160,NHS,4,iccad1
NHS158.png,NHS158,NHS,2,iccad1
NHS230.png,NHS230,NHS,4,iccad1
NHS320.png,NHS320,NHS,3,iccad1
NHS211.png,NHS211,NHS,1,iccad1
NHS122.png,NHS122,NHS,2,iccad1
NHS390.png,NHS390,NHS,4,iccad1
NHS133.png,NHS133,NHS,1,iccad1
NHS215.png,NHS215,NHS,2,iccad1
NHS353.png,NHS353,NHS,1,iccad1
HS24.png,HS24,HS,1,iccad1
NHS347.png,NHS347,NHS,0,iccad1
NHS124.png,NHS124,NHS,3,iccad1
HS83.png,HS83,HS,3,iccad1
NHS164.png,NHS164,NHS,3,iccad1
NHS380.png,NHS380,NHS,4,iccad1
NHS365.png,NHS365,NHS,4,iccad1
NHS313.png,NHS313,NHS,1,iccad1
NHS200.png,NHS200,NHS,1,iccad1
NHS185.png,NHS185,NHS,4,iccad1
HS38.png,HS38,HS,3,iccad1
NHS166.png,NHS166,NHS,0,iccad1
HS96.png,HS96,HS,0,iccad1
NHS254.png,NHS254,NHS,2,iccad1
NHS115.png,NHS115,NHS,3,iccad1
HS69.png,HS69,HS,4,iccad1
NHS368.png,NHS368,NHS,0,iccad1
NHS227.png,NHS227,NHS,1,iccad1
NHS314.png,NHS314,NHS,2,iccad1
NHS190.png,NHS190,NHS,1,iccad1
NHS279.png,NHS279,NHS,3,iccad1
NHS321.png,NHS321,NHS,0,iccad1
NHS173.png,NHS173,NHS,2,iccad1
NHS248.png,NHS248,NHS,2,iccad1
NHS198.png,NHS198,NHS,0,iccad1
HS91.png,HS91,HS,4,iccad1
NHS399.png,NHS399,NHS,3,iccad1
NHS113.png,NHS113,NHS,1,iccad1
NHS367.png,NHS367,NHS,3,iccad1
NHS245.png,NHS245,NHS,4,iccad1
NHS403.png,NHS403,NHS,3,iccad1
NHS419.png,NHS419,NHS,2,iccad1
HS30.png,HS30,HS,4,iccad1
NHS385.png,NHS385,NHS,4,iccad1
NHS100.png,NHS100,NHS,4,iccad1
NHS425.png,NHS425,NHS,3,iccad1
NHS410.png,NHS410,NHS,4,iccad1
HS48.png,HS48,HS,3,iccad1
NHS105.png,NHS105,NHS,4,iccad1
HS1.png,HS1,HS,0,iccad1
HS11.png,HS11,HS,3,iccad1
NHS370.png,NHS370,NHS,4,iccad1
NHS340.png,NHS340,NHS,3,iccad1
NHS203.png,NHS203,NHS,1,iccad1
HS54.png,HS54,HS,2,iccad1
HS81.png,HS81,HS,0,iccad1
NHS274.png,NHS274,NHS,3,iccad1
HS3.png,HS3,HS,3,iccad1
NHS188.png,NHS188,NHS,2,iccad1
NHS152.png,NHS152,NHS,1,iccad1
NHS278.png,NHS278,NHS,2,iccad1
HS8.png,HS8,HS,3,iccad1
NHS129.png,NHS129,NHS,2,iccad1
NHS112.png,NHS112,NHS,4,iccad1
HS80.png,HS80,HS,4,iccad1
NHS110.png,NHS110,NHS,4,iccad1
NHS127.png,NHS127,NHS,0,iccad1
HS21.png,HS21,HS,2,iccad1
NHS151.png,NHS151,NHS,0,iccad1
NHS339.png,NHS339,NHS,2,iccad1
NHS265.png,NHS265,NHS,4,iccad1
HS43.png,HS43,HS,1,iccad1
HS9.png,HS9,HS,4,iccad1
HS59.png,HS59,HS,0,iccad1
NHS338.png,NHS338,NHS,0,iccad1
HS87.png,HS87,HS,1,iccad1
NHS411.png,NHS411,NHS,4,iccad1
NHS331.png,NHS331,NHS,1,iccad1
NHS125.png,NHS125,NHS,4,iccad1
NHS131.png,NHS131,NHS,0,iccad1
NHS241.png,NHS241,NHS,0,iccad1
HS77.png,HS77,HS,0,iccad1
NHS182.png,NHS182,NHS,0,iccad1
NHS288.png,NHS288,NHS,1,iccad1
NHS159.png,NHS159,NHS,3,iccad1
NHS412.png,NHS412,NHS,0,iccad1
HS37.png,HS37,HS,2,iccad1
HS14.png,HS14,HS,4,iccad1
HS47.png,HS47,HS,2,iccad1
NHS283.png,NHS283,NHS,2,iccad1
NHS325.png,NHS325,NHS,4,iccad1
HS92.png,HS92,HS,0,iccad1
NHS153.png,NHS153,NHS,2,iccad1
NHS350.png,NHS350,NHS,4,iccad1
NHS170.png,NHS170,NHS,4,iccad1
NHS376.png,NHS376,NHS,0,iccad1
NHS162.png,NHS162,NHS,1,iccad1
NHS174.png,NHS174,NHS,3,iccad1
HS16.png,HS16,HS,2,iccad1
NHS269.png,NHS269,NHS,3,iccad1
NHS408.png,NHS408,NHS,1,iccad1
NHS423.png,NHS423,NHS,1,iccad1
NHS327.png,NHS327,NHS,1,iccad1
NHS177.png,NHS177,NHS,1,iccad1
NHS270.png,NHS270,NHS,4,iccad1
NHS155.png,NHS155,NHS,4,iccad1
NHS317.png,NHS317,NHS,0,iccad1
NHS210.png,NHS210,NHS,2,iccad1
HS13.png,HS13,HS,0,iccad1
HS40.png,HS40,HS,0,iccad1
NHS406.png,NHS406,NHS,2,iccad1
NHS108.png,NHS108,NHS,3,iccad1
NHS179.png,NHS179,NHS,3,iccad1
HS4.png,HS4,HS,0,iccad1
NHS322.png,NHS322,NHS,2,iccad1
NHS276.png,NHS276,NHS,0,iccad1
NHS187.png,NHS187,NHS,4,iccad1
NHS189.png,NHS189,NHS,0,iccad1
NHS421.png,NHS421,NHS,4,iccad1
NHS235.png,NHS235,NHS,4,iccad1
NHS310.png,NHS310,NHS,4,iccad1
NHS253.png,NHS253,NHS,1,iccad1
NHS167.png,NHS167,NHS,1,iccad1
NHS130.png,NHS130,NHS,3,iccad1
NHS214.png,NHS214,NHS,4,iccad1
NHS154.png,NHS154,NHS,3,iccad1
NHS109.png,NHS109,NHS,2,iccad1
HS31.png,HS31,HS,1,iccad1
NHS205.png,NHS205,NHS,4,iccad1
HS22.png,HS22,HS,3,iccad1
HS29.png,HS29,HS,1,iccad1
NHS366.png,NHS366,NHS,2,iccad1
NHS342.png,NHS342,NHS,2,iccad1
NHS348.png,NHS348,NHS,1,iccad1
NHS194.png,NHS194,NHS,0,iccad1
NHS361.png,NHS361,NHS,3,iccad1
NHS433.png,NHS433,NHS,4,iccad1
HS25.png,HS25,HS,2,iccad1
HS51.png,HS51,HS,3,iccad1
NHS415.png,NHS415,NHS,3,iccad1
HS62.png,HS62,HS,2,iccad1
NHS282.png,NHS282,NHS,1,iccad1
NHS336.png,NHS336,NHS,1,iccad1
NHS178.png,NHS178,NHS,2,iccad1
NHS286.png,NHS286,NHS,2,iccad1
NHS405.png,NHS405,NHS,4,iccad1
HS2.png,HS2,HS,1,iccad1
NHS258.png,NHS258,NHS,2,iccad1
NHS369.png,NHS369,NHS,1,iccad1
NHS287.png,NHS287,NHS,0,iccad1
HS70.png,HS70,HS,2,iccad1
NHS295.png,NHS295,NHS,4,iccad1
HS57.png,HS57,HS,1,iccad1
NHS319.png,NHS319,NHS,2,iccad1
NHS149.png,NHS149,NHS,3,iccad1
NHS191.png,NHS191,NHS,2,iccad1
NHS141.png,NHS141,NHS,0,iccad1
HS89.png,HS89,HS,3,iccad1
NHS196.png,NHS196,NHS,2,iccad1
NHS99.png,NHS99,NHS,4,iccad1
NHS318.png,NHS318,NHS,1,iccad1
NHS267.png,NHS267,NHS,1,iccad1
NHS271.png,NHS271,NHS,0,iccad1
HS19.png,HS19,HS,4,iccad1
NHS260.png,NHS260,NHS,4,iccad1
NHS304.png,NHS304,NHS,4,iccad1
NHS435.png,NHS435,NHS,3,iccad1
NHS262.png,NHS262,NHS,1,iccad1
HS26.png,HS26,HS,3,iccad1
NHS298.png,NHS298,NHS,2,iccad1
HS73.png,HS73,HS,1,iccad1
HS55.png,HS55,HS,2,iccad1
NHS407.png,NHS407,NHS,0,iccad1
NHS373.png,NHS373,NHS,1,iccad1
NHS220.png,NHS220,NHS,4,iccad1
NHS221.png,NHS221,NHS,0,iccad1
NHS213.png,NHS213,NHS,0,iccad1
NHS344.png,NHS344,NHS,3,iccad1
NHS117.png,NHS117,NHS,3,iccad1
NHS437.png,NHS437,NHS,1,iccad1
NHS371.png,NHS371,NHS,0,iccad1
NHS139.png,NHS139,NHS,3,iccad1
NHS236.png,NHS236,NHS,0,iccad1
NHS103.png,NHS103,NHS,1,iccad1
NHS436.png,NHS436,NHS,0,iccad1
NHS228.png,NHS228,NHS,2,iccad1
HS86.png,HS86,HS,0,iccad1
NHS293.png,NHS293,NHS,2,iccad1
HS15.png,HS15,HS,1,iccad1
NHS308.png,NHS308,NHS,2,iccad1
NHS202.png,NHS202,NHS,2,iccad1
NHS360.png,NHS360,NHS,4,iccad1
NHS430.png,NHS430,NHS,3,iccad1
HS36.png,HS36,HS,1,iccad1
HS27.png,HS27,HS,2,iccad1
NHS217.png,NHS217,NHS,1,iccad1
HS65.png,HS65,HS,1,iccad1
HS12.png,HS12,HS,4,iccad1
NHS193.png,NHS193,NHS,4,iccad1
NHS422.png,NHS422,NHS,0,iccad1
NHS111.png,NHS111,NHS,0,iccad1
NHS171.png,NHS171,NHS,0,iccad1
NHS199.png,NHS199,NHS,4,iccad1
NHS395.png,NHS395,NHS,4,iccad1
NHS242.png,NHS242,NHS,1,iccad1
NHS186.png,NHS186,NHS,3,iccad1
HS28.png,HS28,HS,0,iccad1
NHS237.png,NHS237,NHS,3,iccad1
HS42.png,HS42,HS,3,iccad1
HS7.png,HS7,HS,1,iccad1
NHS290.png,NHS290,NHS,4,iccad1
HS82.png,HS82,HS,2,iccad1
NHS144.png,NHS144,NHS,3,iccad1
NHS123.png,NHS123,NHS,1,iccad1
HS61.png,HS61,HS,1,iccad1
NHS252.png,NHS252,NHS,0,iccad1
HS98.png,HS98,HS,3,iccad1
NHS138.png,NHS138,NHS,2,iccad1
NHS266.png,NHS266,NHS,0,iccad1
NHS206.png,NHS206,NHS,3,iccad1
HS68.png,HS68,HS,0,iccad1
HS34.png,HS34,HS,0,iccad1
HS79.png,HS79,HS,2,iccad1
NHS172.png,NHS172,NHS,1,iccad1
NHS400.png,NHS400,NHS,4,iccad1
NHS409.png,NHS409,NHS,3,iccad1
NHS299.png,NHS299,NHS,3,iccad1
HS5.png,HS5,HS,0,iccad1
NHS169.png,NHS169,NHS,3,iccad1
NHS343.png,NHS343,NHS,1,iccad1
NHS137.png,NHS137,NHS,1,iccad1
NHS114.png,NHS114,NHS,2,iccad1
NHS157.png,NHS157,NHS,0,iccad1
NHS356.png,NHS356,NHS,3,iccad1
NHS392.png,NHS392,NHS,0,iccad1
NHS244.png,NHS244,NHS,3,iccad1
NHS393.png,NHS393,NHS,2,iccad1
NHS346.png,NHS346,NHS,3,iccad1
HS94.png,HS94,HS,2,iccad1
NHS280.png,NHS280,NHS,4,iccad1
NHS302.png,NHS302,NHS,1,iccad1
HS17.png,HS17,HS,3,iccad1
HS84.png,HS84,HS,1,iccad1
NHS143.png,NHS143,NHS,1,iccad1
NHS128.png,NHS128,NHS,1,iccad1
NHS359.png,NHS359,NHS,2,iccad1
NHS427.png,NHS427,NHS,0,iccad1
HS6.png,HS6,HS,3,iccad1
HS58.png,HS58,HS,3,iccad1
HS67.png,HS67,HS,4,iccad1
HS10.png,HS10,HS,1,iccad1
NHS234.png,NHS234,NHS,3,iccad1
NHS163.png,NHS163,NHS,2,iccad1
NHS147.png,NHS147,NHS,2,iccad1
NHS132.png,NHS132,NHS,2,iccad1
NHS285.png,NHS285,NHS,4,iccad1
HS50.png,HS50,HS,1,iccad1
NHS140.png,NHS140,NHS,4,iccad1
NHS116.png,NHS116,NHS,1,iccad1
NHS264.png,NHS264,NHS,3,iccad1
NHS335.png,NHS335,NHS,4,iccad1
NHS184.png,NHS184,NHS,2,iccad1
NHS311.png,NHS311,NHS,4,iccad1
NHS107.png,NHS107,NHS,1,iccad1
NHS257.png,NHS257,NHS,1,iccad1
NHS136.png,NHS136,NHS,0,iccad1
HS95.png,HS95,HS,2,iccad1
NHS394.png,NHS394,NHS,3,iccad1
HS78.png,HS78,HS,1,iccad1
NHS312.png,NHS312,NHS,0,iccad1
NHS375.png,NHS375,NHS,4,iccad1
NHS231.png,NHS231,NHS,0,iccad1
NHS378.png,NHS378,NHS,1,iccad1
NHS135.png,NHS135,NHS,4,iccad1
HS35.png,HS35,HS,4,iccad1
NHS357.png,NHS357,NHS,0,iccad1
NHS306.png,NHS306,NHS,0,iccad1
HS64.png,HS64,HS,2,iccad1
NHS119.png,NHS119,NHS,2,iccad1
NHS176.png,NHS176,NHS,0,iccad1
NHS323.png,NHS323,NHS,3,iccad1
NHS315.png,NHS315,NHS,3,iccad1
HS46.png,HS46,HS,0,iccad1
NHS101.png,NHS101,NHS,2,iccad1
NHS349.png,NHS349,NHS,2,iccad1
NHS197.png,NHS197,NHS,3,iccad1
NHS362.png,NHS362,NHS,0,iccad1
NHS355.png,NHS355,NHS,4,iccad1
NHS224.png,NHS224,NHS,3,iccad1
HS18.png,HS18,HS,0,iccad1
NHS345.png,NHS345,NHS,4,iccad1
HS75.png,HS75,HS,3,iccad1
NHSCAD23715.png,NHSCAD23715,NHS,3,iccad2
NHSCAD25399.png,NHSCAD25399,NHS,1,iccad2
NHSCAD21742.png,NHSCAD21742,NHS,2,iccad2
NHSCAD21624.png,NHSCAD21624,NHS,0,iccad2
NHSCAD23798.png,NHSCAD23798,NHS,2,iccad2
NHSCAD25275.png,NHSCAD25275,NHS,1,iccad2
NHSCAD24001.png,NHSCAD24001,NHS,4,iccad2
NHSCAD21148.png,NHSCAD21148,NHS,1,iccad2
NHSCAD25375.png,NHSCAD25375,NHS,4,iccad2
NHSCAD21051.png,NHSCAD21051,NHS,0,iccad2
NHSCAD22936.png,NHSCAD22936,NHS,3,iccad2
NHSCAD22192.png,NHSCAD22192,NHS,1,iccad2
NHSCAD21375.png,NHSCAD21375,NHS,2,iccad2
HSCAD292.png,HSCAD292,HS,3,iccad2
NHSCAD2309.png,NHSCAD2309,NHS,2,iccad2
NHSCAD21685.png,NHSCAD21685,NHS,4,iccad2
NHSCAD22040.png,NHSCAD22040,NHS,2,iccad2
NHSCAD21908.png,NHSCAD21908,NHS,2,iccad2
NHSCAD22148.png,NHSCAD22148,NHS,2,iccad2
NHSCAD24233.png,NHSCAD24233,NHS,1,iccad2
NHSCAD23700.png,NHSCAD23700,NHS,2,iccad2
NHSCAD22164.png,NHSCAD22164,NHS,0,iccad2
NHSCAD22793.png,NHSCAD22793,NHS,1,iccad2
NHSCAD23193.png,NHSCAD23193,NHS,2,iccad2
NHSCAD21282.png,NHSCAD21282,NHS,4,iccad2
NHSCAD22570.png,NHSCAD22570,NHS,3,iccad2
NHSCAD24800.png,NHSCAD24800,NHS,1,iccad2
NHSCAD2858.png,NHSCAD2858,NHS,2,iccad2
NHSCAD25314.png,NHSCAD25314,NHS,2,iccad2
NHSCAD22888.png,NHSCAD22888,NHS,3,iccad2
NHSCAD23458.png,NHSCAD23458,NHS,4,iccad2
NHSCAD21851.png,NHSCAD21851,NHS,1,iccad2
NHSCAD21460.png,NHSCAD21460,NHS,4,iccad2
NHSCAD23461.png,NHSCAD23461,NHS,3,iccad2
NHSCAD22105.png,NHSCAD22105,NHS,1,iccad2
NHSCAD21432.png,NHSCAD21432,NHS,1,iccad2
NHSCAD21576.png,NHSCAD21576,NHS,1,iccad2
NHSCAD2271.png,NHSCAD2271,NHS,3,iccad2
NHSCAD2457.png,NHSCAD2457,NHS,3,iccad2
NHSCAD23830.png,NHSCAD23830,NHS,2,iccad2
NHSCAD21291.png,NHSCAD21291,NHS,3,iccad2
NHSCAD24595.png,NHSCAD24595,NHS,2,iccad2
NHSCAD24437.png,NHSCAD24437,NHS,1,iccad2
NHSCAD24559.png,NHSCAD24559,NHS,0,iccad2
NHSCAD21152.png,NHSCAD21152,NHS,3,iccad2
NHSCAD23996.png,NHSCAD23996,NHS,1,iccad2
NHSCAD21452.png,NHSCAD21452,NHS,1,iccad2
NHSCAD25188.png,NHSCAD25188,NHS,1,iccad2
NHSCAD23162.png,NHSCAD23162,NHS,4,iccad2
NHSCAD25122.png,NHSCAD25122,NHS,3,iccad2
NHSCAD2917.png,NHSCAD2917,NHS,0,iccad2
NHSCAD21147.png,NHSCAD21147,NHS,3,iccad2
NHSCAD21273.png,NHSCAD21273,NHS,1,iccad2
NHSCAD22938.png,NHSCAD22938,NHS,0,iccad2
NHSCAD23224.png,NHSCAD23224,NHS,1,iccad2
NHSCAD22640.png,NHSCAD22640,NHS,1,iccad2
NHSCAD21872.png,NHSCAD21872,NHS,0,iccad2
NHSCAD24725.png,NHSCAD24725,NHS,2,iccad2
NHSCAD2653.png,NHSCAD2653,NHS,2,iccad2
NHSCAD23946.png,NHSCAD23946,NHS,1,iccad2
NHSCAD25402.png,NHSCAD25402,NHS,1,iccad2
NHSCAD23186.png,NHSCAD23186,NHS,2,iccad2
NHSCAD22082.png,NHSCAD22082,NHS,2,iccad2
NHSCAD24582.png,NHSCAD24582,NHS,1,iccad2
NHSCAD23216.png,NHSCAD23216,NHS,2,iccad2
NHSCAD2791.png,NHSCAD2791,NHS,0,iccad2
NHSCAD23597.png,NHSCAD23597,NHS,4,iccad2
NHSCAD23781.png,NHSCAD23781,NHS,0,iccad2
NHSCAD24435.png,NHSCAD24435,NHS,3,iccad2
NHSCAD24715.png,NHSCAD24715,NHS,2,iccad2
NHSCAD21504.png,NHSCAD21504,NHS,3,iccad2
NHSCAD21786.png,NHSCAD21786,NHS,1,iccad2
NHSCAD25096.png,NHSCAD25096,NHS,1,iccad2
NHSCAD22718.png,NHSCAD22718,NHS,1,iccad2
NHSCAD21351.png,NHSCAD21351,NHS,3,iccad2
NHSCAD2426.png,NHSCAD2426,NHS,0,iccad2
NHSCAD22363.png,NHSCAD22363,NHS,3,iccad2
NHSCAD2413.png,NHSCAD2413,NHS,4,iccad2
NHSCAD23821.png,NHSCAD23821,NHS,2,iccad2
NHSCAD22538.png,NHSCAD22538,NHS,2,iccad2
NHSCAD22065.png,NHSCAD22065,NHS,4,iccad2
NHSCAD2641.png,NHSCAD2641,NHS,0,iccad2
NHSCAD22689.png,NHSCAD22689,NHS,0,iccad2
NHSCAD23662.png,NHSCAD23662,NHS,4,iccad2
NHSCAD25434.png,NHSCAD25434,NHS,2,iccad2
NHSCAD2284.png,NHSCAD2284,NHS,2,iccad2
NHSCAD24913.png,NHSCAD24913,NHS,4,iccad2
NHSCAD22838.png,NHSCAD22838,NHS,4,iccad2
NHSCAD23534.png,NHSCAD23534,NHS,2,iccad2
NHSCAD23367.png,NHSCAD23367,NHS,1,iccad2
NHSCAD23338.png,NHSCAD23338,NHS,3,iccad2
NHSCAD23045.png,NHSCAD23045,NHS,4,iccad2
NHSCAD21103.png,NHSCAD21103,NHS,3,iccad2
NHSCAD22798.png,NHSCAD22798,NHS,3,iccad2
NHSCAD22978.png,NHSCAD22978,NHS,2,iccad2
NHSCAD22482.png,NHSCAD22482,NHS,3,iccad2
NHSCAD25134.png,NHSCAD25134,NHS,2,iccad2
NHSCAD24389.png,NHSCAD24389,NHS,3,iccad2
NHSCAD22448.png,NHSCAD22448,NHS,3,iccad2
NHSCAD21230.png,NHSCAD21230,NHS,2,iccad2
NHSCAD21879.png,NHSCAD21879,NHS,4,iccad2
NHSCAD21490.png,NHSCAD21490,NHS,4,iccad2
NHSCAD24314.png,NHSCAD24314,NHS,2,iccad2
NHSCAD23619.png,NHSCAD23619,NHS,0,iccad2
NHSCAD22577.png,NHSCAD22577,NHS,1,iccad2
NHSCAD22481.png,NHSCAD22481,NHS,2,iccad2
NHSCAD21769.png,NHSCAD21769,NHS,2,iccad2
NHSCAD25309.png,NHSCAD25309,NHS,0,iccad2
NHSCAD23826.png,NHSCAD23826,NHS,2,iccad2
NHSCAD23446.png,NHSCAD23446,NHS,1,iccad2
NHSCAD23978.png,NHSCAD23978,NHS,1,iccad2
NHSCAD22663.png,NHSCAD22663,NHS,1,iccad2
NHSCAD22310.png,NHSCAD22310,NHS,1,iccad2
NHSCAD21580.png,NHSCAD21580,NHS,3,iccad2
NHSCAD23071.png,NHSCAD23071,NHS,3,iccad2
NHSCAD22411.png,NHSCAD22411,NHS,3,iccad2
NHSCAD24324.png,NHSCAD24324,NHS,3,iccad2
NHSCAD23063.png,NHSCAD23063,NHS,4,iccad2
NHSCAD2190.png,NHSCAD2190,NHS,0,iccad2
NHSCAD25229.png,NHSCAD25229,NHS,1,iccad2
NHSCAD23965.png,NHSCAD23965,NHS,2,iccad2
NHSCAD22902.png,NHSCAD22902,NHS,3,iccad2
NHSCAD22438.png,NHSCAD22438,NHS,1,iccad2
NHSCAD25000.png,NHSCAD25000,NHS,3,iccad2
NHSCAD23992.png,NHSCAD23992,NHS,4,iccad2
NHSCAD24458.png,NHSCAD24458,NHS,4,iccad2
NHSCAD24950.png,NHSCAD24950,NHS,4,iccad2
NHSCAD23073.png,NHSCAD23073,NHS,0,iccad2
NHSCAD25263.png,NHSCAD25263,NHS,2,iccad2
NHSCAD23572.png,NHSCAD23572,NHS,0,iccad2
NHSCAD24465.png,NHSCAD24465,NHS,2,iccad2
NHSCAD24382.png,NHSCAD24382,NHS,1,iccad2
NHSCAD25274.png,NHSCAD25274,NHS,0,iccad2
NHSCAD23541.png,NHSCAD23541,NHS,0,iccad2
NHSCAD21035.png,NHSCAD21035,NHS,4,iccad2
NHSCAD21217.png,NHSCAD21217,NHS,0,iccad2
NHSCAD21532.png,NHSCAD21532,NHS,2,iccad2
NHSCAD23119.png,NHSCAD23119,NHS,3,iccad2
NHSCAD21681.png,NHSCAD21681,NHS,1,iccad2
NHSCAD2454.png,NHSCAD2454,NHS,4,iccad2
NHSCAD21454.png,NHSCAD21454,NHS,3,iccad2
NHSCAD23348.png,NHSCAD23348,NHS,4,iccad2
NHSCAD23455.png,NHSCAD23455,NHS,2,iccad2
NHSCAD2240.png,NHSCAD2240,NHS,0,iccad2
NHSCAD24972.png,NHSCAD24972,NHS,3,iccad2
NHSCAD23352.png,NHSCAD23352,NHS,4,iccad2
NHSCAD24883.png,NHSCAD24883,NHS,3,iccad2
NHSCAD21566.png,NHSCAD21566,NHS,1,iccad2
NHSCAD24004.png,NHSCAD24004,NHS,0,iccad2
NHSCAD2797.png,NHSCAD2797,NHS,1,iccad2
NHSCAD24985.png,NHSCAD24985,NHS,2,iccad2
NHSCAD21979.png,NHSCAD21979,NHS,3,iccad2
NHSCAD2926.png,NHSCAD2926,NHS,4,iccad2
NHSCAD23951.png,NHSCAD23951,NHS,2,iccad2
NHSCAD25189.png,NHSCAD25189,NHS,2,iccad2
NHSCAD2759.png,NHSCAD2759,NHS,4,iccad2
HSCAD2143.png,HSCAD2143,HS,4,iccad2
NHSCAD23453.png,NHSCAD23453,NHS,4,iccad2
NHSCAD21525.png,NHSCAD21525,NHS,3,iccad2
NHSCAD23200.png,NHSCAD23200,NHS,0,iccad2
NHSCAD23769.png,NHSCAD23769,NHS,1,iccad2
NHSCAD25388.png,NHSCAD25388,NHS,3,iccad2
NHSCAD2709.png,NHSCAD2709,NHS,1,iccad2
NHSCAD25255.png,NHSCAD25255,NHS,4,iccad2
NHSCAD24468.png,NHSCAD24468,NHS,0,iccad2
NHSCAD23291.png,NHSCAD23291,NHS,3,iccad2
NHSCAD2626.png,NHSCAD2626,NHS,0,iccad2
NHSCAD24679.png,NHSCAD24679,NHS,4,iccad2
NHSCAD23972.png,NHSCAD23972,NHS,0,iccad2
NHSCAD22172.png,NHSCAD22172,NHS,3,iccad2
NHSCAD25091.png,NHSCAD25091,NHS,1,iccad2
NHSCAD25307.png,NHSCAD25307,NHS,1,iccad2
NHSCAD23128.png,NHSCAD23128,NHS,3,iccad2
NHSCAD22231.png,NHSCAD22231,NHS,0,iccad2
NHSCAD21344.png,NHSCAD21344,NHS,1,iccad2
NHSCAD2660.png,NHSCAD2660,NHS,3,iccad2
NHSCAD24239.png,NHSCAD24239,NHS,3,iccad2
NHSCAD21651.png,NHSCAD21651,NHS,0,iccad2
NHSCAD2913.png,NHSCAD2913,NHS,1,iccad2
NHSCAD2411.png,NHSCAD2411,NHS,3,iccad2
NHSCAD24447.png,NHSCAD24447,NHS,2,iccad2
NHSCAD22842.png,NHSCAD22842,NHS,3,iccad2
NHSCAD23653.png,NHSCAD23653,NHS,4,iccad2
NHSCAD21236.png,NHSCAD21236,NHS,3,iccad2
NHSCAD21599.png,NHSCAD21599,NHS,0,iccad2
NHSCAD22993.png,NHSCAD22993,NHS,4,iccad2
NHSCAD24301.png,NHSCAD24301,NHS,3,iccad2
NHSCAD25049.png,NHSCAD25049,NHS,2,iccad2
NHSCAD22571.png,NHSCAD22571,NHS,4,iccad2
NHSCAD24816.png,NHSCAD24816,NHS,3,iccad2
NHSCAD24269.png,NHSCAD24269,NHS,0,iccad2
NHSCAD24860.png,NHSCAD24860,NHS,1,iccad2
NHSCAD22483.png,NHSCAD22483,NHS,0,iccad2
NHSCAD24031.png,NHSCAD24031,NHS,0,iccad2
NHSCAD23043.png,NHSCAD23043,NHS,2,iccad2
NHSCAD23444.png,NHSCAD23444,NHS,3,iccad2
NHSCAD21352.png,NHSCAD21352,NHS,4,iccad2
NHSCAD22404.png,NHSCAD22404,NHS,0,iccad2
NHSCAD22816.png,NHSCAD22816,NHS,2,iccad2
NHSCAD23175.png,NHSCAD23175,NHS,1,iccad2
NHSCAD23594.png,NHSCAD23594,NHS,3,iccad2
NHSCAD24672.png,NHSCAD24672,NHS,2,iccad2
NHSCAD24987.png,NHSCAD24987,NHS,4,iccad2
NHSCAD2876.png,NHSCAD2876,NHS,0,iccad2
NHSCAD23334.png,NHSCAD23334,NHS,4,iccad2
NHSCAD23021.png,NHSCAD23021,NHS,3,iccad2
NHSCAD23130.png,NHSCAD23130,NHS,2,iccad2
NHSCAD21156.png,NHSCAD21156,NHS,0,iccad2
NHSCAD23246.png,NHSCAD23246,NHS,0,iccad2
NHSCAD25382.png,NHSCAD25382,NHS,2,iccad2
NHSCAD21616.png,NHSCAD21616,NHS,1,iccad2
NHSCAD23986.png,NHSCAD23986,NHS,0,iccad2
NHSCAD23135.png,NHSCAD23135,NHS,2,iccad2
HSCAD259.png,HSCAD259,HS,4,iccad2
NHSCAD24500.png,NHSCAD24500,NHS,1,iccad2
NHSCAD2673.png,NHSCAD2673,NHS,3,iccad2
NHSCAD22338.png,NHSCAD22338,NHS,1,iccad2
NHSCAD22289.png,NHSCAD22289,NHS,3,iccad2
HSCAD231.png,HSCAD231,HS,4,iccad2
NHSCAD2463.png,NHSCAD2463,NHS,1,iccad2
NHSCAD2843.png,NHSCAD2843,NHS,2,iccad2
NHSCAD24598.png,NHSCAD24598,NHS,3,iccad2
NHSCAD25073.png,NHSCAD25073,NHS,1,iccad2
NHSCAD21361.png,NHSCAD21361,NHS,3,iccad2
NHSCAD2649.png,NHSCAD2649,NHS,4,iccad2
HSCAD290.png,HSCAD290,HS,4,iccad2
NHSCAD24581.png,NHSCAD24581,NHS,0,iccad2
NHSCAD25365.png,NHSCAD25365,NHS,3,iccad2
NHSCAD22381.png,NHSCAD22381,NHS,2,iccad2
NHSCAD24392.png,NHSCAD24392,NHS,3,iccad2
NHSCAD23694.png,NHSCAD23694,NHS,3,iccad2
NHSCAD2940.png,NHSCAD2940,NHS,3,iccad2
NHSCAD22903.png,NHSCAD22903,NHS,4,iccad2
NHSCAD21335.png,NHSCAD21335,NHS,2,iccad2
NHSCAD23295.png,NHSCAD23295,NHS,2,iccad2
NHSCAD21944.png,NHSCAD21944,NHS,4,iccad2
HSCAD282.png,HSCAD282,HS,0,iccad2
NHSCAD2884.png,NHSCAD2884,NHS,3,iccad2
NHSCAD23426.png,NHSCAD23426,NHS,4,iccad2
NHSCAD22996.png,NHSCAD22996,NHS,2,iccad2
NHSCAD23778.png,NHSCAD23778,NHS,0,iccad2
NHSCAD21036.png,NHSCAD21036,NHS,0,iccad2
NHSCAD24224.png,NHSCAD24224,NHS,1,iccad2
NHSCAD21046.png,NHSCAD21046,NHS,0,iccad2
NHSCAD24024.png,NHSCAD24024,NHS,3,iccad2
NHSCAD22264.png,NHSCAD22264,NHS,1,iccad2
NHSCAD21395.png,NHSCAD21395,NHS,2,iccad2
NHSCAD21277.png,NHSCAD21277,NHS,4,iccad2
NHSCAD21942.png,NHSCAD21942,NHS,2,iccad2
NHSCAD21149.png,NHSCAD21149,NHS,2,iccad2
HSCAD21.png,HSCAD21,HS,1,iccad2
NHSCAD22734.png,NHSCAD22734,NHS,4,iccad2
NHSCAD23600.png,NHSCAD23600,NHS,1,iccad2
NHSCAD2531.png,NHSCAD2531,NHS,2,iccad2
NHSCAD24965.png,NHSCAD24965,NHS,0,iccad2
NHSCAD2947.png,NHSCAD2947,NHS,1,iccad2
NHSCAD22787.png,NHSCAD22787,NHS,1,iccad2
NHSCAD21619.png,NHSCAD21619,NHS,0,iccad2
NHSCAD25250.png,NHSCAD25250,NHS,4,iccad2
NHSCAD2560.png,NHSCAD2560,NHS,3,iccad2
HSCAD2173.png,HSCAD2173,HS,3,iccad2
NHSCAD22772.png,NHSCAD22772,NHS,0,iccad2
NHSCAD23008.png,NHSCAD23008,NHS,4,iccad2
NHSCAD21076.png,NHSCAD21076,NHS,0,iccad2
NHSCAD21412.png,NHSCAD21412,NHS,2,iccad2
NHSCAD22753.png,NHSCAD22753,NHS,0,iccad2
NHSCAD22329.png,NHSCAD22329,NHS,1,iccad2
NHSCAD25076.png,NHSCAD25076,NHS,4,iccad2
NHSCAD2662.png,NHSCAD2662,NHS,1,iccad2
NHSCAD23736.png,NHSCAD23736,NHS,1,iccad2
NHSCAD24658.png,NHSCAD24658,NHS,3,iccad2
NHSCAD21002.png,NHSCAD21002,NHS,1,iccad2
NHSCAD2941.png,NHSCAD2941,NHS,0,iccad2
NHSCAD22904.png,NHSCAD22904,NHS,4,iccad2
NHSCAD24779.png,NHSCAD24779,NHS,4,iccad2
NHSCAD23688.png,NHSCAD23688,NHS,4,iccad2
NHSCAD24700.png,NHSCAD24700,NHS,2,iccad2
NHSCAD23922.png,NHSCAD23922,NHS,0,iccad2
NHSCAD22867.png,NHSCAD22867,NHS,2,iccad2
NHSCAD2524.png,NHSCAD2524,NHS,3,iccad2
NHSCAD22618.png,NHSCAD22618,NHS,1,iccad2
NHSCAD24327.png,NHSCAD24327,NHS,1,iccad2
NHSCAD22026.png,NHSCAD22026,NHS,4,iccad2
NHSCAD23764.png,NHSCAD23764,NHS,0,iccad2
NHSCAD21037.png,NHSCAD21037,NHS,1,iccad2
NHSCAD23631.png,NHSCAD23631,NHS,0,iccad2
NHSCAD22858.png,NHSCAD22858,NHS,2,iccad2
NHSCAD24238.png,NHSCAD24238,NHS,1,iccad2
NHSCAD2312.png,NHSCAD2312,NHS,4,iccad2
NHSCAD2656.png,NHSCAD2656,NHS,0,iccad2
NHSCAD24176.png,NHSCAD24176,NHS,4,iccad2
NHSCAD21193.png,NHSCAD21193,NHS,2,iccad2
NHSCAD22467.png,NHSCAD22467,NHS,4,iccad2
NHSCAD2683.png,NHSCAD2683,NHS,1,iccad2
NHSCAD2489.png,NHSCAD2489,NHS,4,iccad2
NHSCAD23261.png,NHSCAD23261,NHS,1,iccad2
NHSCAD2615.png,NHSCAD2615,NHS,3,iccad2
NHSCAD21949.png,NHSCAD21949,NHS,4,iccad2
NHSCAD23720.png,NHSCAD23720,NHS,4,iccad2
NHSCAD21403.png,NHSCAD21403,NHS,4,iccad2
NHSCAD2267.png,NHSCAD2267,NHS,4,iccad2
NHSCAD21914.png,NHSCAD21914,NHS,3,iccad2
NHSCAD23079.png,NHSCAD23079,NHS,0,iccad2
NHSCAD22213.png,NHSCAD22213,NHS,0,iccad2
NHSCAD25109.png,NHSCAD25109,NHS,0,iccad2
NHSCAD21227.png,NHSCAD21227,NHS,1,iccad2
NHSCAD22140.png,NHSCAD22140,NHS,3,iccad2
NHSCAD2249.png,NHSCAD2249,NHS,4,iccad2
NHSCAD22513.png,NHSCAD22513,NHS,0,iccad2
NHSCAD21780.png,NHSCAD21780,NHS,0,iccad2
NHSCAD21565.png,NHSCAD21565,NHS,3,iccad2
NHSCAD24113.png,NHSCAD24113,NHS,0,iccad2
NHSCAD21010.png,NHSCAD21010,NHS,4,iccad2
NHSCAD2307.png,NHSCAD2307,NHS,1,iccad2
NHSCAD25458.png,NHSCAD25458,NHS,3,iccad2
NHSCAD21862.png,NHSCAD21862,NHS,4,iccad2
NHSCAD21271.png,NHSCAD21271,NHS,3,iccad2
NHSCAD22246.png,NHSCAD22246,NHS,1,iccad2
NHSCAD23257.png,NHSCAD23257,NHS,2,iccad2
NHSCAD23262.png,NHSCAD23262,NHS,2,iccad2
NHSCAD25140.png,NHSCAD25140,NHS,0,iccad2
NHSCAD24128.png,NHSCAD24128,NHS,0,iccad2
NHSCAD24211.png,NHSCAD24211,NHS,3,iccad2
NHSCAD24742.png,NHSCAD24742,NHS,1,iccad2
NHSCAD21297.png,NHSCAD21297,NHS,4,iccad2
NHSCAD23753.png,NHSCAD23753,NHS,4,iccad2
NHSCAD24865.png,NHSCAD24865,NHS,2,iccad2
NHSCAD24895.png,NHSCAD24895,NHS,0,iccad2
NHSCAD22535.png,NHSCAD22535,NHS,4,iccad2
NHSCAD22321.png,NHSCAD22321,NHS,3,iccad2
NHSCAD24209.png,NHSCAD24209,NHS,2,iccad2
NHSCAD24219.png,NHSCAD24219,NHS,0,iccad2
NHSCAD25405.png,NHSCAD25405,NHS,1,iccad2
HSCAD2132.png,HSCAD2132,HS,2,iccad2
NHSCAD24404.png,NHSCAD24404,NHS,2,iccad2
NHSCAD2509.png,NHSCAD2509,NHS,4,iccad2
NHSCAD2480.png,NHSCAD2480,NHS,0,iccad2
NHSCAD25449.png,NHSCAD25449,NHS,3,iccad2
NHSCAD21410.png,NHSCAD21410,NHS,1,iccad2
NHSCAD22248.png,NHSCAD22248,NHS,3,iccad2
NHSCAD25374.png,NHSCAD25374,NHS,3,iccad2
NHSCAD24440.png,NHSCAD24440,NHS,3,iccad2
NHSCAD22390.png,NHSCAD22390,NHS,1,iccad2
NHSCAD22123.png,NHSCAD22123,NHS,4,iccad2
NHSCAD22005.png,NHSCAD22005,NHS,1,iccad2
NHSCAD25035.png,NHSCAD25035,NHS,2,iccad2
NHSCAD21309.png,NHSCAD21309,NHS,1,iccad2
NHSCAD21101.png,NHSCAD21101,NHS,0,iccad2
NHSCAD22759.png,NHSCAD22759,NHS,1,iccad2
NHSCAD23895.png,NHSCAD23895,NHS,0,iccad2
NHSCAD22698.png,NHSCAD22698,NHS,0,iccad2
NHSCAD21647.png,NHSCAD21647,NHS,1,iccad2
NHSCAD2297.png,NHSCAD2297,NHS,3,iccad2
NHSCAD24251.png,NHSCAD24251,NHS,1,iccad2
NHSCAD2189.png,NHSCAD2189,NHS,2,iccad2
NHSCAD25280.png,NHSCAD25280,NHS,3,iccad2
NHSCAD25345.png,NHSCAD25345,NHS,0,iccad2
NHSCAD24536.png,NHSCAD24536,NHS,0,iccad2
NHSCAD21943.png,NHSCAD21943,NHS,3,iccad2
NHSCAD21995.png,NHSCAD21995,NHS,0,iccad2
NHSCAD25028.png,NHSCAD25028,NHS,1,iccad2
NHSCAD22897.png,NHSCAD22897,NHS,2,iccad2
NHSCAD24984.png,NHSCAD24984,NHS,1,iccad2
NHSCAD22913.png,NHSCAD22913,NHS,3,iccad2
NHSCAD2386.png,NHSCAD2386,NHS,3,iccad2
NHSCAD21326.png,NHSCAD21326,NHS,3,iccad2
HSCAD215.png,HSCAD215,HS,3,iccad2
NHSCAD22550.png,NHSCAD22550,NHS,1,iccad2
NHSCAD24410.png,NHSCAD24410,NHS,1,iccad2
NHSCAD2636.png,NHSCAD2636,NHS,0,iccad2
NHSCAD21996.png,NHSCAD21996,NHS,4,iccad2
NHSCAD24714.png,NHSCAD24714,NHS,1,iccad2
NHSCAD24923.png,NHSCAD24923,NHS,4,iccad2
NHSCAD2447.png,NHSCAD2447,NHS,2,iccad2
NHSCAD22412.png,NHSCAD22412,NHS,4,iccad2
NHSCAD24525.png,NHSCAD24525,NHS,3,iccad2
NHSCAD2221.png,NHSCAD2221,NHS,0,iccad2
HSCAD26.png,HSCAD26,HS,0,iccad2
NHSCAD23772.png,NHSCAD23772,NHS,0,iccad2
NHSCAD2305.png,NHSCAD2305,NHS,4,iccad2
NHSCAD23562.png,NHSCAD23562,NHS,3,iccad2
NHSCAD24227.png,NHSCAD24227,NHS,2,iccad2
NHSCAD2802.png,NHSCAD2802,NHS,1,iccad2
NHSCAD23077.png,NHSCAD23077,NHS,3,iccad2
NHSCAD2805.png,NHSCAD2805,NHS,4,iccad2
NHSCAD23900.png,NHSCAD23900,NHS,3,iccad2
NHSCAD2390.png,NHSCAD2390,NHS,0,iccad2
NHSCAD21417.png,NHSCAD21417,NHS,2,iccad2
NHSCAD21750.png,NHSCAD21750,NHS,0,iccad2
HSCAD2129.png,HSCAD2129,HS,4,iccad2
NHSCAD23880.png,NHSCAD23880,NHS,2,iccad2
NHSCAD22485.png,NHSCAD22485,NHS,4,iccad2
NHSCAD21118.png,NHSCAD21118,NHS,1,iccad2
NHSCAD21316.png,NHSCAD21316,NHS,3,iccad2
NHSCAD22092.png,NHSCAD22092,NHS,2,iccad2
NHSCAD23586.png,NHSCAD23586,NHS,0,iccad2
NHSCAD22160.png,NHSCAD22160,NHS,1,iccad2
NHSCAD24087.png,NHSCAD24087,NHS,3,iccad2
NHSCAD2736.png,NHSCAD2736,NHS,1,iccad2
NHSCAD24829.png,NHSCAD24829,NHS,2,iccad2
NHSCAD21952.png,NHSCAD21952,NHS,3,iccad2
NHSCAD2274.png,NHSCAD2274,NHS,0,iccad2
HSCAD2163.png,HSCAD2163,HS,2,iccad2
NHSCAD23567.png,NHSCAD23567,NHS,3,iccad2
NHSCAD22876.png,NHSCAD22876,NHS,2,iccad2
NHSCAD21644.png,NHSCAD21644,NHS,2,iccad2
NHSCAD21679.png,NHSCAD21679,NHS,3,iccad2
NHSCAD24280.png,NHSCAD24280,NHS,4,iccad2
NHSCAD25439.png,NHSCAD25439,NHS,3,iccad2
NHSCAD22766.png,NHSCAD22766,NHS,3,iccad2
NHSCAD2708.png,NHSCAD2708,NHS,0,iccad2
NHSCAD24475.png,NHSCAD24475,NHS,3,iccad2
NHSCAD24501.png,NHSCAD24501,NHS,2,iccad2
NHSCAD2831.png,NHSCAD2831,NHS,0,iccad2
NHSCAD21239.png,NHSCAD21239,NHS,4,iccad2
NHSCAD23985.png,NHSCAD23985,NHS,4,iccad2
NHSCAD24225.png,NHSCAD24225,NHS,3,iccad2
NHSCAD22910.png,NHSCAD22910,NHS,0,iccad2
NHSCAD2966.png,NHSCAD2966,NHS,0,iccad2
NHSCAD2837.png,NHSCAD2837,NHS,1,iccad2
NHSCAD2227.png,NHSCAD2227,NHS,2,iccad2
NHSCAD24449.png,NHSCAD24449,NHS,4,iccad2
NHSCAD22594.png,NHSCAD22594,NHS,3,iccad2
HSCAD221.png,HSCAD221,HS,3,iccad2
HSCAD2171.png,HSCAD2171,HS,1,iccad2
NHSCAD23518.png,NHSCAD23518,NHS,4,iccad2
NHSCAD23906.png,NHSCAD23906,NHS,3,iccad2
NHSCAD25065.png,NHSCAD25065,NHS,3,iccad2
NHSCAD21068.png,NHSCAD21068,NHS,2,iccad2
NHSCAD23120.png,NHSCAD23120,NHS,0,iccad2
NHSCAD21246.png,NHSCAD21246,NHS,0,iccad2
NHSCAD22306.png,NHSCAD22306,NHS,1,iccad2
NHSCAD25256.png,NHSCAD25256,NHS,0,iccad2
NHSCAD23555.png,NHSCAD23555,NHS,4,iccad2
NHSCAD22004.png,NHSCAD22004,NHS,0,iccad2
HSCAD279.png,HSCAD279,HS,1,iccad2
NHSCAD25132.png,NHSCAD25132,NHS,1,iccad2
NHSCAD25120.png,NHSCAD25120,NHS,3,iccad2
NHSCAD21164.png,NHSCAD21164,NHS,3,iccad2
NHSCAD2318.png,NHSCAD2318,NHS,3,iccad2
NHSCAD24108.png,NHSCAD24108,NHS,2,iccad2
NHSCAD24569.png,NHSCAD24569,NHS,1,iccad2
NHSCAD24931.png,NHSCAD24931,NHS,3,iccad2
NHSCAD21016.png,NHSCAD21016,NHS,0,iccad2
NHSCAD21771.png,NHSCAD21771,NHS,4,iccad2
NHSCAD24546.png,NHSCAD24546,NHS,3,iccad2
NHSCAD24466.png,NHSCAD24466,NHS,3,iccad2
HSCAD262.png,HSCAD262,HS,3,iccad2
NHSCAD22162.png,NHSCAD22162,NHS,4,iccad2
NHSCAD24237.png,NHSCAD24237,NHS,0,iccad2
NHSCAD2877.png,NHSCAD2877,NHS,1,iccad2
NHSCAD23919.png,NHSCAD23919,NHS,0,iccad2
NHSCAD23253.png,NHSCAD23253,NHS,3,iccad2
HSCAD2130.png,HSCAD2130,HS,3,iccad2
NHSCAD24474.png,NHSCAD24474,NHS,1,iccad2
NHSCAD25397.png,NHSCAD25397,NHS,3,iccad2
NHSCAD21243.png,NHSCAD21243,NHS,2,iccad2
NHSCAD21701.png,NHSCAD21701,NHS,1,iccad2
NHSCAD2964.png,NHSCAD2964,NHS,2,iccad2
NHSCAD22229.png,NHSCAD22229,NHS,3,iccad2
NHSCAD25305.png,NHSCAD25305,NHS,2,iccad2
NHSCAD24915.png,NHSCAD24915,NHS,1,iccad2
NHSCAD25290.png,NHSCAD25290,NHS,2,iccad2
NHSCAD2956.png,NHSCAD2956,NHS,0,iccad2
NHSCAD21295.png,NHSCAD21295,NHS,2,iccad2
NHSCAD25318.png,NHSCAD25318,NHS,0,iccad2
NHSCAD24071.png,NHSCAD24071,NHS,3,iccad2
NHSCAD22460.png,NHSCAD22460,NHS,1,iccad2
NHSCAD24415.png,NHSCAD24415,NHS,1,iccad2
NHSCAD21854.png,NHSCAD21854,NHS,0,iccad2
HSCAD229.png,HSCAD229,HS,1,iccad2
NHSCAD22905.png,NHSCAD22905,NHS,3,iccad2
NHSCAD22459.png,NHSCAD22459,NHS,2,iccad2
NHSCAD22830.png,NHSCAD22830,NHS,2,iccad2
NHSCAD24444.png,NHSCAD24444,NHS,4,iccad2
NHSCAD24297.png,NHSCAD24297,NHS,3,iccad2
NHSCAD22171.png,NHSCAD22171,NHS,4,iccad2
NHSCAD22752.png,NHSCAD22752,NHS,4,iccad2
HSCAD266.png,HSCAD266,HS,2,iccad2
NHSCAD23346.png,NHSCAD23346,NHS,2,iccad2
NHSCAD21221.png,NHSCAD21221,NHS,0,iccad2
NHSCAD21827.png,NHSCAD21827,NHS,0,iccad2
NHSCAD25308.png,NHSCAD25308,NHS,3,iccad2
NHSCAD24081.png,NHSCAD24081,NHS,0,iccad2
NHSCAD21850.png,NHSCAD21850,NHS,3,iccad2
NHSCAD21973.png,NHSCAD21973,NHS,3,iccad2
NHSCAD2938.png,NHSCAD2938,NHS,0,iccad2
NHSCAD23221.png,NHSCAD23221,NHS,3,iccad2
NHSCAD21966.png,NHSCAD21966,NHS,3,iccad2
NHSCAD2469.png,NHSCAD2469,NHS,3,iccad2
NHSCAD2890.png,NHSCAD2890,NHS,4,iccad2
NHSCAD22874.png,NHSCAD22874,NHS,3,iccad2
NHSCAD23203.png,NHSCAD23203,NHS,3,iccad2
NHSCAD21734.png,NHSCAD21734,NHS,3,iccad2
NHSCAD23263.png,NHSCAD23263,NHS,3,iccad2
NHSCAD22196.png,NHSCAD22196,NHS,4,iccad2
NHSCAD25389.png,NHSCAD25389,NHS,4,iccad2
NHSCAD2503.png,NHSCAD2503,NHS,4,iccad2
NHSCAD23126.png,NHSCAD23126,NHS,2,iccad2
NHSCAD24892.png,NHSCAD24892,NHS,2,iccad2
NHSCAD2856.png,NHSCAD2856,NHS,0,iccad2
NHSCAD21340.png,NHSCAD21340,NHS,2,iccad2
NHSCAD2718.png,NHSCAD2718,NHS,0,iccad2
NHSCAD22422.png,NHSCAD22422,NHS,2,iccad2
NHSCAD21033.png,NHSCAD21033,NHS,2,iccad2
NHSCAD21961.png,NHSCAD21961,NHS,3,iccad2
NHSCAD21749.png,NHSCAD21749,NHS,4,iccad2
NHSCAD22670.png,NHSCAD22670,NHS,0,iccad2
NHSCAD22472.png,NHSCAD22472,NHS,2,iccad2
HSCAD2160.png,HSCAD2160,HS,2,iccad2
NHSCAD24869.png,NHSCAD24869,NHS,1,iccad2
NHSCAD23474.png,NHSCAD23474,NHS,4,iccad2
NHSCAD22342.png,NHSCAD22342,NHS,1,iccad2
NHSCAD25151.png,NHSCAD25151,NHS,3,iccad2
NHSCAD21209.png,NHSCAD21209,NHS,2,iccad2
NHSCAD2670.png,NHSCAD2670,NHS,4,iccad2
NHSCAD24542.png,NHSCAD24542,NHS,2,iccad2
NHSCAD22776.png,NHSCAD22776,NHS,4,iccad2
NHSCAD21189.png,NHSCAD21189,NHS,4,iccad2
NHSCAD24446.png,NHSCAD24446,NHS,1,iccad2
NHSCAD21583.png,NHSCAD21583,NHS,4,iccad2
NHSCAD22234.png,NHSCAD22234,NHS,4,iccad2
NHSCAD23964.png,NHSCAD23964,NHS,1,iccad2
NHSCAD21074.png,NHSCAD21074,NHS,3,iccad2
NHSCAD24733.png,NHSCAD24733,NHS,1,iccad2
NHSCAD24153.png,NHSCAD24153,NHS,2,iccad2
NHSCAD24630.png,NHSCAD24630,NHS,3,iccad2
NHSCAD22654.png,NHSCAD22654,NHS,1,iccad2
NHSCAD22817.png,NHSCAD22817,NHS,4,iccad2
NHSCAD24862.png,NHSCAD24862,NHS,4,iccad2
NHSCAD24689.png,NHSCAD24689,NHS,0,iccad2
NHSCAD22557.png,NHSCAD22557,NHS,3,iccad2
NHSCAD22915.png,NHSCAD22915,NHS,0,iccad2
NHSCAD21485.png,NHSCAD21485,NHS,4,iccad2
HSCAD294.png,HSCAD294,HS,2,iccad2
NHSCAD23092.png,NHSCAD23092,NHS,0,iccad2
NHSCAD24775.png,NHSCAD24775,NHS,2,iccad2
NHSCAD22035.png,NHSCAD22035,NHS,4,iccad2
NHSCAD22228.png,NHSCAD22228,NHS,0,iccad2
NHSCAD25347.png,NHSCAD25347,NHS,3,iccad2
NHSCAD24719.png,NHSCAD24719,NHS,4,iccad2
NHSCAD22446.png,NHSCAD22446,NHS,0,iccad2
NHSCAD25006.png,NHSCAD25006,NHS,4,iccad2
NHSCAD23734.png,NHSCAD23734,NHS,4,iccad2
NHSCAD25238.png,NHSCAD25238,NHS,0,iccad2
NHSCAD21988.png,NHSCAD21988,NHS,2,iccad2
NHSCAD24688.png,NHSCAD24688,NHS,4,iccad2
NHSCAD22834.png,NHSCAD22834,NHS,0,iccad2
NHSCAD24506.png,NHSCAD24506,NHS,2,iccad2
NHSCAD2599.png,NHSCAD2599,NHS,2,iccad2
NHSCAD24338.png,NHSCAD24338,NHS,3,iccad2
NHSCAD25201.png,NHSCAD25201,NHS,1,iccad2
NHSCAD25217.png,NHSCAD25217,NHS,3,iccad2
NHSCAD24651.png,NHSCAD24651,NHS,0,iccad2
NHSCAD2181.png,NHSCAD2181,NHS,3,iccad2
NHSCAD24279.png,NHSCAD24279,NHS,0,iccad2
NHSCAD23142.png,NHSCAD23142,NHS,3,iccad2
NHSCAD22453.png,NHSCAD22453,NHS,4,iccad2
NHSCAD23531.png,NHSCAD23531,NHS,4,iccad2
NHSCAD2409.png,NHSCAD2409,NHS,2,iccad2
NHSCAD22814.png,NHSCAD22814,NHS,0,iccad2
NHSCAD25026.png,NHSCAD25026,NHS,2,iccad2
NHSCAD22189.png,NHSCAD22189,NHS,2,iccad2
NHSCAD24215.png,NHSCAD24215,NHS,1,iccad2
HSCAD226.png,HSCAD226,HS,3,iccad2
NHSCAD23578.png,NHSCAD23578,NHS,1,iccad2
NHSCAD2355.png,NHSCAD2355,NHS,0,iccad2
NHSCAD23748.png,NHSCAD23748,NHS,3,iccad2
NHSCAD2639.png,NHSCAD2639,NHS,4,iccad2
NHSCAD21602.png,NHSCAD21602,NHS,2,iccad2
HSCAD299.png,HSCAD299,HS,3,iccad2
NHSCAD2746.png,NHSCAD2746,NHS,1,iccad2
NHSCAD24717.png,NHSCAD24717,NHS,4,iccad2
NHSCAD22951.png,NHSCAD22951,NHS,4,iccad2
NHSCAD2420.png,NHSCAD2420,NHS,2,iccad2
NHSCAD21630.png,NHSCAD21630,NHS,3,iccad2
NHSCAD23847.png,NHSCAD23847,NHS,4,iccad2
NHSCAD25355.png,NHSCAD25355,NHS,2,iccad2
NHSCAD21009.png,NHSCAD21009,NHS,3,iccad2
NHSCAD23018.png,NHSCAD23018,NHS,4,iccad2
NHSCAD22128.png,NHSCAD22128,NHS,1,iccad2
NHSCAD24183.png,NHSCAD24183,NHS,1,iccad2
NHSCAD22797.png,NHSCAD22797,NHS,2,iccad2
NHSCAD24646.png,NHSCAD24646,NHS,4,iccad2
NHSCAD22994.png,NHSCAD22994,NHS,1,iccad2
NHSCAD21838.png,NHSCAD21838,NHS,1,iccad2
NHSCAD2608.png,NHSCAD2608,NHS,1,iccad2
NHSCAD21228.png,NHSCAD21228,NHS,3,iccad2
NHSCAD22699.png,NHSCAD22699,NHS,2,iccad2
NHSCAD22366.png,NHSCAD22366,NHS,1,iccad2
NHSCAD24315.png,NHSCAD24315,NHS,3,iccad2
NHSCAD23797.png,NHSCAD23797,NHS,1,iccad2
HSCAD2123.png,HSCAD2123,HS,3,iccad2
NHSCAD23150.png,NHSCAD23150,NHS,1,iccad2
NHSCAD24544.png,NHSCAD24544,NHS,4,iccad2
NHSCAD22743.png,NHSCAD22743,NHS,4,iccad2
NHSCAD22163.png,NHSCAD22163,NHS,3,iccad2
NHSCAD25276.png,NHSCAD25276,NHS,3,iccad2
NHSCAD22294.png,NHSCAD22294,NHS,4,iccad2
NHSCAD23134.png,NHSCAD23134,NHS,0,iccad2
NHSCAD22144.png,NHSCAD22144,NHS,4,iccad2
NHSCAD24706.png,NHSCAD24706,NHS,3,iccad2
NHSCAD2688.png,NHSCAD2688,NHS,1,iccad2
NHSCAD25025.png,NHSCAD25025,NHS,4,iccad2
NHSCAD24543.png,NHSCAD24543,NHS,3,iccad2
NHSCAD23749.png,NHSCAD23749,NHS,4,iccad2
NHSCAD23260.png,NHSCAD23260,NHS,0,iccad2
NHSCAD21098.png,NHSCAD21098,NHS,2,iccad2
NHSCAD21925.png,NHSCAD21925,NHS,4,iccad2
HSCAD269.png,HSCAD269,HS,0,iccad2
NHSCAD24593.png,NHSCAD24593,NHS,3,iccad2
NHSCAD24924.png,NHSCAD24924,NHS,0,iccad2
NHSCAD24891.png,NHSCAD24891,NHS,1,iccad2
NHSCAD24629.png,NHSCAD24629,NHS,0,iccad2
NHSCAD23897.png,NHSCAD23897,NHS,4,iccad2
HSCAD238.png,HSCAD238,HS,1,iccad2
NHSCAD2733.png,NHSCAD2733,NHS,4,iccad2
NHSCAD21210.png,NHSCAD21210,NHS,4,iccad2
NHSCAD24313.png,NHSCAD24313,NHS,1,iccad2
NHSCAD2578.png,NHSCAD2578,NHS,1,iccad2
NHSCAD22694.png,NHSCAD22694,NHS,2,iccad2
NHSCAD21042.png,NHSCAD21042,NHS,1,iccad2
NHSCAD23402.png,NHSCAD23402,NHS,3,iccad2
NHSCAD24377.png,NHSCAD24377,NHS,0,iccad2
NHSCAD21513.png,NHSCAD21513,NHS,1,iccad2
NHSCAD22849.png,NHSCAD22849,NHS,2,iccad2
NHSCAD21213.png,NHSCAD21213,NHS,1,iccad2
NHSCAD24736.png,NHSCAD24736,NHS,0,iccad2
NHSCAD21955.png,NHSCAD21955,NHS,1,iccad2
NHSCAD22237.png,NHSCAD22237,NHS,1,iccad2
NHSCAD2611.png,NHSCAD2611,NHS,1,iccad2
NHSCAD21463.png,NHSCAD21463,NHS,1,iccad2
NHSCAD24082.png,NHSCAD24082,NHS,4,iccad2
NHSCAD22962.png,NHSCAD22962,NHS,1,iccad2
NHSCAD2903.png,NHSCAD2903,NHS,2,iccad2
NHSCAD2535.png,NHSCAD2535,NHS,0,iccad2
NHSCAD2889.png,NHSCAD2889,NHS,2,iccad2
NHSCAD21125.png,NHSCAD21125,NHS,4,iccad2
NHSCAD21746.png,NHSCAD21746,NHS,0,iccad2
NHSCAD21093.png,NHSCAD21093,NHS,3,iccad2
NHSCAD2323.png,NHSCAD2323,NHS,2,iccad2
NHSCAD21373.png,NHSCAD21373,NHS,0,iccad2
NHSCAD23368.png,NHSCAD23368,NHS,0,iccad2
NHSCAD21909.png,NHSCAD21909,NHS,0,iccad2
NHSCAD21728.png,NHSCAD21728,NHS,2,iccad2
NHSCAD21986.png,NHSCAD21986,NHS,0,iccad2
NHSCAD2308.png,NHSCAD2308,NHS,1,iccad2
NHSCAD2989.png,NHSCAD2989,NHS,4,iccad2
NHSCAD2801.png,NHSCAD2801,NHS,0,iccad2
NHSCAD22076.png,NHSCAD22076,NHS,1,iccad2
NHSCAD2812.png,NHSCAD2812,NHS,1,iccad2
HSCAD235.png,HSCAD235,HS,3,iccad2
NHSCAD24259.png,NHSCAD24259,NHS,2,iccad2
NHSCAD22543.png,NHSCAD22543,NHS,3,iccad2
NHSCAD24875.png,NHSCAD24875,NHS,2,iccad2
NHSCAD24789.png,NHSCAD24789,NHS,4,iccad2
NHSCAD22491.png,NHSCAD22491,NHS,3,iccad2
NHSCAD21034.png,NHSCAD21034,NHS,3,iccad2
NHSCAD24451.png,NHSCAD24451,NHS,3,iccad2
NHSCAD22645.png,NHSCAD22645,NHS,1,iccad2
NHSCAD25295.png,NHSCAD25295,NHS,2,iccad2
NHSCAD24339.png,NHSCAD24339,NHS,0,iccad2
NHSCAD23731.png,NHSCAD23731,NHS,1,iccad2
NHSCAD21119.png,NHSCAD21119,NHS,2,iccad2
NHSCAD24790.png,NHSCAD24790,NHS,0,iccad2
NHSCAD2674.png,NHSCAD2674,NHS,2,iccad2
NHSCAD2749.png,NHSCAD2749,NHS,4,iccad2
NHSCAD23290.png,NHSCAD23290,NHS,2,iccad2
NHSCAD2645.png,NHSCAD2645,NHS,3,iccad2
NHSCAD23686.png,NHSCAD23686,NHS,1,iccad2
NHSCAD21787.png,NHSCAD21787,NHS,2,iccad2
NHSCAD22141.png,NHSCAD22141,NHS,0,iccad2
NHSCAD22611.png,NHSCAD22611,NHS,2,iccad2
NHSCAD24907.png,NHSCAD24907,NHS,2,iccad2
NHSCAD25112.png,NHSCAD25112,NHS,4,iccad2
NHSCAD21831.png,NHSCAD21831,NHS,0,iccad2
NHSCAD24695.png,NHSCAD24695,NHS,1,iccad2
NHSCAD23109.png,NHSCAD23109,NHS,3,iccad2
NHSCAD22384.png,NHSCAD22384,NHS,0,iccad2
NHSCAD24171.png,NHSCAD24171,NHS,2,iccad2
NHSCAD24730.png,NHSCAD24730,NHS,3,iccad2
NHSCAD2520.png,NHSCAD2520,NHS,4,iccad2
NHSCAD23799.png,NHSCAD23799,NHS,4,iccad2
HSCAD219.png,HSCAD219,HS,0,iccad2
NHSCAD23878.png,NHSCAD23878,NHS,3,iccad2
NHSCAD21991.png,NHSCAD21991,NHS,1,iccad2
NHSCAD23273.png,NHSCAD23273,NHS,4,iccad2
NHSCAD25371.png,NHSCAD25371,NHS,1,iccad2
NHSCAD21802.png,NHSCAD21802,NHS,2,iccad2
NHSCAD24252.png,NHSCAD24252,NHS,3,iccad2
NHSCAD2258.png,NHSCAD2258,NHS,3,iccad2
NHSCAD25286.png,NHSCAD25286,NHS,2,iccad2
NHSCAD21313.png,NHSCAD21313,NHS,0,iccad2
NHSCAD23490.png,NHSCAD23490,NHS,4,iccad2
NHSCAD2586.png,NHSCAD2586,NHS,4,iccad2
NHSCAD24999.png,NHSCAD24999,NHS,2,iccad2
NHSCAD22365.png,NHSCAD22365,NHS,0,iccad2
NHSCAD21353.png,NHSCAD21353,NHS,0,iccad2
NHSCAD25222.png,NHSCAD25222,NHS,4,iccad2
NHSCAD25015.png,NHSCAD25015,NHS,4,iccad2
NHSCAD2239.png,NHSCAD2239,NHS,1,iccad2
NHSCAD25426.png,NHSCAD25426,NHS,4,iccad2
NHSCAD21654.png,NHSCAD21654,NHS,3,iccad2
NHSCAD23019.png,NHSCAD23019,NHS,0,iccad2
NHSCAD21135.png,NHSCAD21135,NHS,4,iccad2
NHSCAD22122.png,NHSCAD22122,NHS,0,iccad2
NHSCAD25338.png,NHSCAD25338,NHS,4,iccad2
NHSCAD24364.png,NHSCAD24364,NHS,1,iccad2
NHSCAD23115.png,NHSCAD23115,NHS,0,iccad2
NHSCAD22855.png,NHSCAD22855,NHS,1,iccad2
NHSCAD23762.png,NHSCAD23762,NHS,4,iccad2
NHSCAD24398.png,NHSCAD24398,NHS,3,iccad2
NHSCAD22425.png,NHSCAD22425,NHS,3,iccad2
HSCAD297.png,HSCAD297,HS,1,iccad2
NHSCAD25192.png,NHSCAD25192,NHS,1,iccad2
NHSCAD21462.png,NHSCAD21462,NHS,2,iccad2
NHSCAD22235.png,NHSCAD22235,NHS,2,iccad2
NHSCAD24481.png,NHSCAD24481,NHS,0,iccad2
NHSCAD24229.png,NHSCAD24229,NHS,1,iccad2
NHSCAD21443.png,NHSCAD21443,NHS,2,iccad2
NHSCAD23237.png,NHSCAD23237,NHS,0,iccad2
NHSCAD23869.png,NHSCAD23869,NHS,3,iccad2
NHSCAD23548.png,NHSCAD23548,NHS,2,iccad2
NHSCAD23443.png,NHSCAD23443,NHS,2,iccad2
NHSCAD2866.png,NHSCAD2866,NHS,0,iccad2
NHSCAD25051.png,NHSCAD25051,NHS,3,iccad2
NHSCAD21222.png,NHSCAD21222,NHS,1,iccad2
NHSCAD2933.png,NHSCAD2933,NHS,0,iccad2
NHSCAD23579.png,NHSCAD23579,NHS,4,iccad2
NHSCAD25178.png,NHSCAD25178,NHS,1,iccad2
NHSCAD24565.png,NHSCAD24565,NHS,2,iccad2
HSCAD2122.png,HSCAD2122,HS,2,iccad2
NHSCAD22686.png,NHSCAD22686,NHS,1,iccad2
NHSCAD23943.png,NHSCAD23943,NHS,3,iccad2
NHSCAD23413.png,NHSCAD23413,NHS,2,iccad2
NHSCAD22377.png,NHSCAD22377,NHS,3,iccad2
NHSCAD24601.png,NHSCAD24601,NHS,1,iccad2
NHSCAD24035.png,NHSCAD24035,NHS,2,iccad2
NHSCAD23265.png,NHSCAD23265,NHS,0,iccad2
NHSCAD22631.png,NHSCAD22631,NHS,1,iccad2
NHSCAD2261.png,NHSCAD2261,NHS,4,iccad2
NHSCAD25240.png,NHSCAD25240,NHS,2,iccad2
NHSCAD22894.png,NHSCAD22894,NHS,4,iccad2
NHSCAD22308.png,NHSCAD22308,NHS,3,iccad2
NHSCAD21111.png,NHSCAD21111,NHS,2,iccad2
NHSCAD25247.png,NHSCAD25247,NHS,0,iccad2
NHSCAD22979.png,NHSCAD22979,NHS,3,iccad2
NHSCAD24276.png,NHSCAD24276,NHS,4,iccad2
NHSCAD24621.png,NHSCAD24621,NHS,3,iccad2
NHSCAD21055.png,NHSCAD21055,NHS,4,iccad2
NHSCAD22531.png,NHSCAD22531,NHS,0,iccad2
NHSCAD21968.png,NHSCAD21968,NHS,0,iccad2
NHSCAD22333.png,NHSCAD22333,NHS,1,iccad2
NHSCAD24131.png,NHSCAD24131,NHS,0,iccad2
NHSCAD22126.png,NHSCAD22126,NHS,2,iccad2
NHSCAD2248.png,NHSCAD2248,NHS,1,iccad2
NHSCAD22697.png,NHSCAD22697,NHS,4,iccad2
NHSCAD22971.png,NHSCAD22971,NHS,1,iccad2
NHSCAD2669.png,NHSCAD2669,NHS,3,iccad2
NHSCAD23893.png,NHSCAD23893,NHS,1,iccad2
NHSCAD2954.png,NHSCAD2954,NHS,2,iccad2
NHSCAD24557.png,NHSCAD24557,NHS,2,iccad2
NHSCAD24974.png,NHSCAD24974,NHS,0,iccad2
NHSCAD2337.png,NHSCAD2337,NHS,3,iccad2
NHSCAD22174.png,NHSCAD22174,NHS,1,iccad2
NHSCAD23984.png,NHSCAD23984,NHS,3,iccad2
NHSCAD25128.png,NHSCAD25128,NHS,1,iccad2
NHSCAD24810.png,NHSCAD24810,NHS,3,iccad2
NHSCAD2604.png,NHSCAD2604,NHS,2,iccad2
NHSCAD21811.png,NHSCAD21811,NHS,2,iccad2
NHSCAD22578.png,NHSCAD22578,NHS,0,iccad2
NHSCAD25045.png,NHSCAD25045,NHS,0,iccad2
NHSCAD21548.png,NHSCAD21548,NHS,0,iccad2
NHSCAD2382.png,NHSCAD2382,NHS,0,iccad2
NHSCAD22742.png,NHSCAD22742,NHS,3,iccad2
NHSCAD22403.png,NHSCAD22403,NHS,4,iccad2
NHSCAD22728.png,NHSCAD22728,NHS,2,iccad2
NHSCAD25017.png,NHSCAD25017,NHS,2,iccad2
NHSCAD23950.png,NHSCAD23950,NHS,1,iccad2
NHSCAD23860.png,NHSCAD23860,NHS,4,iccad2
NHSCAD23460.png,NHSCAD23460,NHS,2,iccad2
NHSCAD25100.png,NHSCAD25100,NHS,1,iccad2
NHSCAD2743.png,NHSCAD2743,NHS,3,iccad2
NHSCAD24490.png,NHSCAD24490,NHS,0,iccad2
NHSCAD23875.png,NHSCAD23875,NHS,1,iccad2
NHSCAD23710.png,NHSCAD23710,NHS,3,iccad2
NHSCAD21589.png,NHSCAD21589,NHS,0,iccad2
NHSCAD24649.png,NHSCAD24649,NHS,3,iccad2
HSCAD2159.png,HSCAD2159,HS,3,iccad2
NHSCAD21278.png,NHSCAD21278,NHS,0,iccad2
NHSCAD21083.png,NHSCAD21083,NHS,1,iccad2
NHSCAD23695.png,NHSCAD23695,NHS,1,iccad2
NHSCAD24946.png,NHSCAD24946,NHS,4,iccad2
HSCAD277.png,HSCAD277,HS,4,iccad2
HSCAD2105.png,HSCAD2105,HS,3,iccad2
NHSCAD24196.png,NHSCAD24196,NHS,0,iccad2
NHSCAD24375.png,NHSCAD24375,NHS,3,iccad2
NHSCAD25450.png,NHSCAD25450,NHS,0,iccad2
NHSCAD21126.png,NHSCAD21126,NHS,0,iccad2
HSCAD2115.png,HSCAD2115,HS,4,iccad2
NHSCAD24705.png,NHSCAD24705,NHS,2,iccad2
NHSCAD24228.png,NHSCAD24228,NHS,0,iccad2
NHSCAD22396.png,NHSCAD22396,NHS,2,iccad2
NHSCAD23326.png,NHSCAD23326,NHS,1,iccad2
NHSCAD24199.png,NHSCAD24199,NHS,4,iccad2
HSCAD261.png,HSCAD261,HS,2,iccad2
NHSCAD22120.png,NHSCAD22120,NHS,3,iccad2
NHSCAD25283.png,NHSCAD25283,NHS,0,iccad2
NHSCAD21318.png,NHSCAD21318,NHS,0,iccad2
NHSCAD22639.png,NHSCAD22639,NHS,2,iccad2
NHSCAD2603.png,NHSCAD2603,NHS,1,iccad2
NHSCAD24262.png,NHSCAD24262,NHS,4,iccad2
NHSCAD23356.png,NHSCAD23356,NHS,3,iccad2
NHSCAD2834.png,NHSCAD2834,NHS,3,iccad2
NHSCAD21275.png,NHSCAD21275,NHS,4,iccad2
NHSCAD2902.png,NHSCAD2902,NHS,1,iccad2
NHSCAD2987.png,NHSCAD2987,NHS,2,iccad2
NHSCAD24429.png,NHSCAD24429,NHS,0,iccad2
NHSCAD21186.png,NHSCAD21186,NHS,0,iccad2
NHSCAD2575.png,NHSCAD2575,NHS,3,iccad2
NHSCAD22277.png,NHSCAD22277,NHS,0,iccad2
NHSCAD23170.png,NHSCAD23170,NHS,3,iccad2
NHSCAD22009.png,NHSCAD22009,NHS,0,iccad2
NHSCAD21319.png,NHSCAD21319,NHS,1,iccad2
NHSCAD2643.png,NHSCAD2643,NHS,2,iccad2
NHSCAD22840.png,NHSCAD22840,NHS,1,iccad2
NHSCAD21880.png,NHSCAD21880,NHS,2,iccad2
NHSCAD22501.png,NHSCAD22501,NHS,0,iccad2
NHSCAD25075.png,NHSCAD25075,NHS,3,iccad2
NHSCAD25052.png,NHSCAD25052,NHS,4,iccad2
NHSCAD23773.png,NHSCAD23773,NHS,1,iccad2
NHSCAD21085.png,NHSCAD21085,NHS,3,iccad2
NHSCAD24926.png,NHSCAD24926,NHS,2,iccad2
NHSCAD22368.png,NHSCAD22368,NHS,3,iccad2
NHSCAD2378.png,NHSCAD2378,NHS,3,iccad2
NHSCAD2446.png,NHSCAD2446,NHS,1,iccad2
NHSCAD25070.png,NHSCAD25070,NHS,3,iccad2
NHSCAD23723.png,NHSCAD23723,NHS,2,iccad2
NHSCAD21419.png,NHSCAD21419,NHS,4,iccad2
HSCAD289.png,HSCAD289,HS,2,iccad2
NHSCAD23279.png,NHSCAD23279,NHS,4,iccad2
NHSCAD2757.png,NHSCAD2757,NHS,2,iccad2
NHSCAD22138.png,NHSCAD22138,NHS,2,iccad2
NHSCAD23383.png,NHSCAD23383,NHS,3,iccad2
NHSCAD24397.png,NHSCAD24397,NHS,2,iccad2
NHSCAD25316.png,NHSCAD25316,NHS,1,iccad2
NHSCAD23918.png,NHSCAD23918,NHS,2,iccad2
NHSCAD24980.png,NHSCAD24980,NHS,2,iccad2
NHSCAD22334.png,NHSCAD22334,NHS,2,iccad2
NHSCAD23581.png,NHSCAD23581,NHS,0,iccad2
NHSCAD2259.png,NHSCAD2259,NHS,3,iccad2
NHSCAD22494.png,NHSCAD22494,NHS,4,iccad2
NHSCAD25146.png,NHSCAD25146,NHS,1,iccad2
NHSCAD24026.png,NHSCAD24026,NHS,2,iccad2
NHSCAD23658.png,NHSCAD23658,NHS,4,iccad2
NHSCAD24142.png,NHSCAD24142,NHS,3,iccad2
NHSCAD22832.png,NHSCAD22832,NHS,3,iccad2
NHSCAD2930.png,NHSCAD2930,NHS,3,iccad2
NHSCAD25055.png,NHSCAD25055,NHS,1,iccad2
NHSCAD23315.png,NHSCAD23315,NHS,4,iccad2
NHSCAD25210.png,NHSCAD25210,NHS,1,iccad2
NHSCAD25412.png,NHSCAD25412,NHS,4,iccad2
NHSCAD24953.png,NHSCAD24953,NHS,2,iccad2
NHSCAD22988.png,NHSCAD22988,NHS,3,iccad2
NHSCAD21912.png,NHSCAD21912,NHS,2,iccad2
NHSCAD2269.png,NHSCAD2269,NHS,2,iccad2
NHSCAD22415.png,NHSCAD22415,NHS,1,iccad2
NHSCAD22889.png,NHSCAD22889,NHS,1,iccad2
NHSCAD24296.png,NHSCAD24296,NHS,2,iccad2
NHSCAD24777.png,NHSCAD24777,NHS,0,iccad2
NHSCAD23100.png,NHSCAD23100,NHS,4,iccad2
NHSCAD2734.png,NHSCAD2734,NHS,0,iccad2
NHSCAD23506.png,NHSCAD23506,NHS,1,iccad2
NHSCAD22872.png,NHSCAD22872,NHS,0,iccad2
NHSCAD22667.png,NHSCAD22667,NHS,2,iccad2
NHSCAD2996.png,NHSCAD2996,NHS,0,iccad2
NHSCAD25415.png,NHSCAD25415,NHS,2,iccad2
NHSCAD21072.png,NHSCAD21072,NHS,1,iccad2
NHSCAD23914.png,NHSCAD23914,NHS,1,iccad2
NHSCAD24379.png,NHSCAD24379,NHS,2,iccad2
NHSCAD2377.png,NHSCAD2377,NHS,2,iccad2
NHSCAD23832.png,NHSCAD23832,NHS,4,iccad2
NHSCAD22401.png,NHSCAD22401,NHS,2,iccad2
NHSCAD24223.png,NHSCAD24223,NHS,0,iccad2
NHSCAD2218.png,NHSCAD2218,NHS,2,iccad2
NHSCAD2886.png,NHSCAD2886,NHS,0,iccad2
HSCAD280.png,HSCAD280,HS,3,iccad2
NHSCAD22564.png,NHSCAD22564,NHS,1,iccad2
NHSCAD25179.png,NHSCAD25179,NHS,2,iccad2
NHSCAD23192.png,NHSCAD23192,NHS,1,iccad2
NHSCAD23783.png,NHSCAD23783,NHS,4,iccad2
NHSCAD22643.png,NHSCAD22643,NHS,2,iccad2
NHSCAD21608.png,NHSCAD21608,NHS,4,iccad2
NHSCAD23076.png,NHSCAD23076,NHS,3,iccad2
NHSCAD2942.png,NHSCAD2942,NHS,1,iccad2
NHSCAD23091.png,NHSCAD23091,NHS,4,iccad2
NHSCAD23415.png,NHSCAD23415,NHS,1,iccad2
NHSCAD22112.png,NHSCAD22112,NHS,4,iccad2
NHSCAD2547.png,NHSCAD2547,NHS,0,iccad2
NHSCAD22985.png,NHSCAD22985,NHS,1,iccad2
NHSCAD21806.png,NHSCAD21806,NHS,1,iccad2
NHSCAD24549.png,NHSCAD24549,NHS,4,iccad2
NHSCAD21549.png,NHSCAD21549,NHS,3,iccad2
NHSCAD21927.png,NHSCAD21927,NHS,0,iccad2
NHSCAD22367.png,NHSCAD22367,NHS,2,iccad2
NHSCAD25436.png,NHSCAD25436,NHS,0,iccad2
NHSCAD21937.png,NHSCAD21937,NHS,1,iccad2
NHSCAD2659.png,NHSCAD2659,NHS,4,iccad2
NHSCAD21437.png,NHSCAD21437,NHS,1,iccad2
NHSCAD24137.png,NHSCAD24137,NHS,1,iccad2
NHSCAD23667.png,NHSCAD23667,NHS,4,iccad2
NHSCAD22042.png,NHSCAD22042,NHS,0,iccad2
NHSCAD23813.png,NHSCAD23813,NHS,3,iccad2
NHSCAD22449.png,NHSCAD22449,NHS,4,iccad2
NHSCAD22688.png,NHSCAD22688,NHS,4,iccad2
NHSCAD25168.png,NHSCAD25168,NHS,0,iccad2
NHSCAD24060.png,NHSCAD24060,NHS,1,iccad2
NHSCAD23675.png,NHSCAD23675,NHS,2,iccad2
NHSCAD25082.png,NHSCAD25082,NHS,1,iccad2
NHSCAD23306.png,NHSCAD23306,NHS,4,iccad2
NHSCAD23784.png,NHSCAD23784,NHS,2,iccad2
NHSCAD2519.png,NHSCAD2519,NHS,3,iccad2
NHSCAD2335.png,NHSCAD2335,NHS,0,iccad2
NHSCAD24608.png,NHSCAD24608,NHS,3,iccad2
NHSCAD21484.png,NHSCAD21484,NHS,3,iccad2
NHSCAD2979.png,NHSCAD2979,NHS,2,iccad2
NHSCAD21054.png,NHSCAD21054,NHS,3,iccad2
NHSCAD21843.png,NHSCAD21843,NHS,2,iccad2
NHSCAD25118.png,NHSCAD25118,NHS,0,iccad2
NHSCAD21876.png,NHSCAD21876,NHS,2,iccad2
NHSCAD25416.png,NHSCAD25416,NHS,3,iccad2
NHSCAD21584.png,NHSCAD21584,NHS,0,iccad2
NHSCAD2761.png,NHSCAD2761,NHS,1,iccad2
NHSCAD2912.png,NHSCAD2912,NHS,0,iccad2
NHSCAD23024.png,NHSCAD23024,NHS,1,iccad2
NHSCAD24288.png,NHSCAD24288,NHS,3,iccad2
NHSCAD23387.png,NHSCAD23387,NHS,2,iccad2
NHSCAD23400.png,NHSCAD23400,NHS,1,iccad2
NHSCAD24575.png,NHSCAD24575,NHS,3,iccad2
NHSCAD23991.png,NHSCAD23991,NHS,1,iccad2
NHSCAD2928.png,NHSCAD2928,NHS,1,iccad2
NHSCAD23687.png,NHSCAD23687,NHS,2,iccad2
NHSCAD2862.png,NHSCAD2862,NHS,1,iccad2
NHSCAD23585.png,NHSCAD23585,NHS,3,iccad2
NHSCAD25444.png,NHSCAD25444,NHS,3,iccad2
NHSCAD24247.png,NHSCAD24247,NHS,1,iccad2
NHSCAD24908.png,NHSCAD24908,NHS,3,iccad2
NHSCAD21931.png,NHSCAD21931,NHS,0,iccad2
NHSCAD23973.png,NHSCAD23973,NHS,1,iccad2
HSCAD227.png,HSCAD227,HS,4,iccad2
NHSCAD21797.png,NHSCAD21797,NHS,1,iccad2
NHSCAD23564.png,NHSCAD23564,NHS,1,iccad2
NHSCAD22326.png,NHSCAD22326,NHS,3,iccad2
NHSCAD21664.png,NHSCAD21664,NHS,3,iccad2
NHSCAD24740.png,NHSCAD24740,NHS,0,iccad2
HSCAD2117.png,HSCAD2117,HS,1,iccad2
NHSCAD23602.png,NHSCAD23602,NHS,2,iccad2
NHSCAD21820.png,NHSCAD21820,NHS,2,iccad2
NHSCAD21133.png,NHSCAD21133,NHS,1,iccad2
NHSCAD23322.png,NHSCAD23322,NHS,0,iccad2
NHSCAD24494.png,NHSCAD24494,NHS,4,iccad2
NHSCAD24794.png,NHSCAD24794,NHS,3,iccad2
NHSCAD23299.png,NHSCAD23299,NHS,1,iccad2
NHSCAD25123.png,NHSCAD25123,NHS,0,iccad2
NHSCAD25085.png,NHSCAD25085,NHS,4,iccad2
NHSCAD24918.png,NHSCAD24918,NHS,4,iccad2
NHSCAD21830.png,NHSCAD21830,NHS,4,iccad2
NHSCAD2767.png,NHSCAD2767,NHS,2,iccad2
NHSCAD23464.png,NHSCAD23464,NHS,0,iccad2
NHSCAD22837.png,NHSCAD22837,NHS,3,iccad2
NHSCAD22551.png,NHSCAD22551,NHS,2,iccad2
NHSCAD21947.png,NHSCAD21947,NHS,2,iccad2
NHSCAD22241.png,NHSCAD22241,NHS,1,iccad2
NHSCAD21915.png,NHSCAD21915,NHS,4,iccad2
NHSCAD21079.png,NHSCAD21079,NHS,3,iccad2
NHSCAD23539.png,NHSCAD23539,NHS,2,iccad2
NHSCAD21861.png,NHSCAD21861,NHS,2,iccad2
NHSCAD21514.png,NHSCAD21514,NHS,2,iccad2
NHSCAD21826.png,NHSCAD21826,NHS,4,iccad2
NHSCAD22173.png,NHSCAD22173,NHS,0,iccad2
NHSCAD21763.png,NHSCAD21763,NHS,1,iccad2
NHSCAD24144.png,NHSCAD24144,NHS,2,iccad2
NHSCAD21675.png,NHSCAD21675,NHS,4,iccad2
NHSCAD24424.png,NHSCAD24424,NHS,1,iccad2
NHSCAD24232.png,NHSCAD24232,NHS,0,iccad2
NHSCAD22790.png,NHSCAD22790,NHS,2,iccad2
NHSCAD2703.png,NHSCAD2703,NHS,0,iccad2
NHSCAD23941.png,NHSCAD23941,NHS,1,iccad2
NHSCAD23059.png,NHSCAD23059,NHS,4,iccad2
NHSCAD23620.png,NHSCAD23620,NHS,4,iccad2
NHSCAD24289.png,NHSCAD24289,NHS,0,iccad2
NHSCAD2971.png,NHSCAD2971,NHS,0,iccad2
NHSCAD2652.png,NHSCAD2652,NHS,1,iccad2
NHSCAD21225.png,NHSCAD21225,NHS,3,iccad2
NHSCAD2570.png,NHSCAD2570,NHS,3,iccad2
NHSCAD21758.png,NHSCAD21758,NHS,4,iccad2
NHSCAD25067.png,NHSCAD25067,NHS,2,iccad2
NHSCAD2236.png,NHSCAD2236,NHS,4,iccad2
NHSCAD22323.png,NHSCAD22323,NHS,0,iccad2
NHSCAD25033.png,NHSCAD25033,NHS,3,iccad2
NHSCAD24434.png,NHSCAD24434,NHS,4,iccad2
NHSCAD21372.png,NHSCAD21372,NHS,4,iccad2
NHSCAD23595.png,NHSCAD23595,NHS,0,iccad2
HSCAD220.png,HSCAD220,HS,2,iccad2
NHSCAD24063.png,NHSCAD24063,NHS,4,iccad2
NHSCAD22166.png,NHSCAD22166,NHS,2,iccad2
NHSCAD23525.png,NHSCAD23525,NHS,2,iccad2
HSCAD20.png,HSCAD20,HS,0,iccad2
NHSCAD21897.png,NHSCAD21897,NHS,4,iccad2
NHSCAD24332.png,NHSCAD24332,NHS,2,iccad2
NHSCAD24104.png,NHSCAD24104,NHS,0,iccad2
NHSCAD2693.png,NHSCAD2693,NHS,1,iccad2
NHSCAD24856.png,NHSCAD24856,NHS,2,iccad2
NHSCAD21124.png,NHSCAD21124,NHS,2,iccad2
NHSCAD23319.png,NHSCAD23319,NHS,3,iccad2
NHSCAD24198.png,NHSCAD24198,NHS,3,iccad2
NHSCAD25421.png,NHSCAD25421,NHS,4,iccad2
NHSCAD22696.png,NHSCAD22696,NHS,3,iccad2
NHSCAD24648.png,NHSCAD24648,NHS,1,iccad2
NHSCAD25114.png,NHSCAD25114,NHS,1,iccad2
NHSCAD23580.png,NHSCAD23580,NHS,3,iccad2
NHSCAD2577.png,NHSCAD2577,NHS,0,iccad2
NHSCAD21420.png,NHSCAD21420,NHS,1,iccad2
NHSCAD2833.png,NHSCAD2833,NHS,2,iccad2
NHSCAD25270.png,NHSCAD25270,NHS,1,iccad2
HSCAD2151.png,HSCAD2151,HS,2,iccad2
HSCAD2172.png,HSCAD2172,HS,2,iccad2
NHSCAD24766.png,NHSCAD24766,NHS,2,iccad2
NHSCAD21686.png,NHSCAD21686,NHS,1,iccad2
NHSCAD22784.png,NHSCAD22784,NHS,3,iccad2
NHSCAD25197.png,NHSCAD25197,NHS,1,iccad2
NHSCAD23696.png,NHSCAD23696,NHS,2,iccad2
NHSCAD24356.png,NHSCAD24356,NHS,2,iccad2
NHSCAD25394.png,NHSCAD25394,NHS,1,iccad2
NHSCAD25321.png,NHSCAD25321,NHS,3,iccad2
NHSCAD21129.png,NHSCAD21129,NHS,2,iccad2
NHSCAD24703.png,NHSCAD24703,NHS,0,iccad2
NHSCAD25054.png,NHSCAD25054,NHS,0,iccad2
NHSCAD22603.png,NHSCAD22603,NHS,3,iccad2
NHSCAD24007.png,NHSCAD24007,NHS,2,iccad2
NHSCAD23204.png,NHSCAD23204,NHS,4,iccad2
NHSCAD25260.png,NHSCAD25260,NHS,0,iccad2
NHSCAD22069.png,NHSCAD22069,NHS,3,iccad2
NHSCAD25357.png,NHSCAD25357,NHS,4,iccad2
NHSCAD22595.png,NHSCAD22595,NHS,1,iccad2
NHSCAD2479.png,NHSCAD2479,NHS,3,iccad2
NHSCAD23519.png,NHSCAD23519,NHS,0,iccad2
NHSCAD21343.png,NHSCAD21343,NHS,0,iccad2
NHSCAD21311.png,NHSCAD21311,NHS,3,iccad2
NHSCAD23732.png,NHSCAD23732,NHS,2,iccad2
NHSCAD24054.png,NHSCAD24054,NHS,0,iccad2
NHSCAD22016.png,NHSCAD22016,NHS,3,iccad2
NHSCAD22071.png,NHSCAD22071,NHS,1,iccad2
NHSCAD22626.png,NHSCAD22626,NHS,3,iccad2
NHSCAD22456.png,NHSCAD22456,NHS,1,iccad2
NHSCAD2491.png,NHSCAD2491,NHS,0,iccad2
NHSCAD23777.png,NHSCAD23777,NHS,2,iccad2
NHSCAD24085.png,NHSCAD24085,NHS,3,iccad2
NHSCAD24086.png,NHSCAD24086,NHS,0,iccad2
NHSCAD23750.png,NHSCAD23750,NHS,1,iccad2
NHSCAD23970.png,NHSCAD23970,NHS,3,iccad2
NHSCAD22987.png,NHSCAD22987,NHS,2,iccad2
NHSCAD25452.png,NHSCAD25452,NHS,2,iccad2
NHSCAD23801.png,NHSCAD23801,NHS,1,iccad2
NHSCAD24353.png,NHSCAD24353,NHS,4,iccad2
NHSCAD23276.png,NHSCAD23276,NHS,2,iccad2
NHSCAD21474.png,NHSCAD21474,NHS,3,iccad2
NHSCAD24901.png,NHSCAD24901,NHS,2,iccad2
NHSCAD23254.png,NHSCAD23254,NHS,4,iccad2
NHSCAD25457.png,NHSCAD25457,NHS,2,iccad2
NHSCAD24566.png,NHSCAD24566,NHS,3,iccad2
NHSCAD2328.png,NHSCAD2328,NHS,0,iccad2
NHSCAD22901.png,NHSCAD22901,NHS,2,iccad2
NHSCAD21450.png,NHSCAD21450,NHS,4,iccad2
NHSCAD23776.png,NHSCAD23776,NHS,4,iccad2
NHSCAD22984.png,NHSCAD22984,NHS,4,iccad2
NHSCAD23289.png,NHSCAD23289,NHS,0,iccad2
NHSCAD24145.png,NHSCAD24145,NHS,0,iccad2
NHSCAD2887.png,NHSCAD2887,NHS,1,iccad2
HSCAD2116.png,HSCAD2116,HS,0,iccad2
NHSCAD22220.png,NHSCAD22220,NHS,1,iccad2
NHSCAD24657.png,NHSCAD24657,NHS,1,iccad2
NHSCAD21360.png,NHSCAD21360,NHS,2,iccad2
NHSCAD24235.png,NHSCAD24235,NHS,4,iccad2
NHSCAD2796.png,NHSCAD2796,NHS,0,iccad2
NHSCAD25418.png,NHSCAD25418,NHS,0,iccad2
NHSCAD23390.png,NHSCAD23390,NHS,2,iccad2
HSCAD211.png,HSCAD211,HS,3,iccad2
NHSCAD21354.png,NHSCAD21354,NHS,1,iccad2
NHSCAD21067.png,NHSCAD21067,NHS,1,iccad2
NHSCAD23947.png,NHSCAD23947,NHS,2,iccad2
NHSCAD22947.png,NHSCAD22947,NHS,4,iccad2
NHSCAD22343.png,NHSCAD22343,NHS,2,iccad2
NHSCAD23666.png,NHSCAD23666,NHS,3,iccad2
NHSCAD24285.png,NHSCAD24285,NHS,4,iccad2
NHSCAD24011.png,NHSCAD24011,NHS,2,iccad2
NHSCAD21081.png,NHSCAD21081,NHS,4,iccad2
NHSCAD2629.png,NHSCAD2629,NHS,4,iccad2
NHSCAD23516.png,NHSCAD23516,NHS,2,iccad2
NHSCAD25115.png,NHSCAD25115,NHS,2,iccad2
HSCAD288.png,HSCAD288,HS,1,iccad2
NHSCAD22183.png,NHSCAD22183,NHS,1,iccad2
NHSCAD24553.png,NHSCAD24553,NHS,4,iccad2
NHSCAD23643.png,NHSCAD23643,NHS,4,iccad2
NHSCAD24722.png,NHSCAD24722,NHS,4,iccad2
NHSCAD21637.png,NHSCAD21637,NHS,2,iccad2
NHSCAD21800.png,NHSCAD21800,NHS,3,iccad2
NHSCAD24560.png,NHSCAD24560,NHS,2,iccad2
NHSCAD24032.png,NHSCAD24032,NHS,1,iccad2
NHSCAD23102.png,NHSCAD23102,NHS,1,iccad2
NHSCAD23912.png,NHSCAD23912,NHS,2,iccad2
NHSCAD22630.png,NHSCAD22630,NHS,3,iccad2
NHSCAD24704.png,NHSCAD24704,NHS,1,iccad2
NHSCAD2965.png,NHSCAD2965,NHS,3,iccad2
NHSCAD23184.png,NHSCAD23184,NHS,3,iccad2
NHSCAD21116.png,NHSCAD21116,NHS,0,iccad2
NHSCAD21307.png,NHSCAD21307,NHS,4,iccad2
NHSCAD23644.png,NHSCAD23644,NHS,3,iccad2
NHSCAD21206.png,NHSCAD21206,NHS,3,iccad2
NHSCAD22302.png,NHSCAD22302,NHS,3,iccad2
NHSCAD22346.png,NHSCAD22346,NHS,4,iccad2
NHSCAD21056.png,NHSCAD21056,NHS,0,iccad2
NHSCAD23554.png,NHSCAD23554,NHS,0,iccad2
HSCAD2125.png,HSCAD2125,HS,0,iccad2
NHSCAD21266.png,NHSCAD21266,NHS,0,iccad2
NHSCAD23058.png,NHSCAD23058,NHS,3,iccad2
NHSCAD22739.png,NHSCAD22739,NHS,4,iccad2
NHSCAD2225.png,NHSCAD2225,NHS,0,iccad2
NHSCAD22152.png,NHSCAD22152,NHS,2,iccad2
NHSCAD22078.png,NHSCAD22078,NHS,2,iccad2
NHSCAD23307.png,NHSCAD23307,NHS,0,iccad2
NHSCAD22243.png,NHSCAD22243,NHS,3,iccad2
NHSCAD24123.png,NHSCAD24123,NHS,3,iccad2
NHSCAD25337.png,NHSCAD25337,NHS,2,iccad2
NHSCAD23920.png,NHSCAD23920,NHS,3,iccad2
NHSCAD2555.png,NHSCAD2555,NHS,3,iccad2
NHSCAD21923.png,NHSCAD21923,NHS,3,iccad2
NHSCAD2794.png,NHSCAD2794,NHS,3,iccad2
NHSCAD24439.png,NHSCAD24439,NHS,4,iccad2
NHSCAD21541.png,NHSCAD21541,NHS,1,iccad2
NHSCAD22864.png,NHSCAD22864,NHS,1,iccad2
NHSCAD2276.png,NHSCAD2276,NHS,2,iccad2
NHSCAD22101.png,NHSCAD22101,NHS,2,iccad2
NHSCAD22402.png,NHSCAD22402,NHS,3,iccad2
NHSCAD21998.png,NHSCAD21998,NHS,1,iccad2
NHSCAD2704.png,NHSCAD2704,NHS,1,iccad2
NHSCAD24226.png,NHSCAD24226,NHS,4,iccad2
NHSCAD24029.png,NHSCAD24029,NHS,3,iccad2
NHSCAD24487.png,NHSCAD24487,NHS,1,iccad2
NHSCAD24208.png,NHSCAD24208,NHS,4,iccad2
NHSCAD2501.png,NHSCAD2501,NHS,3,iccad2
NHSCAD22502.png,NHSCAD22502,NHS,1,iccad2
NHSCAD25094.png,NHSCAD25094,NHS,4,iccad2
NHSCAD21593.png,NHSCAD21593,NHS,4,iccad2
NHSCAD21881.png,NHSCAD21881,NHS,0,iccad2
NHSCAD22656.png,NHSCAD22656,NHS,4,iccad2
NHSCAD21905.png,NHSCAD21905,NHS,3,iccad2
NHSCAD23726.png,NHSCAD23726,NHS,0,iccad2
NHSCAD2576.png,NHSCAD2576,NHS,4,iccad2
NHSCAD2287.png,NHSCAD2287,NHS,3,iccad2
NHSCAD21834.png,NHSCAD21834,NHS,2,iccad2
NHSCAD22416.png,NHSCAD22416,NHS,3,iccad2
NHSCAD24260.png,NHSCAD24260,NHS,1,iccad2
NHSCAD25061.png,NHSCAD25061,NHS,4,iccad2
NHSCAD24406.png,NHSCAD24406,NHS,1,iccad2
NHSCAD2654.png,NHSCAD2654,NHS,4,iccad2
NHSCAD23699.png,NHSCAD23699,NHS,3,iccad2
NHSCAD23449.png,NHSCAD23449,NHS,4,iccad2
NHSCAD21069.png,NHSCAD21069,NHS,3,iccad2
NHSCAD21668.png,NHSCAD21668,NHS,2,iccad2
NHSCAD2625.png,NHSCAD2625,NHS,3,iccad2
NHSCAD23948.png,NHSCAD23948,NHS,3,iccad2
NHSCAD24616.png,NHSCAD24616,NHS,1,iccad2
NHSCAD24040.png,NHSCAD24040,NHS,0,iccad2
NHSCAD21796.png,NHSCAD21796,NHS,0,iccad2
NHSCAD24977.png,NHSCAD24977,NHS,3,iccad2
NHSCAD21023.png,NHSCAD21023,NHS,2,iccad2
NHSCAD24580.png,NHSCAD24580,NHS,4,iccad2
NHSCAD25019.png,NHSCAD25019,NHS,3,iccad2
NHSCAD23909.png,NHSCAD23909,NHS,0,iccad2
NHSCAD21569.png,NHSCAD21569,NHS,0,iccad2
NHSCAD24431.png,NHSCAD24431,NHS,0,iccad2
NHSCAD2381.png,NHSCAD2381,NHS,0,iccad2
NHSCAD21185.png,NHSCAD21185,NHS,2,iccad2
NHSCAD22214.png,NHSCAD22214,NHS,3,iccad2
NHSCAD21894.png,NHSCAD21894,NHS,2,iccad2
NHSCAD22165.png,NHSCAD22165,NHS,1,iccad2
NHSCAD24615.png,NHSCAD24615,NHS,0,iccad2
NHSCAD25393.png,NHSCAD25393,NHS,4,iccad2
NHSCAD25198.png,NHSCAD25198,NHS,2,iccad2
NHSCAD22644.png,NHSCAD22644,NHS,3,iccad2
NHSCAD23646.png,NHSCAD23646,NHS,1,iccad2
NHSCAD24645.png,NHSCAD24645,NHS,2,iccad2
NHSCAD2682.png,NHSCAD2682,NHS,0,iccad2
NHSCAD24659.png,NHSCAD24659,NHS,2,iccad2
NHSCAD21391.png,NHSCAD21391,NHS,3,iccad2
NHSCAD25277.png,NHSCAD25277,NHS,2,iccad2
NHSCAD21896.png,NHSCAD21896,NHS,3,iccad2
NHSCAD24053.png,NHSCAD24053,NHS,2,iccad2
NHSCAD24850.png,NHSCAD24850,NHS,1,iccad2
NHSCAD24395.png,NHSCAD24395,NHS,0,iccad2
NHSCAD23517.png,NHSCAD23517,NHS,3,iccad2
NHSCAD23215.png,NHSCAD23215,NHS,1,iccad2
NHSCAD24055.png,NHSCAD24055,NHS,1,iccad2
NHSCAD21974.png,NHSCAD21974,NHS,1,iccad2
NHSCAD25417.png,NHSCAD25417,NHS,4,iccad2
HSCAD22.png,HSCAD22,HS,1,iccad2
NHSCAD23828.png,NHSCAD23828,NHS,4,iccad2
NHSCAD21849.png,NHSCAD21849,NHS,4,iccad2
NHSCAD23968.png,NHSCAD23968,NHS,0,iccad2
NHSCAD2706.png,NHSCAD2706,NHS,2,iccad2
NHSCAD21635.png,NHSCAD21635,NHS,3,iccad2
NHSCAD22917.png,NHSCAD22917,NHS,2,iccad2
NHSCAD23593.png,NHSCAD23593,NHS,2,iccad2
NHSCAD21378.png,NHSCAD21378,NHS,0,iccad2
NHSCAD24562.png,NHSCAD24562,NHS,4,iccad2
NHSCAD22440.png,NHSCAD22440,NHS,2,iccad2
NHSCAD2587.png,NHSCAD2587,NHS,0,iccad2
NHSCAD21921.png,NHSCAD21921,NHS,2,iccad2
NHSCAD25310.png,NHSCAD25310,NHS,4,iccad2
NHSCAD24751.png,NHSCAD24751,NHS,1,iccad2
NHSCAD2296.png,NHSCAD2296,NHS,3,iccad2
NHSCAD25062.png,NHSCAD25062,NHS,2,iccad2
NHSCAD24066.png,NHSCAD24066,NHS,2,iccad2
NHSCAD22835.png,NHSCAD22835,NHS,2,iccad2
NHSCAD23056.png,NHSCAD23056,NHS,1,iccad2
NHSCAD21049.png,NHSCAD21049,NHS,3,iccad2
NHSCAD21946.png,NHSCAD21946,NHS,1,iccad2
NHSCAD2995.png,NHSCAD2995,NHS,3,iccad2
NHSCAD2244.png,NHSCAD2244,NHS,4,iccad2
NHSCAD24092.png,NHSCAD24092,NHS,4,iccad2
NHSCAD21032.png,NHSCAD21032,NHS,1,iccad2
NHSCAD21863.png,NHSCAD21863,NHS,0,iccad2
NHSCAD21669.png,NHSCAD21669,NHS,3,iccad2
NHSCAD21183.png,NHSCAD21183,NHS,3,iccad2
NHSCAD24057.png,NHSCAD24057,NHS,3,iccad2
NHSCAD23197.png,NHSCAD23197,NHS,1,iccad2
NHSCAD22972.png,NHSCAD22972,NHS,0,iccad2
NHSCAD25343.png,NHSCAD25343,NHS,4,iccad2
NHSCAD2677.png,NHSCAD2677,NHS,0,iccad2
NHSCAD24089.png,NHSCAD24089,NHS,1,iccad2
NHSCAD24423.png,NHSCAD24423,NHS,0,iccad2
NHSCAD2596.png,NHSCAD2596,NHS,4,iccad2
NHSCAD22447.png,NHSCAD22447,NHS,1,iccad2
NHSCAD21000.png,NHSCAD21000,NHS,4,iccad2
NHSCAD24882.png,NHSCAD24882,NHS,1,iccad2
NHSCAD2623.png,NHSCAD2623,NHS,1,iccad2
NHSCAD21766.png,NHSCAD21766,NHS,3,iccad2
NHSCAD24022.png,NHSCAD24022,NHS,0,iccad2
NHSCAD23542.png,NHSCAD23542,NHS,1,iccad2
NHSCAD21705.png,NHSCAD21705,NHS,4,iccad2
NHSCAD21657.png,NHSCAD21657,NHS,1,iccad2
NHSCAD2516.png,NHSCAD2516,NHS,1,iccad2
NHSCAD2403.png,NHSCAD2403,NHS,4,iccad2
NHSCAD2691.png,NHSCAD2691,NHS,4,iccad2
NHSCAD23114.png,NHSCAD23114,NHS,4,iccad2
NHSCAD24460.png,NHSCAD24460,NHS,3,iccad2
NHSCAD23107.png,NHSCAD23107,NHS,1,iccad2
NHSCAD23435.png,NHSCAD23435,NHS,4,iccad2
NHSCAD2554.png,NHSCAD2554,NHS,2,iccad2
NHSCAD2513.png,NHSCAD2513,NHS,2,iccad2
NHSCAD2818.png,NHSCAD2818,NHS,2,iccad2
NHSCAD25223.png,NHSCAD25223,NHS,0,iccad2
NHSCAD24143.png,NHSCAD24143,NHS,4,iccad2
NHSCAD23671.png,NHSCAD23671,NHS,3,iccad2
NHSCAD22291.png,NHSCAD22291,NHS,1,iccad2
NHSCAD23000.png,NHSCAD23000,NHS,2,iccad2
NHSCAD23689.png,NHSCAD23689,NHS,0,iccad2
NHSCAD24331.png,NHSCAD24331,NHS,1,iccad2
NHSCAD25158.png,NHSCAD25158,NHS,4,iccad2
NHSCAD21030.png,NHSCAD21030,NHS,4,iccad2
NHSCAD22530.png,NHSCAD22530,NHS,4,iccad2
NHSCAD2443.png,NHSCAD2443,NHS,4,iccad2
NHSCAD24939.png,NHSCAD24939,NHS,1,iccad2
NHSCAD2955.png,NHSCAD2955,NHS,3,iccad2
NHSCAD24341.png,NHSCAD24341,NHS,0,iccad2
NHSCAD24909.png,NHSCAD24909,NHS,4,iccad2
NHSCAD24150.png,NHSCAD24150,NHS,1,iccad2
NHSCAD23370.png,NHSCAD23370,NHS,4,iccad2
NHSCAD22946.png,NHSCAD22946,NHS,3,iccad2
NHSCAD24781.png,NHSCAD24781,NHS,0,iccad2
NHSCAD24015.png,NHSCAD24015,NHS,4,iccad2
NHSCAD22360.png,NHSCAD22360,NHS,0,iccad2
NHSCAD22747.png,NHSCAD22747,NHS,3,iccad2
NHSCAD24136.png,NHSCAD24136,NHS,0,iccad2
NHSCAD24122.png,NHSCAD24122,NHS,0,iccad2
NHSCAD23129.png,NHSCAD23129,NHS,4,iccad2
NHSCAD23022.png,NHSCAD23022,NHS,4,iccad2
NHSCAD24452.png,NHSCAD24452,NHS,2,iccad2
NHSCAD25379.png,NHSCAD25379,NHS,3,iccad2
NHSCAD25243.png,NHSCAD25243,NHS,1,iccad2
NHSCAD24244.png,NHSCAD24244,NHS,4,iccad2
NHSCAD24358.png,NHSCAD24358,NHS,4,iccad2
NHSCAD22406.png,NHSCAD22406,NHS,2,iccad2
NHSCAD25386.png,NHSCAD25386,NHS,0,iccad2
NHSCAD24012.png,NHSCAD24012,NHS,3,iccad2
NHSCAD21562.png,NHSCAD21562,NHS,2,iccad2
NHSCAD22646.png,NHSCAD22646,NHS,3,iccad2
NHSCAD25027.png,NHSCAD25027,NHS,0,iccad2
NHSCAD23139.png,NHSCAD23139,NHS,0,iccad2
NHSCAD21759.png,NHSCAD21759,NHS,1,iccad2
NHSCAD22620.png,NHSCAD22620,NHS,2,iccad2
NHSCAD23858.png,NHSCAD23858,NHS,2,iccad2
NHSCAD22922.png,NHSCAD22922,NHS,3,iccad2
NHSCAD24655.png,NHSCAD24655,NHS,4,iccad2
NHSCAD25443.png,NHSCAD25443,NHS,2,iccad2
NHSCAD21904.png,NHSCAD21904,NHS,0,iccad2
NHSCAD24785.png,NHSCAD24785,NHS,3,iccad2
NHSCAD23717.png,NHSCAD23717,NHS,0,iccad2
NHSCAD2906.png,NHSCAD2906,NHS,0,iccad2
NHSCAD24268.png,NHSCAD24268,NHS,2,iccad2
NHSCAD21543.png,NHSCAD21543,NHS,0,iccad2
NHSCAD22738.png,NHSCAD22738,NHS,3,iccad2
NHSCAD25437.png,NHSCAD25437,NHS,1,iccad2
NHSCAD21279.png,NHSCAD21279,NHS,1,iccad2
NHSCAD2187.png,NHSCAD2187,NHS,4,iccad2
NHSCAD22632.png,NHSCAD22632,NHS,4,iccad2
NHSCAD2252.png,NHSCAD2252,NHS,3,iccad2
NHSCAD23371.png,NHSCAD23371,NHS,1,iccad2
NHSCAD23913.png,NHSCAD23913,NHS,0,iccad2
NHSCAD2678.png,NHSCAD2678,NHS,1,iccad2
NHSCAD23530.png,NHSCAD23530,NHS,3,iccad2
NHSCAD22158.png,NHSCAD22158,NHS,4,iccad2
NHSCAD23272.png,NHSCAD23272,NHS,3,iccad2
NHSCAD23738.png,NHSCAD23738,NHS,3,iccad2
NHSCAD21427.png,NHSCAD21427,NHS,1,iccad2
NHSCAD2852.png,NHSCAD2852,NHS,1,iccad2
NHSCAD21648.png,NHSCAD21648,NHS,2,iccad2
NHSCAD22704.png,NHSCAD22704,NHS,1,iccad2
NHSCAD21837.png,NHSCAD21837,NHS,3,iccad2
NHSCAD22831.png,NHSCAD22831,NHS,1,iccad2
HSCAD2142.png,HSCAD2142,HS,4,iccad2
NHSCAD24097.png,NHSCAD24097,NHS,4,iccad2
NHSCAD24112.png,NHSCAD24112,NHS,2,iccad2
NHSCAD22729.png,NHSCAD22729,NHS,3,iccad2
NHSCAD21983.png,NHSCAD21983,NHS,2,iccad2
NHSCAD23213.png,NHSCAD23213,NHS,4,iccad2
NHSCAD21665.png,NHSCAD21665,NHS,4,iccad2
NHSCAD23742.png,NHSCAD23742,NHS,3,iccad2
NHSCAD2343.png,NHSCAD2343,NHS,3,iccad2
NHSCAD23834.png,NHSCAD23834,NHS,1,iccad2
NHSCAD2655.png,NHSCAD2655,NHS,3,iccad2
NHSCAD21062.png,NHSCAD21062,NHS,1,iccad2
NHSCAD22944.png,NHSCAD22944,NHS,2,iccad2
NHSCAD21364.png,NHSCAD21364,NHS,1,iccad2
NHSCAD2458.png,NHSCAD2458,NHS,2,iccad2
NHSCAD22358.png,NHSCAD22358,NHS,2,iccad2
NHSCAD21596.png,NHSCAD21596,NHS,1,iccad2
NHSCAD25014.png,NHSCAD25014,NHS,3,iccad2
HSCAD267.png,HSCAD267,HS,3,iccad2
NHSCAD2739.png,NHSCAD2739,NHS,0,iccad2
NHSCAD25422.png,NHSCAD25422,NHS,0,iccad2
NHSCAD22146.png,NHSCAD22146,NHS,0,iccad2
HSCAD276.png,HSCAD276,HS,3,iccad2
NHSCAD22364.png,NHSCAD22364,NHS,4,iccad2
NHSCAD23209.png,NHSCAD23209,NHS,4,iccad2
NHSCAD22687.png,NHSCAD22687,NHS,3,iccad2
NHSCAD24179.png,NHSCAD24179,NHS,2,iccad2
NHSCAD22262.png,NHSCAD22262,NHS,4,iccad2
NHSCAD24047.png,NHSCAD24047,NHS,3,iccad2
NHSCAD23441.png,NHSCAD23441,NHS,1,iccad2
NHSCAD24133.png,NHSCAD24133,NHS,3,iccad2
NHSCAD24402.png,NHSCAD24402,NHS,3,iccad2
NHSCAD21720.png,NHSCAD21720,NHS,4,iccad2
NHSCAD22075.png,NHSCAD22075,NHS,0,iccad2
NHSCAD22236.png,NHSCAD22236,NHS,0,iccad2
NHSCAD21920.png,NHSCAD21920,NHS,1,iccad2
NHSCAD22118.png,NHSCAD22118,NHS,0,iccad2
NHSCAD23424.png,NHSCAD23424,NHS,2,iccad2
HSCAD298.png,HSCAD298,HS,2,iccad2
NHSCAD25093.png,NHSCAD25093,NHS,3,iccad2
NHSCAD24586.png,NHSCAD24586,NHS,0,iccad2
NHSCAD21704.png,NHSCAD21704,NHS,3,iccad2
NHSCAD2490.png,NHSCAD2490,NHS,0,iccad2
NHSCAD21598.png,NHSCAD21598,NHS,4,iccad2
NHSCAD23623.png,NHSCAD23623,NHS,1,iccad2
NHSCAD21312.png,NHSCAD21312,NHS,4,iccad2
NHSCAD22642.png,NHSCAD22642,NHS,0,iccad2
NHSCAD23549.png,NHSCAD23549,NHS,3,iccad2
NHSCAD2298.png,NHSCAD2298,NHS,4,iccad2
NHSCAD23940.png,NHSCAD23940,NHS,0,iccad2
NHSCAD23025.png,NHSCAD23025,NHS,2,iccad2
NHSCAD24668.png,NHSCAD24668,NHS,2,iccad2
NHSCAD21077.png,NHSCAD21077,NHS,1,iccad2
NHSCAD22119.png,NHSCAD22119,NHS,1,iccad2
NHSCAD21267.png,NHSCAD21267,NHS,1,iccad2
NHSCAD22370.png,NHSCAD22370,NHS,1,iccad2
NHSCAD24152.png,NHSCAD24152,NHS,4,iccad2
NHSCAD21328.png,NHSCAD21328,NHS,0,iccad2
NHSCAD2536.png,NHSCAD2536,NHS,2,iccad2
NHSCAD23963.png,NHSCAD23963,NHS,0,iccad2
NHSCAD22532.png,NHSCAD22532,NHS,1,iccad2
NHSCAD23994.png,NHSCAD23994,NHS,3,iccad2
NHSCAD23868.png,NHSCAD23868,NHS,0,iccad2
NHSCAD22062.png,NHSCAD22062,NHS,1,iccad2
NHSCAD22921.png,NHSCAD22921,NHS,2,iccad2
NHSCAD21132.png,NHSCAD21132,NHS,3,iccad2
HSCAD2127.png,HSCAD2127,HS,1,iccad2
NHSCAD23533.png,NHSCAD23533,NHS,1,iccad2
NHSCAD21423.png,NHSCAD21423,NHS,2,iccad2
NHSCAD25413.png,NHSCAD25413,NHS,0,iccad2
NHSCAD2471.png,NHSCAD2471,NHS,1,iccad2
NHSCAD22125.png,NHSCAD22125,NHS,1,iccad2
NHSCAD2628.png,NHSCAD2628,NHS,2,iccad2
NHSCAD22907.png,NHSCAD22907,NHS,1,iccad2
NHSCAD23571.png,NHSCAD23571,NHS,3,iccad2
NHSCAD22788.png,NHSCAD22788,NHS,2,iccad2
NHSCAD25262.png,NHSCAD25262,NHS,3,iccad2
NHSCAD25454.png,NHSCAD25454,NHS,4,iccad2
NHSCAD24407.png,NHSCAD24407,NHS,3,iccad2
NHSCAD2257.png,NHSCAD2257,NHS,1,iccad2
NHSCAD2528.png,NHSCAD2528,NHS,1,iccad2
NHSCAD21255.png,NHSCAD21255,NHS,4,iccad2
NHSCAD2827.png,NHSCAD2827,NHS,1,iccad2
NHSCAD21568.png,NHSCAD21568,NHS,4,iccad2
NHSCAD2314.png,NHSCAD2314,NHS,2,iccad2
NHSCAD21007.png,NHSCAD21007,NHS,1,iccad2
NHSCAD22510.png,NHSCAD22510,NHS,3,iccad2
NHSCAD23006.png,NHSCAD23006,NHS,1,iccad2
NHSCAD24916.png,NHSCAD24916,NHS,2,iccad2
NHSCAD22980.png,NHSCAD22980,NHS,1,iccad2
NHSCAD21408.png,NHSCAD21408,NHS,3,iccad2
NHSCAD24855.png,NHSCAD24855,NHS,1,iccad2
NHSCAD24558.png,NHSCAD24558,NHS,4,iccad2
NHSCAD24316.png,NHSCAD24316,NHS,0,iccad2
NHSCAD22180.png,NHSCAD22180,NHS,4,iccad2
NHSCAD25071.png,NHSCAD25071,NHS,4,iccad2
NHSCAD21571.png,NHSCAD21571,NHS,1,iccad2
NHSCAD22848.png,NHSCAD22848,NHS,4,iccad2
NHSCAD23207.png,NHSCAD23207,NHS,2,iccad2
NHSCAD23523.png,NHSCAD23523,NHS,0,iccad2
NHSCAD21653.png,NHSCAD21653,NHS,2,iccad2
NHSCAD24935.png,NHSCAD24935,NHS,2,iccad2
NHSCAD21564.png,NHSCAD21564,NHS,0,iccad2
NHSCAD21789.png,NHSCAD21789,NHS,0,iccad2
NHSCAD21539.png,NHSCAD21539,NHS,3,iccad2
NHSCAD23528.png,NHSCAD23528,NHS,0,iccad2
NHSCAD22317.png,NHSCAD22317,NHS,3,iccad2
NHSCAD24741.png,NHSCAD24741,NHS,4,iccad2
NHSCAD22393.png,NHSCAD22393,NHS,3,iccad2
NHSCAD2873.png,NHSCAD2873,NHS,3,iccad2
NHSCAD22854.png,NHSCAD22854,NHS,0,iccad2
NHSCAD2803.png,NHSCAD2803,NHS,2,iccad2
NHSCAD2367.png,NHSCAD2367,NHS,0,iccad2
NHSCAD21060.png,NHSCAD21060,NHS,4,iccad2
NHSCAD24903.png,NHSCAD24903,NHS,4,iccad2
NHSCAD21560.png,NHSCAD21560,NHS,3,iccad2
NHSCAD22450.png,NHSCAD22450,NHS,0,iccad2
NHSCAD2580.png,NHSCAD2580,NHS,3,iccad2
NHSCAD22187.png,NHSCAD22187,NHS,0,iccad2
NHSCAD23068.png,NHSCAD23068,NHS,4,iccad2
NHSCAD24349.png,NHSCAD24349,NHS,4,iccad2
NHSCAD2915.png,NHSCAD2915,NHS,3,iccad2
NHSCAD25273.png,NHSCAD25273,NHS,4,iccad2
NHSCAD21846.png,NHSCAD21846,NHS,3,iccad2
NHSCAD23174.png,NHSCAD23174,NHS,3,iccad2
NHSCAD21577.png,NHSCAD21577,NHS,2,iccad2
NHSCAD21877.png,NHSCAD21877,NHS,0,iccad2
NHSCAD23342.png,NHSCAD23342,NHS,3,iccad2
NHSCAD2398.png,NHSCAD2398,NHS,3,iccad2
NHSCAD23536.png,NHSCAD23536,NHS,4,iccad2
NHSCAD23210.png,NHSCAD23210,NHS,1,iccad2
NHSCAD25029.png,NHSCAD25029,NHS,3,iccad2
NHSCAD23084.png,NHSCAD23084,NHS,1,iccad2
NHSCAD25387.png,NHSCAD25387,NHS,2,iccad2
NHSCAD21065.png,NHSCAD21065,NHS,4,iccad2
NHSCAD23177.png,NHSCAD23177,NHS,0,iccad2
NHSCAD21158.png,NHSCAD21158,NHS,1,iccad2
NHSCAD23870.png,NHSCAD23870,NHS,1,iccad2
HSCAD2140.png,HSCAD2140,HS,1,iccad2
HSCAD2154.png,HSCAD2154,HS,3,iccad2
NHSCAD22584.png,NHSCAD22584,NHS,3,iccad2
NHSCAD23385.png,NHSCAD23385,NHS,1,iccad2
NHSCAD25296.png,NHSCAD25296,NHS,0,iccad2
NHSCAD2419.png,NHSCAD2419,NHS,4,iccad2
NHSCAD22763.png,NHSCAD22763,NHS,0,iccad2
NHSCAD23229.png,NHSCAD23229,NHS,1,iccad2
NHSCAD21237.png,NHSCAD21237,NHS,0,iccad2
NHSCAD22965.png,NHSCAD22965,NHS,4,iccad2
NHSCAD21257.png,NHSCAD21257,NHS,1,iccad2
NHSCAD21357.png,NHSCAD21357,NHS,4,iccad2
NHSCAD23887.png,NHSCAD23887,NHS,3,iccad2
NHSCAD21508.png,NHSCAD21508,NHS,2,iccad2
NHSCAD24583.png,NHSCAD24583,NHS,2,iccad2
NHSCAD25092.png,NHSCAD25092,NHS,2,iccad2
NHSCAD21165.png,NHSCAD21165,NHS,4,iccad2
NHSCAD23524.png,NHSCAD23524,NHS,1,iccad2
NHSCAD23143.png,NHSCAD23143,NHS,4,iccad2
NHSCAD21953.png,NHSCAD21953,NHS,4,iccad2
NHSCAD24757.png,NHSCAD24757,NHS,2,iccad2
NHSCAD2425.png,NHSCAD2425,NHS,2,iccad2
NHSCAD23905.png,NHSCAD23905,NHS,1,iccad2
NHSCAD21487.png,NHSCAD21487,NHS,1,iccad2
NHSCAD24803.png,NHSCAD24803,NHS,3,iccad2
NHSCAD21823.png,NHSCAD21823,NHS,3,iccad2
NHSCAD25313.png,NHSCAD25313,NHS,0,iccad2
NHSCAD24718.png,NHSCAD24718,NHS,0,iccad2
NHSCAD21913.png,NHSCAD21913,NHS,0,iccad2
NHSCAD24813.png,NHSCAD24813,NHS,0,iccad2
NHSCAD21192.png,NHSCAD21192,NHS,1,iccad2
NHSCAD2883.png,NHSCAD2883,NHS,2,iccad2
NHSCAD25206.png,NHSCAD25206,NHS,1,iccad2
NHSCAD21597.png,NHSCAD21597,NHS,2,iccad2
NHSCAD21154.png,NHSCAD21154,NHS,2,iccad2
NHSCAD23822.png,NHSCAD23822,NHS,3,iccad2
NHSCAD2214.png,NHSCAD2214,NHS,4,iccad2
NHSCAD23376.png,NHSCAD23376,NHS,1,iccad2
NHSCAD23452.png,NHSCAD23452,NHS,3,iccad2
NHSCAD21864.png,NHSCAD21864,NHS,3,iccad2
NHSCAD23239.png,NHSCAD23239,NHS,2,iccad2
NHSCAD24320.png,NHSCAD24320,NHS,0,iccad2
NHSCAD25265.png,NHSCAD25265,NHS,0,iccad2
NHSCAD2875.png,NHSCAD2875,NHS,4,iccad2
NHSCAD24597.png,NHSCAD24597,NHS,1,iccad2
NHSCAD22676.png,NHSCAD22676,NHS,2,iccad2
NHSCAD22086.png,NHSCAD22086,NHS,1,iccad2
NHSCAD21753.png,NHSCAD21753,NHS,4,iccad2
NHSCAD23274.png,NHSCAD23274,NHS,0,iccad2
NHSCAD22116.png,NHSCAD22116,NHS,3,iccad2
NHSCAD23680.png,NHSCAD23680,NHS,3,iccad2
NHSCAD21043.png,NHSCAD21043,NHS,2,iccad2
NHSCAD2729.png,NHSCAD2729,NHS,1,iccad2
NHSCAD25340.png,NHSCAD25340,NHS,0,iccad2
NHSCAD23138.png,NHSCAD23138,NHS,4,iccad2
NHSCAD2594.png,NHSCAD2594,NHS,2,iccad2
NHSCAD25046.png,NHSCAD25046,NHS,1,iccad2
NHSCAD21048.png,NHSCAD21048,NHS,2,iccad2
NHSCAD24577.png,NHSCAD24577,NHS,0,iccad2
NHSCAD25215.png,NHSCAD25215,NHS,1,iccad2
HSCAD241.png,HSCAD241,HS,0,iccad2
NHSCAD21155.png,NHSCAD21155,NHS,4,iccad2
NHSCAD21163.png,NHSCAD21163,NHS,2,iccad2
NHSCAD23067.png,NHSCAD23067,NHS,3,iccad2
NHSCAD22022.png,NHSCAD22022,NHS,3,iccad2
NHSCAD24761.png,NHSCAD24761,NHS,2,iccad2
NHSCAD2484.png,NHSCAD2484,NHS,4,iccad2
NHSCAD2363.png,NHSCAD2363,NHS,4,iccad2
NHSCAD22779.png,NHSCAD22779,NHS,2,iccad2
NHSCAD22892.png,NHSCAD22892,NHS,2,iccad2
NHSCAD22177.png,NHSCAD22177,NHS,3,iccad2
NHSCAD24273.png,NHSCAD24273,NHS,0,iccad2
NHSCAD23814.png,NHSCAD23814,NHS,4,iccad2
NHSCAD22030.png,NHSCAD22030,NHS,4,iccad2
NHSCAD24809.png,NHSCAD24809,NHS,0,iccad2
NHSCAD21464.png,NHSCAD21464,NHS,3,iccad2
NHSCAD23546.png,NHSCAD23546,NHS,4,iccad2
NHSCAD24528.png,NHSCAD24528,NHS,1,iccad2
NHSCAD24518.png,NHSCAD24518,NHS,0,iccad2
NHSCAD24025.png,NHSCAD24025,NHS,4,iccad2
NHSCAD2523.png,NHSCAD2523,NHS,2,iccad2
NHSCAD2976.png,NHSCAD2976,NHS,0,iccad2
NHSCAD22613.png,NHSCAD22613,NHS,1,iccad2
NHSCAD23775.png,NHSCAD23775,NHS,3,iccad2
NHSCAD25060.png,NHSCAD25060,NHS,3,iccad2
NHSCAD24681.png,NHSCAD24681,NHS,1,iccad2
NHSCAD24887.png,NHSCAD24887,NHS,1,iccad2
NHSCAD23407.png,NHSCAD23407,NHS,1,iccad2
NHSCAD22389.png,NHSCAD22389,NHS,4,iccad2
NHSCAD22725.png,NHSCAD22725,NHS,4,iccad2
NHSCAD24996.png,NHSCAD24996,NHS,4,iccad2
NHSCAD25007.png,NHSCAD25007,NHS,1,iccad2
NHSCAD21400.png,NHSCAD21400,NHS,2,iccad2
NHSCAD24921.png,NHSCAD24921,NHS,3,iccad2
NHSCAD23831.png,NHSCAD23831,NHS,3,iccad2
NHSCAD23529.png,NHSCAD23529,NHS,1,iccad2
NHSCAD21020.png,NHSCAD21020,NHS,4,iccad2
NHSCAD21990.png,NHSCAD21990,NHS,0,iccad2
NHSCAD21145.png,NHSCAD21145,NHS,4,iccad2
NHSCAD21143.png,NHSCAD21143,NHS,1,iccad2
NHSCAD22048.png,NHSCAD22048,NHS,1,iccad2
NHSCAD21526.png,NHSCAD21526,NHS,0,iccad2
NHSCAD21971.png,NHSCAD21971,NHS,4,iccad2
NHSCAD22136.png,NHSCAD22136,NHS,0,iccad2
NHSCAD22807.png,NHSCAD22807,NHS,1,iccad2
NHSCAD23632.png,NHSCAD23632,NHS,1,iccad2
NHSCAD25009.png,NHSCAD25009,NHS,0,iccad2
NHSCAD22285.png,NHSCAD22285,NHS,4,iccad2
NHSCAD21492.png,NHSCAD21492,NHS,1,iccad2
NHSCAD23820.png,NHSCAD23820,NHS,1,iccad2
NHSCAD21693.png,NHSCAD21693,NHS,2,iccad2
NHSCAD21950.png,NHSCAD21950,NHS,1,iccad2
NHSCAD24495.png,NHSCAD24495,NHS,0,iccad2
NHSCAD21898.png,NHSCAD21898,NHS,1,iccad2
NHSCAD2541.png,NHSCAD2541,NHS,1,iccad2
NHSCAD24600.png,NHSCAD24600,NHS,0,iccad2
NHSCAD24522.png,NHSCAD24522,NHS,0,iccad2
NHSCAD22212.png,NHSCAD22212,NHS,2,iccad2
NHSCAD23354.png,NHSCAD23354,NHS,0,iccad2
NHSCAD2401.png,NHSCAD2401,NHS,1,iccad2
HSCAD2141.png,HSCAD2141,HS,2,iccad2
NHSCAD21781.png,NHSCAD21781,NHS,1,iccad2
NHSCAD22666.png,NHSCAD22666,NHS,0,iccad2
NHSCAD21743.png,NHSCAD21743,NHS,3,iccad2
NHSCAD22871.png,NHSCAD22871,NHS,2,iccad2
HSCAD29.png,HSCAD29,HS,3,iccad2
NHSCAD23790.png,NHSCAD23790,NHS,3,iccad2
NHSCAD21609.png,NHSCAD21609,NHS,0,iccad2
NHSCAD23874.png,NHSCAD23874,NHS,4,iccad2
NHSCAD21215.png,NHSCAD21215,NHS,4,iccad2
NHSCAD23392.png,NHSCAD23392,NHS,3,iccad2
NHSCAD2741.png,NHSCAD2741,NHS,1,iccad2
NHSCAD23652.png,NHSCAD23652,NHS,2,iccad2
HSCAD2166.png,HSCAD2166,HS,0,iccad2
NHSCAD2235.png,NHSCAD2235,NHS,3,iccad2
NHSCAD22709.png,NHSCAD22709,NHS,1,iccad2
NHSCAD24890.png,NHSCAD24890,NHS,0,iccad2
NHSCAD2317.png,NHSCAD2317,NHS,1,iccad2
NHSCAD2881.png,NHSCAD2881,NHS,0,iccad2
NHSCAD23259.png,NHSCAD23259,NHS,3,iccad2
NHSCAD2724.png,NHSCAD2724,NHS,1,iccad2
NHSCAD22885.png,NHSCAD22885,NHS,2,iccad2
NHSCAD2522.png,NHSCAD2522,NHS,1,iccad2
NHSCAD2983.png,NHSCAD2983,NHS,4,iccad2
NHSCAD21954.png,NHSCAD21954,NHS,0,iccad2
NHSCAD22522.png,NHSCAD22522,NHS,0,iccad2
NHSCAD25368.png,NHSCAD25368,NHS,0,iccad2
NHSCAD24483.png,NHSCAD24483,NHS,2,iccad2
NHSCAD22335.png,NHSCAD22335,NHS,3,iccad2
NHSCAD24073.png,NHSCAD24073,NHS,0,iccad2
NHSCAD24043.png,NHSCAD24043,NHS,4,iccad2
NHSCAD23233.png,NHSCAD23233,NHS,1,iccad2
NHSCAD24734.png,NHSCAD24734,NHS,2,iccad2
NHSCAD2220.png,NHSCAD2220,NHS,3,iccad2
NHSCAD22143.png,NHSCAD22143,NHS,2,iccad2
NHSCAD21886.png,NHSCAD21886,NHS,0,iccad2
NHSCAD24572.png,NHSCAD24572,NHS,0,iccad2
NHSCAD21115.png,NHSCAD21115,NHS,4,iccad2
NHSCAD21369.png,NHSCAD21369,NHS,1,iccad2
NHSCAD21805.png,NHSCAD21805,NHS,3,iccad2
NHSCAD22260.png,NHSCAD22260,NHS,2,iccad2
NHSCAD21253.png,NHSCAD21253,NHS,2,iccad2
NHSCAD23469.png,NHSCAD23469,NHS,0,iccad2
NHSCAD25173.png,NHSCAD25173,NHS,1,iccad2
NHSCAD2436.png,NHSCAD2436,NHS,1,iccad2
NHSCAD21606.png,NHSCAD21606,NHS,1,iccad2
NHSCAD23685.png,NHSCAD23685,NHS,3,iccad2
NHSCAD22565.png,NHSCAD22565,NHS,2,iccad2
NHSCAD24088.png,NHSCAD24088,NHS,4,iccad2
NHSCAD22599.png,NHSCAD22599,NHS,3,iccad2
HSCAD218.png,HSCAD218,HS,4,iccad2
NHSCAD22975.png,NHSCAD22975,NHS,4,iccad2
NHSCAD22266.png,NHSCAD22266,NHS,3,iccad2
NHSCAD25353.png,NHSCAD25353,NHS,1,iccad2
NHSCAD24678.png,NHSCAD24678,NHS,2,iccad2
NHSCAD2283.png,NHSCAD2283,NHS,0,iccad2
NHSCAD23679.png,NHSCAD23679,NHS,0,iccad2
NHSCAD22473.png,NHSCAD22473,NHS,3,iccad2
NHSCAD24973.png,NHSCAD24973,NHS,4,iccad2
NHSCAD24290.png,NHSCAD24290,NHS,1,iccad2
NHSCAD23633.png,NHSCAD23633,NHS,2,iccad2
NHSCAD2707.png,NHSCAD2707,NHS,4,iccad2
NHSCAD22110.png,NHSCAD22110,NHS,2,iccad2
NHSCAD21976.png,NHSCAD21976,NHS,4,iccad2
NHSCAD21475.png,NHSCAD21475,NHS,4,iccad2
NHSCAD24216.png,NHSCAD24216,NHS,3,iccad2
NHSCAD2657.png,NHSCAD2657,NHS,1,iccad2
NHSCAD2601.png,NHSCAD2601,NHS,4,iccad2
NHSCAD24416.png,NHSCAD24416,NHS,3,iccad2
NHSCAD23988.png,NHSCAD23988,NHS,2,iccad2
NHSCAD22301.png,NHSCAD22301,NHS,2,iccad2
NHSCAD24964.png,NHSCAD24964,NHS,4,iccad2
NHSCAD2462.png,NHSCAD2462,NHS,0,iccad2
NHSCAD2499.png,NHSCAD2499,NHS,2,iccad2
NHSCAD24585.png,NHSCAD24585,NHS,4,iccad2
NHSCAD24752.png,NHSCAD24752,NHS,2,iccad2
NHSCAD23308.png,NHSCAD23308,NHS,1,iccad2
NHSCAD25021.png,NHSCAD25021,NHS,2,iccad2
NHSCAD22587.png,NHSCAD22587,NHS,4,iccad2
NHSCAD21505.png,NHSCAD21505,NHS,4,iccad2
NHSCAD21945.png,NHSCAD21945,NHS,0,iccad2
NHSCAD2789.png,NHSCAD2789,NHS,2,iccad2
NHSCAD24639.png,NHSCAD24639,NHS,1,iccad2
NHSCAD23405.png,NHSCAD23405,NHS,0,iccad2
NHSCAD22883.png,NHSCAD22883,NHS,3,iccad2
NHSCAD22497.png,NHSCAD22497,NHS,0,iccad2
NHSCAD21204.png,NHSCAD21204,NHS,3,iccad2
NHSCAD21008.png,NHSCAD21008,NHS,2,iccad2
NHSCAD21130.png,NHSCAD21130,NHS,4,iccad2
NHSCAD22861.png,NHSCAD22861,NHS,4,iccad2
NHSCAD2846.png,NHSCAD2846,NHS,0,iccad2
NHSCAD2613.png,NHSCAD2613,NHS,4,iccad2
NHSCAD21207.png,NHSCAD21207,NHS,0,iccad2
NHSCAD22219.png,NHSCAD22219,NHS,3,iccad2
NHSCAD22604.png,NHSCAD22604,NHS,1,iccad2
NHSCAD22969.png,NHSCAD22969,NHS,0,iccad2
NHSCAD2686.png,NHSCAD2686,NHS,4,iccad2
NHSCAD22265.png,NHSCAD22265,NHS,2,iccad2
NHSCAD23587.png,NHSCAD23587,NHS,1,iccad2
NHSCAD22546.png,NHSCAD22546,NHS,1,iccad2
NHSCAD21803.png,NHSCAD21803,NHS,4,iccad2
NHSCAD21688.png,NHSCAD21688,NHS,2,iccad2
NHSCAD22559.png,NHSCAD22559,NHS,0,iccad2
NHSCAD21553.png,NHSCAD21553,NHS,0,iccad2
NHSCAD23316.png,NHSCAD23316,NHS,0,iccad2
NHSCAD2851.png,NHSCAD2851,NHS,0,iccad2
NHSCAD2788.png,NHSCAD2788,NHS,3,iccad2
NHSCAD21612.png,NHSCAD21612,NHS,2,iccad2
NHSCAD2728.png,NHSCAD2728,NHS,0,iccad2
NHSCAD22479.png,NHSCAD22479,NHS,0,iccad2
NHSCAD24130.png,NHSCAD24130,NHS,2,iccad2
NHSCAD22073.png,NHSCAD22073,NHS,3,iccad2
NHSCAD22498.png,NHSCAD22498,NHS,1,iccad2
NHSCAD2476.png,NHSCAD2476,NHS,4,iccad2
NHSCAD24346.png,NHSCAD24346,NHS,1,iccad2
NHSCAD22330.png,NHSCAD22330,NHS,3,iccad2
NHSCAD24625.png,NHSCAD24625,NHS,1,iccad2
NHSCAD24978.png,NHSCAD24978,NHS,4,iccad2
NHSCAD2640.png,NHSCAD2640,NHS,3,iccad2
NHSCAD22056.png,NHSCAD22056,NHS,4,iccad2
NHSCAD23589.png,NHSCAD23589,NHS,2,iccad2
NHSCAD24998.png,NHSCAD24998,NHS,1,iccad2
NHSCAD22095.png,NHSCAD22095,NHS,0,iccad2
NHSCAD21264.png,NHSCAD21264,NHS,3,iccad2
NHSCAD2496.png,NHSCAD2496,NHS,4,iccad2
NHSCAD22325.png,NHSCAD22325,NHS,2,iccad2
NHSCAD23538.png,NHSCAD23538,NHS,1,iccad2
NHSCAD2349.png,NHSCAD2349,NHS,3,iccad2
NHSCAD23264.png,NHSCAD23264,NHS,4,iccad2
NHSCAD22661.png,NHSCAD22661,NHS,0,iccad2
NHSCAD21744.png,NHSCAD21744,NHS,4,iccad2
NHSCAD22281.png,NHSCAD22281,NHS,0,iccad2
HSCAD214.png,HSCAD214,HS,3,iccad2
NHSCAD24852.png,NHSCAD24852,NHS,3,iccad2
NHSCAD22232.png,NHSCAD22232,NHS,1,iccad2
NHSCAD21031.png,NHSCAD21031,NHS,0,iccad2
NHSCAD21063.png,NHSCAD21063,NHS,2,iccad2
NHSCAD21642.png,NHSCAD21642,NHS,1,iccad2
NHSCAD24599.png,NHSCAD24599,NHS,4,iccad2
NHSCAD25239.png,NHSCAD25239,NHS,1,iccad2
HSCAD273.png,HSCAD273,HS,0,iccad2
NHSCAD2840.png,NHSCAD2840,NHS,4,iccad2
NHSCAD22175.png,NHSCAD22175,NHS,2,iccad2
NHSCAD22132.png,NHSCAD22132,NHS,1,iccad2
NHSCAD25271.png,NHSCAD25271,NHS,3,iccad2
NHSCAD21390.png,NHSCAD21390,NHS,2,iccad2
NHSCAD25306.png,NHSCAD25306,NHS,4,iccad2
NHSCAD24607.png,NHSCAD24607,NHS,1,iccad2
NHSCAD2237.png,NHSCAD2237,NHS,0,iccad2
NHSCAD23351.png,NHSCAD23351,NHS,3,iccad2
NHSCAD23883.png,NHSCAD23883,NHS,4,iccad2
NHSCAD25334.png,NHSCAD25334,NHS,1,iccad2
NHSCAD22511.png,NHSCAD22511,NHS,1,iccad2
NHSCAD24772.png,NHSCAD24772,NHS,0,iccad2
NHSCAD21848.png,NHSCAD21848,NHS,2,iccad2
NHSCAD21218.png,NHSCAD21218,NHS,1,iccad2
NHSCAD22211.png,NHSCAD22211,NHS,1,iccad2
NHSCAD22305.png,NHSCAD22305,NHS,0,iccad2
NHSCAD2698.png,NHSCAD2698,NHS,1,iccad2
NHSCAD21334.png,NHSCAD21334,NHS,1,iccad2
NHSCAD2364.png,NHSCAD2364,NHS,3,iccad2
NHSCAD2939.png,NHSCAD2939,NHS,2,iccad2
NHSCAD21283.png,NHSCAD21283,NHS,0,iccad2
NHSCAD24354.png,NHSCAD24354,NHS,0,iccad2
NHSCAD23714.png,NHSCAD23714,NHS,2,iccad2
NHSCAD21137.png,NHSCAD21137,NHS,3,iccad2
NHSCAD2202.png,NHSCAD2202,NHS,2,iccad2
NHSCAD23532.png,NHSCAD23532,NHS,0,iccad2
NHSCAD25241.png,NHSCAD25241,NHS,4,iccad2
HSCAD242.png,HSCAD242,HS,1,iccad2
NHSCAD25350.png,NHSCAD25350,NHS,2,iccad2
NHSCAD21948.png,NHSCAD21948,NHS,3,iccad2
NHSCAD22372.png,NHSCAD22372,NHS,3,iccad2
NHSCAD2500.png,NHSCAD2500,NHS,0,iccad2
NHSCAD21453.png,NHSCAD21453,NHS,2,iccad2
NHSCAD24172.png,NHSCAD24172,NHS,0,iccad2
NHSCAD23432.png,NHSCAD23432,NHS,0,iccad2
NHSCAD22034.png,NHSCAD22034,NHS,1,iccad2
NHSCAD2488.png,NHSCAD2488,NHS,3,iccad2
NHSCAD22524.png,NHSCAD22524,NHS,3,iccad2
NHSCAD24037.png,NHSCAD24037,NHS,1,iccad2
NHSCAD25164.png,NHSCAD25164,NHS,1,iccad2
NHSCAD21151.png,NHSCAD21151,NHS,0,iccad2
NHSCAD22918.png,NHSCAD22918,NHS,3,iccad2
NHSCAD21751.png,NHSCAD21751,NHS,2,iccad2
HSCAD2152.png,HSCAD2152,HS,0,iccad2
NHSCAD24554.png,NHSCAD24554,NHS,0,iccad2
NHSCAD24065.png,NHSCAD24065,NHS,1,iccad2
NHSCAD23592.png,NHSCAD23592,NHS,4,iccad2
NHSCAD2900.png,NHSCAD2900,NHS,4,iccad2
NHSCAD21259.png,NHSCAD21259,NHS,3,iccad2
NHSCAD2714.png,NHSCAD2714,NHS,1,iccad2
NHSCAD23098.png,NHSCAD23098,NHS,1,iccad2
NHSCAD23401.png,NHSCAD23401,NHS,2,iccad2
NHSCAD23677.png,NHSCAD23677,NHS,1,iccad2
NHSCAD23097.png,NHSCAD23097,NHS,0,iccad2
NHSCAD25227.png,NHSCAD25227,NHS,4,iccad2
NHSCAD23384.png,NHSCAD23384,NHS,4,iccad2
NHSCAD21367.png,NHSCAD21367,NHS,4,iccad2
NHSCAD22777.png,NHSCAD22777,NHS,0,iccad2
NHSCAD21057.png,NHSCAD21057,NHS,1,iccad2
NHSCAD24453.png,NHSCAD24453,NHS,4,iccad2
NHSCAD25411.png,NHSCAD25411,NHS,2,iccad2
NHSCAD2322.png,NHSCAD2322,NHS,1,iccad2
NHSCAD23125.png,NHSCAD23125,NHS,0,iccad2
HSCAD2138.png,HSCAD2138,HS,4,iccad2
NHSCAD2721.png,NHSCAD2721,NHS,2,iccad2
HSCAD234.png,HSCAD234,HS,2,iccad2
NHSCAD25113.png,NHSCAD25113,NHS,0,iccad2
NHSCAD2339.png,NHSCAD2339,NHS,1,iccad2
NHSCAD24455.png,NHSCAD24455,NHS,1,iccad2
NHSCAD22029.png,NHSCAD22029,NHS,0,iccad2
NHSCAD23397.png,NHSCAD23397,NHS,1,iccad2
NHSCAD24254.png,NHSCAD24254,NHS,2,iccad2
NHSCAD21006.png,NHSCAD21006,NHS,0,iccad2
NHSCAD2498.png,NHSCAD2498,NHS,1,iccad2
NHSCAD24579.png,NHSCAD24579,NHS,3,iccad2
NHSCAD21776.png,NHSCAD21776,NHS,4,iccad2
NHSCAD21120.png,NHSCAD21120,NHS,4,iccad2
NHSCAD21160.png,NHSCAD21160,NHS,4,iccad2
NHSCAD23151.png,NHSCAD23151,NHS,3,iccad2
NHSCAD22424.png,NHSCAD22424,NHS,1,iccad2
NHSCAD24100.png,NHSCAD24100,NHS,3,iccad2
NHSCAD21810.png,NHSCAD21810,NHS,1,iccad2
NHSCAD24028.png,NHSCAD24028,NHS,1,iccad2
NHSCAD22457.png,NHSCAD22457,NHS,3,iccad2
NHSCAD23267.png,NHSCAD23267,NHS,2,iccad2
NHSCAD22977.png,NHSCAD22977,NHS,0,iccad2
NHSCAD2716.png,NHSCAD2716,NHS,2,iccad2
NHSCAD24674.png,NHSCAD24674,NHS,0,iccad2
NHSCAD22908.png,NHSCAD22908,NHS,2,iccad2
NHSCAD21337.png,NHSCAD21337,NHS,4,iccad2
NHSCAD24570.png,NHSCAD24570,NHS,2,iccad2
NHSCAD25108.png,NHSCAD25108,NHS,4,iccad2
NHSCAD24459.png,NHSCAD24459,NHS,0,iccad2
NHSCAD24470.png,NHSCAD24470,NHS,3,iccad2
NHSCAD24529.png,NHSCAD24529,NHS,2,iccad2
NHSCAD21488.png,NHSCAD21488,NHS,2,iccad2
NHSCAD23394.png,NHSCAD23394,NHS,4,iccad2
NHSCAD2968.png,NHSCAD2968,NHS,4,iccad2
NHSCAD22745.png,NHSCAD22745,NHS,1,iccad2
NHSCAD2842.png,NHSCAD2842,NHS,1,iccad2
NHSCAD25315.png,NHSCAD25315,NHS,4,iccad2
NHSCAD25456.png,NHSCAD25456,NHS,1,iccad2
NHSCAD21177.png,NHSCAD21177,NHS,1,iccad2
NHSCAD23559.png,NHSCAD23559,NHS,0,iccad2
NHSCAD23054.png,NHSCAD23054,NHS,4,iccad2
NHSCAD24310.png,NHSCAD24310,NHS,3,iccad2
NHSCAD24941.png,NHSCAD24941,NHS,4,iccad2
NHSCAD22471.png,NHSCAD22471,NHS,4,iccad2
NHSCAD2483.png,NHSCAD2483,NHS,3,iccad2
NHSCAD25346.png,NHSCAD25346,NHS,2,iccad2
NHSCAD23323.png,NHSCAD23323,NHS,2,iccad2
NHSCAD24845.png,NHSCAD24845,NHS,0,iccad2
NHSCAD22590.png,NHSCAD22590,NHS,1,iccad2
NHSCAD24806.png,NHSCAD24806,NHS,2,iccad2
NHSCAD21867.png,NHSCAD21867,NHS,4,iccad2
NHSCAD2215.png,NHSCAD2215,NHS,3,iccad2
NHSCAD22475.png,NHSCAD22475,NHS,1,iccad2
NHSCAD24782.png,NHSCAD24782,NHS,1,iccad2
NHSCAD24669.png,NHSCAD24669,NHS,4,iccad2
NHSCAD23824.png,NHSCAD23824,NHS,0,iccad2
NHSCAD23428.png,NHSCAD23428,NHS,0,iccad2
NHSCAD23740.png,NHSCAD23740,NHS,1,iccad2
NHSCAD24436.png,NHSCAD24436,NHS,0,iccad2
NHSCAD24538.png,NHSCAD24538,NHS,2,iccad2
NHSCAD21620.png,NHSCAD21620,NHS,3,iccad2
NHSCAD22045.png,NHSCAD22045,NHS,2,iccad2
NHSCAD21814.png,NHSCAD21814,NHS,3,iccad2
NHSCAD24034.png,NHSCAD24034,NHS,4,iccad2
NHSCAD24885.png,NHSCAD24885,NHS,4,iccad2
NHSCAD24818.png,NHSCAD24818,NHS,0,iccad2
NHSCAD21384.png,NHSCAD21384,NHS,1,iccad2
NHSCAD24166.png,NHSCAD24166,NHS,4,iccad2
NHSCAD22255.png,NHSCAD22255,NHS,1,iccad2
NHSCAD22428.png,NHSCAD22428,NHS,0,iccad2
NHSCAD23337.png,NHSCAD23337,NHS,2,iccad2
NHSCAD2810.png,NHSCAD2810,NHS,4,iccad2
NHSCAD23277.png,NHSCAD23277,NHS,2,iccad2
NHSCAD24507.png,NHSCAD24507,NHS,3,iccad2
NHSCAD23634.png,NHSCAD23634,NHS,4,iccad2
NHSCAD24330.png,NHSCAD24330,NHS,4,iccad2
NHSCAD21011.png,NHSCAD21011,NHS,0,iccad2
NHSCAD22072.png,NHSCAD22072,NHS,2,iccad2
NHSCAD2385.png,NHSCAD2385,NHS,0,iccad2
NHSCAD23313.png,NHSCAD23313,NHS,2,iccad2
NHSCAD21015.png,NHSCAD21015,NHS,4,iccad2
NHSCAD2422.png,NHSCAD2422,NHS,1,iccad2
NHSCAD24189.png,NHSCAD24189,NHS,3,iccad2
NHSCAD24594.png,NHSCAD24594,NHS,4,iccad2
NHSCAD21479.png,NHSCAD21479,NHS,3,iccad2
NHSCAD22434.png,NHSCAD22434,NHS,3,iccad2
NHSCAD21287.png,NHSCAD21287,NHS,4,iccad2
NHSCAD2512.png,NHSCAD2512,NHS,2,iccad2
NHSCAD24824.png,NHSCAD24824,NHS,2,iccad2
NHSCAD22383.png,NHSCAD22383,NHS,4,iccad2
NHSCAD2388.png,NHSCAD2388,NHS,1,iccad2
NHSCAD21285.png,NHSCAD21285,NHS,2,iccad2
NHSCAD21573.png,NHSCAD21573,NHS,4,iccad2
NHSCAD24874.png,NHSCAD24874,NHS,3,iccad2
NHSCAD23983.png,NHSCAD23983,NHS,2,iccad2
NHSCAD21791.png,NHSCAD21791,NHS,1,iccad2
NHSCAD21829.png,NHSCAD21829,NHS,1,iccad2
NHSCAD22547.png,NHSCAD22547,NHS,2,iccad2
NHSCAD22755.png,NHSCAD22755,NHS,2,iccad2
NHSCAD23471.png,NHSCAD23471,NHS,4,iccad2
NHSCAD23971.png,NHSCAD23971,NHS,4,iccad2
NHSCAD2773.png,NHSCAD2773,NHS,3,iccad2
NHSCAD25195.png,NHSCAD25195,NHS,4,iccad2
NHSCAD22616.png,NHSCAD22616,NHS,2,iccad2
NHSCAD2466.png,NHSCAD2466,NHS,4,iccad2
NHSCAD21109.png,NHSCAD21109,NHS,3,iccad2
NHSCAD2418.png,NHSCAD2418,NHS,3,iccad2
NHSCAD22890.png,NHSCAD22890,NHS,0,iccad2
NHSCAD22583.png,NHSCAD22583,NHS,2,iccad2
NHSCAD2710.png,NHSCAD2710,NHS,3,iccad2
NHSCAD22658.png,NHSCAD22658,NHS,2,iccad2
NHSCAD2895.png,NHSCAD2895,NHS,4,iccad2
NHSCAD22168.png,NHSCAD22168,NHS,3,iccad2
NHSCAD21377.png,NHSCAD21377,NHS,4,iccad2
NHSCAD21614.png,NHSCAD21614,NHS,0,iccad2
NHSCAD21088.png,NHSCAD21088,NHS,1,iccad2
NHSCAD25435.png,NHSCAD25435,NHS,4,iccad2
NHSCAD21087.png,NHSCAD21087,NHS,0,iccad2
NHSCAD21706.png,NHSCAD21706,NHS,1,iccad2
HSCAD264.png,HSCAD264,HS,0,iccad2
NHSCAD2304.png,NHSCAD2304,NHS,3,iccad2
NHSCAD23511.png,NHSCAD23511,NHS,2,iccad2
NHSCAD24917.png,NHSCAD24917,NHS,3,iccad2
NHSCAD21828.png,NHSCAD21828,NHS,3,iccad2
NHSCAD23942.png,NHSCAD23942,NHS,2,iccad2
NHSCAD23037.png,NHSCAD23037,NHS,0,iccad2
NHSCAD24951.png,NHSCAD24951,NHS,0,iccad2
NHSCAD21962.png,NHSCAD21962,NHS,4,iccad2
NHSCAD21398.png,NHSCAD21398,NHS,0,iccad2
NHSCAD25300.png,NHSCAD25300,NHS,2,iccad2
NHSCAD21951.png,NHSCAD21951,NHS,2,iccad2
NHSCAD22249.png,NHSCAD22249,NHS,4,iccad2
NHSCAD2571.png,NHSCAD2571,NHS,4,iccad2
NHSCAD22199.png,NHSCAD22199,NHS,2,iccad2
NHSCAD21260.png,NHSCAD21260,NHS,4,iccad2
NHSCAD21721.png,NHSCAD21721,NHS,1,iccad2
HSCAD293.png,HSCAD293,HS,1,iccad2
NHSCAD23746.png,NHSCAD23746,NHS,0,iccad2
NHSCAD25135.png,NHSCAD25135,NHS,4,iccad2
NHSCAD24676.png,NHSCAD24676,NHS,3,iccad2
NHSCAD21066.png,NHSCAD21066,NHS,0,iccad2
NHSCAD22818.png,NHSCAD22818,NHS,1,iccad2
NHSCAD22283.png,NHSCAD22283,NHS,2,iccad2
NHSCAD21695.png,NHSCAD21695,NHS,4,iccad2
NHSCAD21232.png,NHSCAD21232,NHS,1,iccad2
NHSCAD25152.png,NHSCAD25152,NHS,2,iccad2
NHSCAD22540.png,NHSCAD22540,NHS,0,iccad2
NHSCAD22948.png,NHSCAD22948,NHS,0,iccad2
NHSCAD23391.png,NHSCAD23391,NHS,0,iccad2
NHSCAD21708.png,NHSCAD21708,NHS,2,iccad2
NHSCAD23361.png,NHSCAD23361,NHS,4,iccad2
NHSCAD24510.png,NHSCAD24510,NHS,2,iccad2
NHSCAD25038.png,NHSCAD25038,NHS,3,iccad2
NHSCAD22413.png,NHSCAD22413,NHS,2,iccad2
NHSCAD24042.png,NHSCAD24042,NHS,3,iccad2
HSCAD2108.png,HSCAD2108,HS,1,iccad2
NHSCAD21449.png,NHSCAD21449,NHS,3,iccad2
NHSCAD2970.png,NHSCAD2970,NHS,3,iccad2
NHSCAD2203.png,NHSCAD2203,NHS,1,iccad2
NHSCAD23166.png,NHSCAD23166,NHS,3,iccad2
NHSCAD24352.png,NHSCAD24352,NHS,3,iccad2
NHSCAD21080.png,NHSCAD21080,NHS,4,iccad2
NHSCAD2278.png,NHSCAD2278,NHS,3,iccad2
NHSCAD2911.png,NHSCAD2911,NHS,4,iccad2
NHSCAD23105.png,NHSCAD23105,NHS,4,iccad2
NHSCAD24175.png,NHSCAD24175,NHS,2,iccad2
NHSCAD24837.png,NHSCAD24837,NHS,2,iccad2
NHSCAD24019.png,NHSCAD24019,NHS,1,iccad2
NHSCAD21960.png,NHSCAD21960,NHS,2,iccad2
NHSCAD23133.png,NHSCAD23133,NHS,4,iccad2
NHSCAD21582.png,NHSCAD21582,NHS,2,iccad2
NHSCAD23418.png,NHSCAD23418,NHS,2,iccad2
NHSCAD24617.png,NHSCAD24617,NHS,3,iccad2
NHSCAD2868.png,NHSCAD2868,NHS,2,iccad2
NHSCAD24768.png,NHSCAD24768,NHS,0,iccad2
NHSCAD24627.png,NHSCAD24627,NHS,2,iccad2
NHSCAD22730.png,NHSCAD22730,NHS,0,iccad2
NHSCAD24018.png,NHSCAD24018,NHS,0,iccad2
NHSCAD21587.png,NHSCAD21587,NHS,2,iccad2
NHSCAD25390.png,NHSCAD25390,NHS,0,iccad2
NHSCAD21473.png,NHSCAD21473,NHS,2,iccad2
NHSCAD21393.png,NHSCAD21393,NHS,0,iccad2
NHSCAD2374.png,NHSCAD2374,NHS,0,iccad2
NHSCAD2311.png,NHSCAD2311,NHS,4,iccad2
NHSCAD21182.png,NHSCAD21182,NHS,0,iccad2
HSCAD2119.png,HSCAD2119,HS,3,iccad2
NHSCAD2717.png,NHSCAD2717,NHS,4,iccad2
NHSCAD23001.png,NHSCAD23001,NHS,3,iccad2
NHSCAD2865.png,NHSCAD2865,NHS,4,iccad2
NHSCAD23110.png,NHSCAD23110,NHS,0,iccad2
NHSCAD2752.png,NHSCAD2752,NHS,2,iccad2
NHSCAD24194.png,NHSCAD24194,NHS,4,iccad2
NHSCAD23236.png,NHSCAD23236,NHS,4,iccad2
NHSCAD22077.png,NHSCAD22077,NHS,1,iccad2
NHSCAD24114.png,NHSCAD24114,NHS,3,iccad2
NHSCAD25231.png,NHSCAD25231,NHS,2,iccad2
NHSCAD24067.png,NHSCAD24067,NHS,3,iccad2
NHSCAD23179.png,NHSCAD23179,NHS,2,iccad2
NHSCAD23502.png,NHSCAD23502,NHS,2,iccad2
NHSCAD21631.png,NHSCAD21631,NHS,1,iccad2
NHSCAD25281.png,NHSCAD25281,NHS,2,iccad2
NHSCAD2836.png,NHSCAD2836,NHS,0,iccad2
NHSCAD22137.png,NHSCAD22137,NHS,1,iccad2
NHSCAD21507.png,NHSCAD21507,NHS,1,iccad2
NHSCAD23137.png,NHSCAD23137,NHS,3,iccad2
NHSCAD23966.png,NHSCAD23966,NHS,3,iccad2
NHSCAD22823.png,NHSCAD22823,NHS,3,iccad2
NHSCAD2565.png,NHSCAD2565,NHS,3,iccad2
NHSCAD23147.png,NHSCAD23147,NHS,3,iccad2
NHSCAD24786.png,NHSCAD24786,NHS,2,iccad2
NHSCAD25425.png,NHSCAD25425,NHS,2,iccad2
NHSCAD22574.png,NHSCAD22574,NHS,1,iccad2
NHSCAD2786.png,NHSCAD2786,NHS,0,iccad2
NHSCAD25336.png,NHSCAD25336,NHS,0,iccad2
NHSCAD25304.png,NHSCAD25304,NHS,0,iccad2
NHSCAD22392.png,NHSCAD22392,NHS,2,iccad2
NHSCAD23278.png,NHSCAD23278,NHS,3,iccad2
NHSCAD22465.png,NHSCAD22465,NHS,1,iccad2
NHSCAD23745.png,NHSCAD23745,NHS,2,iccad2
NHSCAD24511.png,NHSCAD24511,NHS,3,iccad2
NHSCAD2631.png,NHSCAD2631,NHS,0,iccad2
NHSCAD21919.png,NHSCAD21919,NHS,3,iccad2
NHSCAD22205.png,NHSCAD22205,NHS,4,iccad2
NHSCAD24096.png,NHSCAD24096,NHS,3,iccad2
NHSCAD21859.png,NHSCAD21859,NHS,0,iccad2
NHSCAD23015.png,NHSCAD23015,NHS,3,iccad2
NHSCAD23515.png,NHSCAD23515,NHS,1,iccad2
NHSCAD23292.png,NHSCAD23292,NHS,4,iccad2
NHSCAD22074.png,NHSCAD22074,NHS,4,iccad2
NHSCAD24773.png,NHSCAD24773,NHS,1,iccad2
NHSCAD23085.png,NHSCAD23085,NHS,2,iccad2
NHSCAD21984.png,NHSCAD21984,NHS,4,iccad2
NHSCAD23497.png,NHSCAD23497,NHS,1,iccad2
NHSCAD2763.png,NHSCAD2763,NHS,3,iccad2
NHSCAD25344.png,NHSCAD25344,NHS,1,iccad2
NHSCAD2511.png,NHSCAD2511,NHS,1,iccad2
NHSCAD24187.png,NHSCAD24187,NHS,0,iccad2
NHSCAD24302.png,NHSCAD24302,NHS,0,iccad2
NHSCAD24986.png,NHSCAD24986,NHS,3,iccad2
NHSCAD22439.png,NHSCAD22439,NHS,3,iccad2
HSCAD295.png,HSCAD295,HS,4,iccad2
NHSCAD2764.png,NHSCAD2764,NHS,4,iccad2
NHSCAD23588.png,NHSCAD23588,NHS,4,iccad2
NHSCAD21245.png,NHSCAD21245,NHS,4,iccad2
NHSCAD23365.png,NHSCAD23365,NHS,3,iccad2
NHSCAD22635.png,NHSCAD22635,NHS,3,iccad2
NHSCAD21650.png,NHSCAD21650,NHS,4,iccad2
NHSCAD24712.png,NHSCAD24712,NHS,4,iccad2
NHSCAD22408.png,NHSCAD22408,NHS,4,iccad2
NHSCAD25101.png,NHSCAD25101,NHS,3,iccad2
NHSCAD25126.png,NHSCAD25126,NHS,4,iccad2
NHSCAD22933.png,NHSCAD22933,NHS,0,iccad2
HSCAD2148.png,HSCAD2148,HS,0,iccad2
NHSCAD2219.png,NHSCAD2219,NHS,4,iccad2
NHSCAD21053.png,NHSCAD21053,NHS,2,iccad2
NHSCAD23806.png,NHSCAD23806,NHS,1,iccad2
NHSCAD21180.png,NHSCAD21180,NHS,4,iccad2
NHSCAD2417.png,NHSCAD2417,NHS,3,iccad2
NHSCAD24871.png,NHSCAD24871,NHS,4,iccad2
NHSCAD24258.png,NHSCAD24258,NHS,4,iccad2
NHSCAD23381.png,NHSCAD23381,NHS,0,iccad2
NHSCAD23626.png,NHSCAD23626,NHS,3,iccad2
NHSCAD22223.png,NHSCAD22223,NHS,3,iccad2
NHSCAD23492.png,NHSCAD23492,NHS,1,iccad2
NHSCAD24056.png,NHSCAD24056,NHS,2,iccad2
NHSCAD23360.png,NHSCAD23360,NHS,3,iccad2
NHSCAD22167.png,NHSCAD22167,NHS,4,iccad2
NHSCAD21745.png,NHSCAD21745,NHS,1,iccad2
NHSCAD22619.png,NHSCAD22619,NHS,4,iccad2
NHSCAD21191.png,NHSCAD21191,NHS,0,iccad2
NHSCAD22579.png,NHSCAD22579,NHS,2,iccad2
NHSCAD23242.png,NHSCAD23242,NHS,1,iccad2
NHSCAD22271.png,NHSCAD22271,NHS,4,iccad2
NHSCAD22781.png,NHSCAD22781,NHS,0,iccad2
NHSCAD24596.png,NHSCAD24596,NHS,0,iccad2
NHSCAD2777.png,NHSCAD2777,NHS,2,iccad2
NHSCAD23185.png,NHSCAD23185,NHS,4,iccad2
NHSCAD21992.png,NHSCAD21992,NHS,2,iccad2
NHSCAD22261.png,NHSCAD22261,NHS,3,iccad2
NHSCAD24184.png,NHSCAD24184,NHS,3,iccad2
NHSCAD23158.png,NHSCAD23158,NHS,4,iccad2
NHSCAD24125.png,NHSCAD24125,NHS,1,iccad2
NHSCAD2701.png,NHSCAD2701,NHS,2,iccad2
NHSCAD24312.png,NHSCAD24312,NHS,4,iccad2
NHSCAD21024.png,NHSCAD21024,NHS,3,iccad2
NHSCAD23767.png,NHSCAD23767,NHS,4,iccad2
NHSCAD21711.png,NHSCAD21711,NHS,1,iccad2
NHSCAD25268.png,NHSCAD25268,NHS,2,iccad2
HSCAD2161.png,HSCAD2161,HS,0,iccad2
NHSCAD23787.png,NHSCAD23787,NHS,1,iccad2
NHSCAD21578.png,NHSCAD21578,NHS,4,iccad2
NHSCAD24797.png,NHSCAD24797,NHS,2,iccad2
NHSCAD2416.png,NHSCAD2416,NHS,1,iccad2
NHSCAD24807.png,NHSCAD24807,NHS,4,iccad2
NHSCAD22529.png,NHSCAD22529,NHS,1,iccad2
NHSCAD21808.png,NHSCAD21808,NHS,2,iccad2
NHSCAD21994.png,NHSCAD21994,NHS,4,iccad2
NHSCAD22959.png,NHSCAD22959,NHS,2,iccad2
NHSCAD21338.png,NHSCAD21338,NHS,0,iccad2
NHSCAD2925.png,NHSCAD2925,NHS,3,iccad2
NHSCAD24764.png,NHSCAD24764,NHS,0,iccad2
HSCAD2145.png,HSCAD2145,HS,0,iccad2
NHSCAD23959.png,NHSCAD23959,NHS,0,iccad2
NHSCAD22033.png,NHSCAD22033,NHS,0,iccad2
NHSCAD23865.png,NHSCAD23865,NHS,4,iccad2
NHSCAD22989.png,NHSCAD22989,NHS,4,iccad2
NHSCAD22672.png,NHSCAD22672,NHS,1,iccad2
NHSCAD22982.png,NHSCAD22982,NHS,2,iccad2
NHSCAD24847.png,NHSCAD24847,NHS,2,iccad2
NHSCAD22309.png,NHSCAD22309,NHS,4,iccad2
HSCAD2109.png,HSCAD2109,HS,2,iccad2
HSCAD296.png,HSCAD296,HS,0,iccad2
HSCAD274.png,HSCAD274,HS,1,iccad2
NHSCAD22819.png,NHSCAD22819,NHS,3,iccad2
NHSCAD22018.png,NHSCAD22018,NHS,0,iccad2
NHSCAD25056.png,NHSCAD25056,NHS,3,iccad2
NHSCAD24118.png,NHSCAD24118,NHS,0,iccad2
NHSCAD2748.png,NHSCAD2748,NHS,3,iccad2
NHSCAD25348.png,NHSCAD25348,NHS,4,iccad2
NHSCAD23088.png,NHSCAD23088,NHS,0,iccad2
NHSCAD24540.png,NHSCAD24540,NHS,0,iccad2
NHSCAD2809.png,NHSCAD2809,NHS,3,iccad2
NHSCAD22679.png,NHSCAD22679,NHS,4,iccad2
NHSCAD22623.png,NHSCAD22623,NHS,4,iccad2
NHSCAD2338.png,NHSCAD2338,NHS,4,iccad2
NHSCAD21682.png,NHSCAD21682,NHS,0,iccad2
NHSCAD24027.png,NHSCAD24027,NHS,0,iccad2
NHSCAD22509.png,NHSCAD22509,NHS,0,iccad2
NHSCAD22976.png,NHSCAD22976,NHS,1,iccad2
NHSCAD22847.png,NHSCAD22847,NHS,3,iccad2
NHSCAD22569.png,NHSCAD22569,NHS,0,iccad2
NHSCAD24278.png,NHSCAD24278,NHS,3,iccad2
NHSCAD21511.png,NHSCAD21511,NHS,0,iccad2
NHSCAD24686.png,NHSCAD24686,NHS,1,iccad2
NHSCAD23320.png,NHSCAD23320,NHS,0,iccad2
NHSCAD21645.png,NHSCAD21645,NHS,4,iccad2
NHSCAD23780.png,NHSCAD23780,NHS,4,iccad2
NHSCAD24589.png,NHSCAD24589,NHS,3,iccad2
NHSCAD21418.png,NHSCAD21418,NHS,3,iccad2
NHSCAD23393.png,NHSCAD23393,NHS,1,iccad2
NHSCAD2699.png,NHSCAD2699,NHS,2,iccad2
NHSCAD23967.png,NHSCAD23967,NHS,4,iccad2
NHSCAD24758.png,NHSCAD24758,NHS,3,iccad2
NHSCAD22756.png,NHSCAD22756,NHS,3,iccad2
NHSCAD2176.png,NHSCAD2176,NHS,0,iccad2
NHSCAD22768.png,NHSCAD22768,NHS,0,iccad2
NHSCAD21387.png,NHSCAD21387,NHS,4,iccad2
NHSCAD22780.png,NHSCAD22780,NHS,4,iccad2
NHSCAD21220.png,NHSCAD21220,NHS,4,iccad2
NHSCAD23618.png,NHSCAD23618,NHS,2,iccad2
NHSCAD2672.png,NHSCAD2672,NHS,1,iccad2
NHSCAD23935.png,NHSCAD23935,NHS,4,iccad2
NHSCAD22311.png,NHSCAD22311,NHS,2,iccad2
NHSCAD21658.png,NHSCAD21658,NHS,2,iccad2
NHSCAD22081.png,NHSCAD22081,NHS,1,iccad2
NHSCAD2348.png,NHSCAD2348,NHS,2,iccad2
HSCAD2147.png,HSCAD2147,HS,2,iccad2
NHSCAD22526.png,NHSCAD22526,NHS,4,iccad2
NHSCAD23629.png,NHSCAD23629,NHS,2,iccad2
NHSCAD21305.png,NHSCAD21305,NHS,2,iccad2
NHSCAD2891.png,NHSCAD2891,NHS,0,iccad2
NHSCAD23155.png,NHSCAD23155,NHS,1,iccad2
NHSCAD24248.png,NHSCAD24248,NHS,3,iccad2
NHSCAD22423.png,NHSCAD22423,NHS,0,iccad2
NHSCAD22046.png,NHSCAD22046,NHS,3,iccad2
NHSCAD22541.png,NHSCAD22541,NHS,1,iccad2
NHSCAD2549.png,NHSCAD2549,NHS,2,iccad2
NHSCAD24428.png,NHSCAD24428,NHS,2,iccad2
NHSCAD24519.png,NHSCAD24519,NHS,1,iccad2
NHSCAD22762.png,NHSCAD22762,NHS,4,iccad2
NHSCAD24863.png,NHSCAD24863,NHS,0,iccad2
NHSCAD2823.png,NHSCAD2823,NHS,3,iccad2
NHSCAD21346.png,NHSCAD21346,NHS,3,iccad2
NHSCAD21615.png,NHSCAD21615,NHS,3,iccad2
NHSCAD23178.png,NHSCAD23178,NHS,1,iccad2
NHSCAD22700.png,NHSCAD22700,NHS,3,iccad2
NHSCAD23921.png,NHSCAD23921,NHS,4,iccad2
NHSCAD22336.png,NHSCAD22336,NHS,4,iccad2
NHSCAD25291.png,NHSCAD25291,NHS,4,iccad2
NHSCAD21910.png,NHSCAD21910,NHS,4,iccad2
HSCAD263.png,HSCAD263,HS,4,iccad2
NHSCAD23301.png,NHSCAD23301,NHS,4,iccad2
NHSCAD22792.png,NHSCAD22792,NHS,3,iccad2
NHSCAD22544.png,NHSCAD22544,NHS,4,iccad2
NHSCAD25403.png,NHSCAD25403,NHS,4,iccad2
NHSCAD24552.png,NHSCAD24552,NHS,3,iccad2
NHSCAD21411.png,NHSCAD21411,NHS,0,iccad2
NHSCAD22355.png,NHSCAD22355,NHS,4,iccad2
NHSCAD21018.png,NHSCAD21018,NHS,2,iccad2
NHSCAD24690.png,NHSCAD24690,NHS,1,iccad2
NHSCAD22244.png,NHSCAD22244,NHS,4,iccad2
NHSCAD23980.png,NHSCAD23980,NHS,4,iccad2
NHSCAD24282.png,NHSCAD24282,NHS,2,iccad2
NHSCAD24306.png,NHSCAD24306,NHS,3,iccad2
NHSCAD21416.png,NHSCAD21416,NHS,0,iccad2
NHSCAD21226.png,NHSCAD21226,NHS,0,iccad2
NHSCAD2433.png,NHSCAD2433,NHS,0,iccad2
NHSCAD2981.png,NHSCAD2981,NHS,0,iccad2
NHSCAD22206.png,NHSCAD22206,NHS,0,iccad2
NHSCAD24111.png,NHSCAD24111,NHS,1,iccad2
NHSCAD24098.png,NHSCAD24098,NHS,1,iccad2
NHSCAD23676.png,NHSCAD23676,NHS,3,iccad2
NHSCAD2273.png,NHSCAD2273,NHS,4,iccad2
NHSCAD21012.png,NHSCAD21012,NHS,1,iccad2
NHSCAD2351.png,NHSCAD2351,NHS,0,iccad2
NHSCAD24942.png,NHSCAD24942,NHS,0,iccad2
NHSCAD2399.png,NHSCAD2399,NHS,4,iccad2
NHSCAD23545.png,NHSCAD23545,NHS,0,iccad2
NHSCAD25205.png,NHSCAD25205,NHS,0,iccad2
NHSCAD21347.png,NHSCAD21347,NHS,4,iccad2
NHSCAD21339.png,NHSCAD21339,NHS,1,iccad2
NHSCAD24993.png,NHSCAD24993,NHS,1,iccad2
NHSCAD23467.png,NHSCAD23467,NHS,4,iccad2
NHSCAD25185.png,NHSCAD25185,NHS,2,iccad2
NHSCAD23127.png,NHSCAD23127,NHS,1,iccad2
NHSCAD21752.png,NHSCAD21752,NHS,3,iccad2
NHSCAD24853.png,NHSCAD24853,NHS,4,iccad2
NHSCAD22637.png,NHSCAD22637,NHS,4,iccad2
NHSCAD24101.png,NHSCAD24101,NHS,4,iccad2
NHSCAD25220.png,NHSCAD25220,NHS,2,iccad2
NHSCAD23673.png,NHSCAD23673,NHS,4,iccad2
NHSCAD24851.png,NHSCAD24851,NHS,2,iccad2
NHSCAD24637.png,NHSCAD24637,NHS,4,iccad2
NHSCAD24550.png,NHSCAD24550,NHS,1,iccad2
NHSCAD23448.png,NHSCAD23448,NHS,3,iccad2
NHSCAD21380.png,NHSCAD21380,NHS,2,iccad2
NHSCAD22286.png,NHSCAD22286,NHS,0,iccad2
NHSCAD22039.png,NHSCAD22039,NHS,1,iccad2
NHSCAD2813.png,NHSCAD2813,NHS,3,iccad2
NHSCAD25237.png,NHSCAD25237,NHS,4,iccad2
NHSCAD22573.png,NHSCAD22573,NHS,0,iccad2
NHSCAD2406.png,NHSCAD2406,NHS,0,iccad2
NHSCAD24016.png,NHSCAD24016,NHS,2,iccad2
NHSCAD23404.png,NHSCAD23404,NHS,2,iccad2
NHSCAD22875.png,NHSCAD22875,NHS,4,iccad2
NHSCAD23791.png,NHSCAD23791,NHS,0,iccad2
NHSCAD21610.png,NHSCAD21610,NHS,3,iccad2
NHSCAD2850.png,NHSCAD2850,NHS,4,iccad2
NHSCAD21100.png,NHSCAD21100,NHS,3,iccad2
NHSCAD22019.png,NHSCAD22019,NHS,1,iccad2
NHSCAD22963.png,NHSCAD22963,NHS,2,iccad2
NHSCAD2461.png,NHSCAD2461,NHS,4,iccad2
NHSCAD23933.png,NHSCAD23933,NHS,2,iccad2
NHSCAD25258.png,NHSCAD25258,NHS,3,iccad2
NHSCAD2253.png,NHSCAD2253,NHS,3,iccad2
NHSCAD22420.png,NHSCAD22420,NHS,3,iccad2
NHSCAD25209.png,NHSCAD25209,NHS,4,iccad2
NHSCAD23074.png,NHSCAD23074,NHS,1,iccad2
NHSCAD23314.png,NHSCAD23314,NHS,3,iccad2
NHSCAD24928.png,NHSCAD24928,NHS,4,iccad2
NHSCAD21840.png,NHSCAD21840,NHS,0,iccad2
NHSCAD22053.png,NHSCAD22053,NHS,1,iccad2
NHSCAD21836.png,NHSCAD21836,NHS,0,iccad2
NHSCAD23598.png,NHSCAD23598,NHS,2,iccad2
NHSCAD22208.png,NHSCAD22208,NHS,2,iccad2
NHSCAD22682.png,NHSCAD22682,NHS,3,iccad2
NHSCAD21298.png,NHSCAD21298,NHS,0,iccad2
NHSCAD23350.png,NHSCAD23350,NHS,2,iccad2
NHSCAD22067.png,NHSCAD22067,NHS,1,iccad2
NHSCAD22233.png,NHSCAD22233,NHS,3,iccad2
NHSCAD23399.png,NHSCAD23399,NHS,4,iccad2
NHSCAD21247.png,NHSCAD21247,NHS,1,iccad2
NHSCAD23048.png,NHSCAD23048,NHS,2,iccad2
NHSCAD21725.png,NHSCAD21725,NHS,4,iccad2
NHSCAD22279.png,NHSCAD22279,NHS,2,iccad2
NHSCAD2379.png,NHSCAD2379,NHS,3,iccad2
NHSCAD24241.png,NHSCAD24241,NHS,0,iccad2
NHSCAD21336.png,NHSCAD21336,NHS,3,iccad2
NHSCAD21444.png,NHSCAD21444,NHS,3,iccad2
NHSCAD2342.png,NHSCAD2342,NHS,1,iccad2
NHSCAD25447.png,NHSCAD25447,NHS,1,iccad2
NHSCAD21932.png,NHSCAD21932,NHS,1,iccad2
NHSCAD21793.png,NHSCAD21793,NHS,3,iccad2
NHSCAD22225.png,NHSCAD22225,NHS,1,iccad2
NHSCAD2815.png,NHSCAD2815,NHS,4,iccad2
NHSCAD22094.png,NHSCAD22094,NHS,4,iccad2
NHSCAD21022.png,NHSCAD21022,NHS,1,iccad2
NHSCAD23945.png,NHSCAD23945,NHS,0,iccad2
NHSCAD2362.png,NHSCAD2362,NHS,1,iccad2
NHSCAD24872.png,NHSCAD24872,NHS,0,iccad2
NHSCAD24132.png,NHSCAD24132,NHS,1,iccad2
NHSCAD21732.png,NHSCAD21732,NHS,0,iccad2
NHSCAD25323.png,NHSCAD25323,NHS,2,iccad2
NHSCAD23576.png,NHSCAD23576,NHS,3,iccad2
NHSCAD22580.png,NHSCAD22580,NHS,4,iccad2
NHSCAD22610.png,NHSCAD22610,NHS,0,iccad2
NHSCAD23171.png,NHSCAD23171,NHS,4,iccad2
NHSCAD24877.png,NHSCAD24877,NHS,0,iccad2
NHSCAD22775.png,NHSCAD22775,NHS,3,iccad2
NHSCAD23321.png,NHSCAD23321,NHS,1,iccad2
NHSCAD22353.png,NHSCAD22353,NHS,2,iccad2
NHSCAD24497.png,NHSCAD24497,NHS,2,iccad2
NHSCAD2250.png,NHSCAD2250,NHS,2,iccad2
NHSCAD21649.png,NHSCAD21649,NHS,3,iccad2
NHSCAD23030.png,NHSCAD23030,NHS,3,iccad2
NHSCAD22909.png,NHSCAD22909,NHS,3,iccad2
NHSCAD22811.png,NHSCAD22811,NHS,3,iccad2
NHSCAD24059.png,NHSCAD24059,NHS,4,iccad2
NHSCAD21726.png,NHSCAD21726,NHS,1,iccad2
NHSCAD2394.png,NHSCAD2394,NHS,4,iccad2
NHSCAD22380.png,NHSCAD22380,NHS,2,iccad2
NHSCAD21363.png,NHSCAD21363,NHS,0,iccad2
NHSCAD22345.png,NHSCAD22345,NHS,3,iccad2
NHSCAD24135.png,NHSCAD24135,NHS,2,iccad2
NHSCAD2800.png,NHSCAD2800,NHS,4,iccad2
NHSCAD22147.png,NHSCAD22147,NHS,1,iccad2
NHSCAD22880.png,NHSCAD22880,NHS,2,iccad2
NHSCAD25034.png,NHSCAD25034,NHS,4,iccad2
NHSCAD21094.png,NHSCAD21094,NHS,4,iccad2
NHSCAD22344.png,NHSCAD22344,NHS,3,iccad2
NHSCAD21563.png,NHSCAD21563,NHS,4,iccad2
NHSCAD24805.png,NHSCAD24805,NHS,1,iccad2
NHSCAD22245.png,NHSCAD22245,NHS,0,iccad2
NHSCAD21268.png,NHSCAD21268,NHS,2,iccad2
NHSCAD2650.png,NHSCAD2650,NHS,3,iccad2
NHSCAD2260.png,NHSCAD2260,NHS,1,iccad2
NHSCAD23270.png,NHSCAD23270,NHS,1,iccad2
NHSCAD21938.png,NHSCAD21938,NHS,2,iccad2
NHSCAD23627.png,NHSCAD23627,NHS,0,iccad2
NHSCAD21690.png,NHSCAD21690,NHS,4,iccad2
NHSCAD24106.png,NHSCAD24106,NHS,4,iccad2
NHSCAD21985.png,NHSCAD21985,NHS,3,iccad2
NHSCAD25441.png,NHSCAD25441,NHS,0,iccad2
NHSCAD22259.png,NHSCAD22259,NHS,0,iccad2
NHSCAD2610.png,NHSCAD2610,NHS,3,iccad2
NHSCAD23867.png,NHSCAD23867,NHS,2,iccad2
NHSCAD24735.png,NHSCAD24735,NHS,3,iccad2
NHSCAD2280.png,NHSCAD2280,NHS,0,iccad2
NHSCAD24707.png,NHSCAD24707,NHS,0,iccad2
NHSCAD2370.png,NHSCAD2370,NHS,1,iccad2
NHSCAD24739.png,NHSCAD24739,NHS,2,iccad2
NHSCAD22920.png,NHSCAD22920,NHS,1,iccad2
NHSCAD22785.png,NHSCAD22785,NHS,4,iccad2
NHSCAD24828.png,NHSCAD24828,NHS,1,iccad2
NHSCAD2885.png,NHSCAD2885,NHS,4,iccad2
NHSCAD2478.png,NHSCAD2478,NHS,2,iccad2
NHSCAD2369.png,NHSCAD2369,NHS,3,iccad2
NHSCAD24102.png,NHSCAD24102,NHS,1,iccad2
NHSCAD23724.png,NHSCAD23724,NHS,3,iccad2
NHSCAD22295.png,NHSCAD22295,NHS,0,iccad2
HSCAD2155.png,HSCAD2155,HS,4,iccad2
NHSCAD2241.png,NHSCAD2241,NHS,1,iccad2
NHSCAD21005.png,NHSCAD21005,NHS,4,iccad2
NHSCAD22629.png,NHSCAD22629,NHS,0,iccad2
NHSCAD25167.png,NHSCAD25167,NHS,3,iccad2
NHSCAD21027.png,NHSCAD21027,NHS,1,iccad2
NHSCAD21178.png,NHSCAD21178,NHS,2,iccad2
NHSCAD21482.png,NHSCAD21482,NHS,1,iccad2
NHSCAD23324.png,NHSCAD23324,NHS,3,iccad2
NHSCAD24283.png,NHSCAD24283,NHS,3,iccad2
NHSCAD23167.png,NHSCAD23167,NHS,4,iccad2
NHSCAD24498.png,NHSCAD24498,NHS,3,iccad2
NHSCAD23489.png,NHSCAD23489,NHS,2,iccad2
NHSCAD25088.png,NHSCAD25088,NHS,3,iccad2
NHSCAD22703.png,NHSCAD22703,NHS,2,iccad2
NHSCAD24940.png,NHSCAD24940,NHS,3,iccad2
NHSCAD22218.png,NHSCAD22218,NHS,0,iccad2
NHSCAD23332.png,NHSCAD23332,NHS,2,iccad2
NHSCAD24201.png,NHSCAD24201,NHS,1,iccad2
NHSCAD2208.png,NHSCAD2208,NHS,4,iccad2
NHSCAD24368.png,NHSCAD24368,NHS,0,iccad2
NHSCAD24388.png,NHSCAD24388,NHS,2,iccad2
NHSCAD22828.png,NHSCAD22828,NHS,3,iccad2
NHSCAD22209.png,NHSCAD22209,NHS,3,iccad2
NHSCAD21729.png,NHSCAD21729,NHS,3,iccad2
NHSCAD2245.png,NHSCAD2245,NHS,2,iccad2
NHSCAD2232.png,NHSCAD2232,NHS,1,iccad2
NHSCAD24488.png,NHSCAD24488,NHS,2,iccad2
NHSCAD22258.png,NHSCAD22258,NHS,4,iccad2
NHSCAD21640.png,NHSCAD21640,NHS,3,iccad2
NHSCAD22588.png,NHSCAD22588,NHS,0,iccad2
NHSCAD23608.png,NHSCAD23608,NHS,3,iccad2
NHSCAD23792.png,NHSCAD23792,NHS,1,iccad2
NHSCAD23975.png,NHSCAD23975,NHS,3,iccad2
NHSCAD21379.png,NHSCAD21379,NHS,1,iccad2
NHSCAD22751.png,NHSCAD22751,NHS,3,iccad2
NHSCAD23016.png,NHSCAD23016,NHS,4,iccad2
NHSCAD24873.png,NHSCAD24873,NHS,1,iccad2
NHSCAD23017.png,NHSCAD23017,NHS,1,iccad2
NHSCAD21627.png,NHSCAD21627,NHS,2,iccad2
NHSCAD21499.png,NHSCAD21499,NHS,3,iccad2
HSCAD2167.png,HSCAD2167,HS,3,iccad2
NHSCAD24840.png,NHSCAD24840,NHS,0,iccad2
NHSCAD25039.png,NHSCAD25039,NHS,4,iccad2
NHSCAD2744.png,NHSCAD2744,NHS,4,iccad2
NHSCAD25414.png,NHSCAD25414,NHS,1,iccad2
NHSCAD22361.png,NHSCAD22361,NHS,1,iccad2
NHSCAD2277.png,NHSCAD2277,NHS,2,iccad2
NHSCAD2191.png,NHSCAD2191,NHS,3,iccad2
NHSCAD24399.png,NHSCAD24399,NHS,4,iccad2
NHSCAD21888.png,NHSCAD21888,NHS,4,iccad2
NHSCAD23752.png,NHSCAD23752,NHS,3,iccad2
NHSCAD22414.png,NHSCAD22414,NHS,0,iccad2
NHSCAD23849.png,NHSCAD23849,NHS,2,iccad2
NHSCAD24202.png,NHSCAD24202,NHS,3,iccad2
NHSCAD21656.png,NHSCAD21656,NHS,0,iccad2
NHSCAD23599.png,NHSCAD23599,NHS,3,iccad2
NHSCAD24206.png,NHSCAD24206,NHS,1,iccad2
NHSCAD23591.png,NHSCAD23591,NHS,1,iccad2
NHSCAD2198.png,NHSCAD2198,NHS,1,iccad2
NHSCAD2737.png,NHSCAD2737,NHS,2,iccad2
NHSCAD24694.png,NHSCAD24694,NHS,3,iccad2
NHSCAD23663.png,NHSCAD23663,NHS,1,iccad2
NHSCAD23275.png,NHSCAD23275,NHS,1,iccad2
NHSCAD2864.png,NHSCAD2864,NHS,2,iccad2
NHSCAD23478.png,NHSCAD23478,NHS,0,iccad2
NHSCAD24485.png,NHSCAD24485,NHS,4,iccad2
NHSCAD21790.png,NHSCAD21790,NHS,0,iccad2
NHSCAD21762.png,NHSCAD21762,NHS,4,iccad2
NHSCAD21234.png,NHSCAD21234,NHS,3,iccad2
NHSCAD25136.png,NHSCAD25136,NHS,0,iccad2
NHSCAD23526.png,NHSCAD23526,NHS,3,iccad2
NHSCAD23785.png,NHSCAD23785,NHS,3,iccad2
NHSCAD21680.png,NHSCAD21680,NHS,4,iccad2
NHSCAD24643.png,NHSCAD24643,NHS,1,iccad2
HSCAD268.png,HSCAD268,HS,4,iccad2
NHSCAD25335.png,NHSCAD25335,NHS,3,iccad2
NHSCAD23169.png,NHSCAD23169,NHS,0,iccad2
NHSCAD2642.png,NHSCAD2642,NHS,1,iccad2
NHSCAD2445.png,NHSCAD2445,NHS,0,iccad2
NHSCAD21097.png,NHSCAD21097,NHS,1,iccad2
NHSCAD23701.png,NHSCAD23701,NHS,4,iccad2
NHSCAD21495.png,NHSCAD21495,NHS,4,iccad2
NHSCAD2988.png,NHSCAD2988,NHS,1,iccad2
NHSCAD23682.png,NHSCAD23682,NHS,4,iccad2
NHSCAD21809.png,NHSCAD21809,NHS,0,iccad2
NHSCAD22981.png,NHSCAD22981,NHS,0,iccad2
NHSCAD22737.png,NHSCAD22737,NHS,2,iccad2
NHSCAD25077.png,NHSCAD25077,NHS,0,iccad2
NHSCAD22843.png,NHSCAD22843,NHS,4,iccad2
NHSCAD2224.png,NHSCAD2224,NHS,4,iccad2
NHSCAD21084.png,NHSCAD21084,NHS,2,iccad2
NHSCAD23226.png,NHSCAD23226,NHS,3,iccad2
NHSCAD2481.png,NHSCAD2481,NHS,1,iccad2
NHSCAD23498.png,NHSCAD23498,NHS,2,iccad2
NHSCAD25294.png,NHSCAD25294,NHS,3,iccad2
NHSCAD21824.png,NHSCAD21824,NHS,1,iccad2
NHSCAD21108.png,NHSCAD21108,NHS,2,iccad2
NHSCAD25367.png,NHSCAD25367,NHS,1,iccad2
HSCAD244.png,HSCAD244,HS,3,iccad2
NHSCAD23706.png,NHSCAD23706,NHS,4,iccad2
HSCAD2126.png,HSCAD2126,HS,3,iccad2
NHSCAD21547.png,NHSCAD21547,NHS,2,iccad2
NHSCAD21303.png,NHSCAD21303,NHS,0,iccad2
NHSCAD22968.png,NHSCAD22968,NHS,2,iccad2
NHSCAD2792.png,NHSCAD2792,NHS,1,iccad2
NHSCAD23466.png,NHSCAD23466,NHS,1,iccad2
NHSCAD23974.png,NHSCAD23974,NHS,2,iccad2
NHSCAD23419.png,NHSCAD23419,NHS,0,iccad2
NHSCAD2282.png,NHSCAD2282,NHS,4,iccad2
NHSCAD21585.png,NHSCAD21585,NHS,3,iccad2
NHSCAD21801.png,NHSCAD21801,NHS,1,iccad2
NHSCAD22134.png,NHSCAD22134,NHS,3,iccad2
NHSCAD2430.png,NHSCAD2430,NHS,1,iccad2
NHSCAD23335.png,NHSCAD23335,NHS,1,iccad2
NHSCAD22102.png,NHSCAD22102,NHS,3,iccad2
NHSCAD21229.png,NHSCAD21229,NHS,4,iccad2
NHSCAD24673.png,NHSCAD24673,NHS,4,iccad2
NHSCAD21325.png,NHSCAD21325,NHS,2,iccad2
NHSCAD22010.png,NHSCAD22010,NHS,2,iccad2
NHSCAD2723.png,NHSCAD2723,NHS,0,iccad2
NHSCAD21538.png,NHSCAD21538,NHS,0,iccad2
NHSCAD22215.png,NHSCAD22215,NHS,4,iccad2
NHSCAD24937.png,NHSCAD24937,NHS,4,iccad2
NHSCAD2508.png,NHSCAD2508,NHS,2,iccad2
NHSCAD24432.png,NHSCAD24432,NHS,1,iccad2
NHSCAD22109.png,NHSCAD22109,NHS,0,iccad2
NHSCAD21112.png,NHSCAD21112,NHS,0,iccad2
NHSCAD21407.png,NHSCAD21407,NHS,2,iccad2
NHSCAD21683.png,NHSCAD21683,NHS,2,iccad2
NHSCAD2772.png,NHSCAD2772,NHS,2,iccad2
NHSCAD24319.png,NHSCAD24319,NHS,2,iccad2
NHSCAD24524.png,NHSCAD24524,NHS,2,iccad2
NHSCAD25125.png,NHSCAD25125,NHS,2,iccad2
NHSCAD2859.png,NHSCAD2859,NHS,3,iccad2
NHSCAD23708.png,NHSCAD23708,NHS,3,iccad2
NHSCAD23386.png,NHSCAD23386,NHS,0,iccad2
NHSCAD25327.png,NHSCAD25327,NHS,0,iccad2
NHSCAD23009.png,NHSCAD23009,NHS,2,iccad2
NHSCAD22224.png,NHSCAD22224,NHS,4,iccad2
NHSCAD22754.png,NHSCAD22754,NHS,1,iccad2
NHSCAD24492.png,NHSCAD24492,NHS,2,iccad2
NHSCAD25204.png,NHSCAD25204,NHS,4,iccad2
NHSCAD2515.png,NHSCAD2515,NHS,0,iccad2
NHSCAD22114.png,NHSCAD22114,NHS,1,iccad2
NHSCAD23573.png,NHSCAD23573,NHS,1,iccad2
NHSCAD22868.png,NHSCAD22868,NHS,0,iccad2
NHSCAD21982.png,NHSCAD21982,NHS,1,iccad2
NHSCAD23465.png,NHSCAD23465,NHS,3,iccad2
NHSCAD24821.png,NHSCAD24821,NHS,4,iccad2
HSCAD2102.png,HSCAD2102,HS,0,iccad2
NHSCAD24743.png,NHSCAD24743,NHS,2,iccad2
NHSCAD21933.png,NHSCAD21933,NHS,3,iccad2
NHSCAD2857.png,NHSCAD2857,NHS,1,iccad2
NHSCAD2431.png,NHSCAD2431,NHS,2,iccad2
NHSCAD21761.png,NHSCAD21761,NHS,3,iccad2
NHSCAD23563.png,NHSCAD23563,NHS,0,iccad2
NHSCAD22115.png,NHSCAD22115,NHS,2,iccad2
NHSCAD21459.png,NHSCAD21459,NHS,3,iccad2
NHSCAD22758.png,NHSCAD22758,NHS,0,iccad2
NHSCAD24911.png,NHSCAD24911,NHS,2,iccad2
NHSCAD2387.png,NHSCAD2387,NHS,4,iccad2
NHSCAD2372.png,NHSCAD2372,NHS,3,iccad2
NHSCAD24412.png,NHSCAD24412,NHS,4,iccad2
HSCAD255.png,HSCAD255,HS,0,iccad2
NHSCAD2963.png,NHSCAD2963,NHS,4,iccad2
NHSCAD25362.png,NHSCAD25362,NHS,1,iccad2
NHSCAD22470.png,NHSCAD22470,NHS,1,iccad2
NHSCAD21181.png,NHSCAD21181,NHS,4,iccad2
NHSCAD21300.png,NHSCAD21300,NHS,2,iccad2
NHSCAD2681.png,NHSCAD2681,NHS,4,iccad2
NHSCAD2460.png,NHSCAD2460,NHS,2,iccad2
NHSCAD2303.png,NHSCAD2303,NHS,2,iccad2
NHSCAD21341.png,NHSCAD21341,NHS,3,iccad2
NHSCAD24190.png,NHSCAD24190,NHS,2,iccad2
NHSCAD22462.png,NHSCAD22462,NHS,4,iccad2
NHSCAD23575.png,NHSCAD23575,NHS,2,iccad2
NHSCAD21241.png,NHSCAD21241,NHS,0,iccad2
NHSCAD22161.png,NHSCAD22161,NHS,2,iccad2
NHSCAD22995.png,NHSCAD22995,NHS,0,iccad2
NHSCAD24044.png,NHSCAD24044,NHS,2,iccad2
NHSCAD25236.png,NHSCAD25236,NHS,2,iccad2
NHSCAD21127.png,NHSCAD21127,NHS,3,iccad2
NHSCAD24697.png,NHSCAD24697,NHS,3,iccad2
NHSCAD24329.png,NHSCAD24329,NHS,3,iccad2
NHSCAD22539.png,NHSCAD22539,NHS,3,iccad2
NHSCAD2961.png,NHSCAD2961,NHS,0,iccad2
NHSCAD23952.png,NHSCAD23952,NHS,3,iccad2
NHSCAD2281.png,NHSCAD2281,NHS,1,iccad2
NHSCAD2334.png,NHSCAD2334,NHS,1,iccad2
NHSCAD21262.png,NHSCAD21262,NHS,1,iccad2
NHSCAD2327.png,NHSCAD2327,NHS,0,iccad2
NHSCAD21671.png,NHSCAD21671,NHS,0,iccad2
NHSCAD2375.png,NHSCAD2375,NHS,0,iccad2
NHSCAD23570.png,NHSCAD23570,NHS,2,iccad2
NHSCAD22153.png,NHSCAD22153,NHS,4,iccad2
NHSCAD22774.png,NHSCAD22774,NHS,2,iccad2
NHSCAD21572.png,NHSCAD21572,NHS,2,iccad2
NHSCAD23727.png,NHSCAD23727,NHS,1,iccad2
NHSCAD22533.png,NHSCAD22533,NHS,2,iccad2
NHSCAD21242.png,NHSCAD21242,NHS,1,iccad2
NHSCAD24653.png,NHSCAD24653,NHS,3,iccad2
NHSCAD23722.png,NHSCAD23722,NHS,1,iccad2
NHSCAD21847.png,NHSCAD21847,NHS,1,iccad2
NHSCAD2958.png,NHSCAD2958,NHS,4,iccad2
NHSCAD21381.png,NHSCAD21381,NHS,3,iccad2
NHSCAD23049.png,NHSCAD23049,NHS,3,iccad2
NHSCAD2830.png,NHSCAD2830,NHS,4,iccad2
NHSCAD24614.png,NHSCAD24614,NHS,4,iccad2
NHSCAD23903.png,NHSCAD23903,NHS,2,iccad2
NHSCAD23818.png,NHSCAD23818,NHS,3,iccad2
NHSCAD25433.png,NHSCAD25433,NHS,3,iccad2
NHSCAD21884.png,NHSCAD21884,NHS,1,iccad2
NHSCAD21402.png,NHSCAD21402,NHS,3,iccad2
NHSCAD23033.png,NHSCAD23033,NHS,1,iccad2
NHSCAD22399.png,NHSCAD22399,NHS,4,iccad2
NHSCAD2727.png,NHSCAD2727,NHS,4,iccad2
NHSCAD22684.png,NHSCAD22684,NHS,0,iccad2
NHSCAD24381.png,NHSCAD24381,NHS,0,iccad2
NHSCAD21040.png,NHSCAD21040,NHS,4,iccad2
NHSCAD22724.png,NHSCAD22724,NHS,3,iccad2
HSCAD275.png,HSCAD275,HS,2,iccad2
NHSCAD23550.png,NHSCAD23550,NHS,4,iccad2
NHSCAD2978.png,NHSCAD2978,NHS,4,iccad2
NHSCAD22044.png,NHSCAD22044,NHS,4,iccad2
NHSCAD21730.png,NHSCAD21730,NHS,4,iccad2
NHSCAD21812.png,NHSCAD21812,NHS,4,iccad2
NHSCAD22608.png,NHSCAD22608,NHS,3,iccad2
NHSCAD23031.png,NHSCAD23031,NHS,4,iccad2
NHSCAD23540.png,NHSCAD23540,NHS,4,iccad2
NHSCAD22600.png,NHSCAD22600,NHS,4,iccad2
NHSCAD22952.png,NHSCAD22952,NHS,0,iccad2
NHSCAD24263.png,NHSCAD24263,NHS,2,iccad2
NHSCAD22047.png,NHSCAD22047,NHS,0,iccad2
NHSCAD24093.png,NHSCAD24093,NHS,1,iccad2
NHSCAD22371.png,NHSCAD22371,NHS,2,iccad2
NHSCAD23429.png,NHSCAD23429,NHS,1,iccad2
NHSCAD24052.png,NHSCAD24052,NHS,4,iccad2
NHSCAD21709.png,NHSCAD21709,NHS,3,iccad2
NHSCAD21457.png,NHSCAD21457,NHS,2,iccad2
NHSCAD22852.png,NHSCAD22852,NHS,4,iccad2
NHSCAD2671.png,NHSCAD2671,NHS,0,iccad2
NHSCAD23612.png,NHSCAD23612,NHS,3,iccad2
NHSCAD22726.png,NHSCAD22726,NHS,0,iccad2
NHSCAD25384.png,NHSCAD25384,NHS,4,iccad2
HSCAD256.png,HSCAD256,HS,1,iccad2
HSCAD24.png,HSCAD24,HS,3,iccad2
NHSCAD25001.png,NHSCAD25001,NHS,4,iccad2
NHSCAD25377.png,NHSCAD25377,NHS,0,iccad2
NHSCAD21044.png,NHSCAD21044,NHS,3,iccad2
NHSCAD21434.png,NHSCAD21434,NHS,3,iccad2
NHSCAD21738.png,NHSCAD21738,NHS,2,iccad2
NHSCAD21926.png,NHSCAD21926,NHS,2,iccad2
NHSCAD24050.png,NHSCAD24050,NHS,1,iccad2
NHSCAD23998.png,NHSCAD23998,NHS,2,iccad2
NHSCAD22191.png,NHSCAD22191,NHS,0,iccad2
NHSCAD23987.png,NHSCAD23987,NHS,1,iccad2
NHSCAD24955.png,NHSCAD24955,NHS,4,iccad2
NHSCAD21871.png,NHSCAD21871,NHS,2,iccad2
NHSCAD24359.png,NHSCAD24359,NHS,0,iccad2
NHSCAD24539.png,NHSCAD24539,NHS,3,iccad2
NHSCAD25016.png,NHSCAD25016,NHS,1,iccad2
NHSCAD23283.png,NHSCAD23283,NHS,4,iccad2
NHSCAD2423.png,NHSCAD2423,NHS,3,iccad2
NHSCAD23508.png,NHSCAD23508,NHS,3,iccad2
NHSCAD25174.png,NHSCAD25174,NHS,3,iccad2
NHSCAD22418.png,NHSCAD22418,NHS,2,iccad2
NHSCAD22012.png,NHSCAD22012,NHS,4,iccad2
NHSCAD2408.png,NHSCAD2408,NHS,2,iccad2
NHSCAD2467.png,NHSCAD2467,NHS,0,iccad2
NHSCAD21140.png,NHSCAD21140,NHS,4,iccad2
NHSCAD22678.png,NHSCAD22678,NHS,3,iccad2
NHSCAD23639.png,NHSCAD23639,NHS,4,iccad2
NHSCAD23304.png,NHSCAD23304,NHS,2,iccad2
NHSCAD2807.png,NHSCAD2807,NHS,1,iccad2
NHSCAD23230.png,NHSCAD23230,NHS,3,iccad2
NHSCAD2658.png,NHSCAD2658,NHS,2,iccad2
NHSCAD2255.png,NHSCAD2255,NHS,0,iccad2
NHSCAD2960.png,NHSCAD2960,NHS,3,iccad2
NHSCAD21075.png,NHSCAD21075,NHS,4,iccad2
NHSCAD22715.png,NHSCAD22715,NHS,3,iccad2
NHSCAD23551.png,NHSCAD23551,NHS,1,iccad2
NHSCAD24622.png,NHSCAD24622,NHS,2,iccad2
NHSCAD23217.png,NHSCAD23217,NHS,3,iccad2
NHSCAD24191.png,NHSCAD24191,NHS,0,iccad2
NHSCAD23327.png,NHSCAD23327,NHS,0,iccad2
NHSCAD24830.png,NHSCAD24830,NHS,4,iccad2
NHSCAD2510.png,NHSCAD2510,NHS,0,iccad2
NHSCAD2821.png,NHSCAD2821,NHS,0,iccad2
NHSCAD22195.png,NHSCAD22195,NHS,3,iccad2
NHSCAD21019.png,NHSCAD21019,NHS,3,iccad2
NHSCAD24515.png,NHSCAD24515,NHS,2,iccad2
NHSCAD22210.png,NHSCAD22210,NHS,4,iccad2
NHSCAD23341.png,NHSCAD23341,NHS,2,iccad2
NHSCAD24154.png,NHSCAD24154,NHS,0,iccad2
NHSCAD2336.png,NHSCAD2336,NHS,2,iccad2
NHSCAD24234.png,NHSCAD24234,NHS,3,iccad2
NHSCAD2581.png,NHSCAD2581,NHS,4,iccad2
NHSCAD22911.png,NHSCAD22911,NHS,1,iccad2
NHSCAD24079.png,NHSCAD24079,NHS,1,iccad2
NHSCAD2951.png,NHSCAD2951,NHS,0,iccad2
NHSCAD24680.png,NHSCAD24680,NHS,3,iccad2
NHSCAD2774.png,NHSCAD2774,NHS,4,iccad2
NHSCAD24335.png,NHSCAD24335,NHS,4,iccad2
NHSCAD24414.png,NHSCAD24414,NHS,0,iccad2
NHSCAD25005.png,NHSCAD25005,NHS,3,iccad2
NHSCAD25090.png,NHSCAD25090,NHS,0,iccad2
NHSCAD24732.png,NHSCAD24732,NHS,4,iccad2
NHSCAD2293.png,NHSCAD2293,NHS,1,iccad2
NHSCAD2272.png,NHSCAD2272,NHS,3,iccad2
NHSCAD24661.png,NHSCAD24661,NHS,1,iccad2
NHSCAD21468.png,NHSCAD21468,NHS,1,iccad2
NHSCAD23891.png,NHSCAD23891,NHS,3,iccad2
NHSCAD23756.png,NHSCAD23756,NHS,1,iccad2
NHSCAD23087.png,NHSCAD23087,NHS,4,iccad2
NHSCAD23925.png,NHSCAD23925,NHS,3,iccad2
NHSCAD24650.png,NHSCAD24650,NHS,4,iccad2
NHSCAD23770.png,NHSCAD23770,NHS,3,iccad2
NHSCAD21546.png,NHSCAD21546,NHS,1,iccad2
NHSCAD25431.png,NHSCAD25431,NHS,0,iccad2
NHSCAD2405.png,NHSCAD2405,NHS,0,iccad2
NHSCAD21458.png,NHSCAD21458,NHS,1,iccad2
NHSCAD25288.png,NHSCAD25288,NHS,0,iccad2
NHSCAD21892.png,NHSCAD21892,NHS,4,iccad2
NHSCAD2279.png,NHSCAD2279,NHS,4,iccad2
NHSCAD23106.png,NHSCAD23106,NHS,0,iccad2
NHSCAD2785.png,NHSCAD2785,NHS,4,iccad2
NHSCAD22427.png,NHSCAD22427,NHS,2,iccad2
NHSCAD21429.png,NHSCAD21429,NHS,3,iccad2
NHSCAD23023.png,NHSCAD23023,NHS,0,iccad2
NHSCAD24968.png,NHSCAD24968,NHS,3,iccad2
NHSCAD22844.png,NHSCAD22844,NHS,2,iccad2
NHSCAD2538.png,NHSCAD2538,NHS,4,iccad2
HSCAD28.png,HSCAD28,HS,2,iccad2
NHSCAD23660.png,NHSCAD23660,NHS,2,iccad2
NHSCAD21903.png,NHSCAD21903,NHS,2,iccad2
NHSCAD24640.png,NHSCAD24640,NHS,2,iccad2
NHSCAD25148.png,NHSCAD25148,NHS,2,iccad2
NHSCAD22052.png,NHSCAD22052,NHS,0,iccad2
NHSCAD24411.png,NHSCAD24411,NHS,3,iccad2
NHSCAD22669.png,NHSCAD22669,NHS,3,iccad2
NHSCAD22941.png,NHSCAD22941,NHS,4,iccad2
NHSCAD2568.png,NHSCAD2568,NHS,1,iccad2
NHSCAD24788.png,NHSCAD24788,NHS,1,iccad2
NHSCAD24445.png,NHSCAD24445,NHS,0,iccad2
NHSCAD2376.png,NHSCAD2376,NHS,0,iccad2
NHSCAD25378.png,NHSCAD25378,NHS,2,iccad2
NHSCAD21523.png,NHSCAD21523,NHS,4,iccad2
NHSCAD23013.png,NHSCAD23013,NHS,2,iccad2
NHSCAD25104.png,NHSCAD25104,NHS,0,iccad2
NHSCAD21211.png,NHSCAD21211,NHS,3,iccad2
NHSCAD22895.png,NHSCAD22895,NHS,0,iccad2
NHSCAD24464.png,NHSCAD24464,NHS,1,iccad2
NHSCAD2756.png,NHSCAD2756,NHS,1,iccad2
NHSCAD23904.png,NHSCAD23904,NHS,0,iccad2
HSCAD2149.png,HSCAD2149,HS,1,iccad2
NHSCAD21534.png,NHSCAD21534,NHS,3,iccad2
NHSCAD2251.png,NHSCAD2251,NHS,2,iccad2
HSCAD260.png,HSCAD260,HS,1,iccad2
NHSCAD24080.png,NHSCAD24080,NHS,3,iccad2
NHSCAD21550.png,NHSCAD21550,NHS,4,iccad2
NHSCAD24277.png,NHSCAD24277,NHS,2,iccad2
NHSCAD22320.png,NHSCAD22320,NHS,2,iccad2
NHSCAD25182.png,NHSCAD25182,NHS,1,iccad2
NHSCAD22188.png,NHSCAD22188,NHS,1,iccad2
NHSCAD24420.png,NHSCAD24420,NHS,3,iccad2
NHSCAD23735.png,NHSCAD23735,NHS,0,iccad2
NHSCAD22813.png,NHSCAD22813,NHS,3,iccad2
NHSCAD23369.png,NHSCAD23369,NHS,2,iccad2
NHSCAD23032.png,NHSCAD23032,NHS,0,iccad2
NHSCAD21123.png,NHSCAD21123,NHS,1,iccad2
NHSCAD21433.png,NHSCAD21433,NHS,2,iccad2
NHSCAD2878.png,NHSCAD2878,NHS,2,iccad2
NHSCAD21687.png,NHSCAD21687,NHS,0,iccad2
NHSCAD25354.png,NHSCAD25354,NHS,0,iccad2
NHSCAD24693.png,NHSCAD24693,NHS,0,iccad2
NHSCAD24156.png,NHSCAD24156,NHS,3,iccad2
NHSCAD25424.png,NHSCAD25424,NHS,3,iccad2
NHSCAD22382.png,NHSCAD22382,NHS,3,iccad2
NHSCAD24373.png,NHSCAD24373,NHS,1,iccad2
NHSCAD2751.png,NHSCAD2751,NHS,1,iccad2
NHSCAD2937.png,NHSCAD2937,NHS,4,iccad2
NHSCAD22238.png,NHSCAD22238,NHS,3,iccad2
NHSCAD22677.png,NHSCAD22677,NHS,1,iccad2
NHSCAD22256.png,NHSCAD22256,NHS,2,iccad2
NHSCAD23163.png,NHSCAD23163,NHS,0,iccad2
NHSCAD25366.png,NHSCAD25366,NHS,4,iccad2
NHSCAD25047.png,NHSCAD25047,NHS,3,iccad2
NHSCAD21646.png,NHSCAD21646,NHS,0,iccad2
NHSCAD2648.png,NHSCAD2648,NHS,2,iccad2
NHSCAD23808.png,NHSCAD23808,NHS,4,iccad2
NHSCAD25042.png,NHSCAD25042,NHS,3,iccad2
NHSCAD24925.png,NHSCAD24925,NHS,1,iccad2
NHSCAD21224.png,NHSCAD21224,NHS,2,iccad2
NHSCAD21757.png,NHSCAD21757,NHS,3,iccad2
NHSCAD23380.png,NHSCAD23380,NHS,1,iccad2
NHSCAD2839.png,NHSCAD2839,NHS,2,iccad2
NHSCAD23072.png,NHSCAD23072,NHS,4,iccad2
NHSCAD25292.png,NHSCAD25292,NHS,0,iccad2
NHSCAD21428.png,NHSCAD21428,NHS,2,iccad2
NHSCAD24162.png,NHSCAD24162,NHS,2,iccad2
NHSCAD24253.png,NHSCAD24253,NHS,4,iccad2
NHSCAD24660.png,NHSCAD24660,NHS,0,iccad2
NHSCAD23640.png,NHSCAD23640,NHS,0,iccad2
NHSCAD25438.png,NHSCAD25438,NHS,2,iccad2
NHSCAD21518.png,NHSCAD21518,NHS,2,iccad2
NHSCAD23630.png,NHSCAD23630,NHS,3,iccad2
NHSCAD22625.png,NHSCAD22625,NHS,2,iccad2
NHSCAD25341.png,NHSCAD25341,NHS,2,iccad2
NHSCAD21078.png,NHSCAD21078,NHS,2,iccad2
NHSCAD2450.png,NHSCAD2450,NHS,0,iccad2
NHSCAD22882.png,NHSCAD22882,NHS,1,iccad2
NHSCAD24784.png,NHSCAD24784,NHS,2,iccad2
NHSCAD24076.png,NHSCAD24076,NHS,3,iccad2
HSCAD2168.png,HSCAD2168,HS,1,iccad2
NHSCAD23846.png,NHSCAD23846,NHS,3,iccad2
NHSCAD23514.png,NHSCAD23514,NHS,0,iccad2
NHSCAD22391.png,NHSCAD22391,NHS,0,iccad2
NHSCAD24355.png,NHSCAD24355,NHS,1,iccad2
NHSCAD25455.png,NHSCAD25455,NHS,0,iccad2
NHSCAD22992.png,NHSCAD22992,NHS,3,iccad2
NHSCAD22576.png,NHSCAD22576,NHS,4,iccad2
NHSCAD22773.png,NHSCAD22773,NHS,1,iccad2
HSCAD2100.png,HSCAD2100,HS,3,iccad2
NHSCAD22567.png,NHSCAD22567,NHS,4,iccad2
NHSCAD2726.png,NHSCAD2726,NHS,2,iccad2
NHSCAD21478.png,NHSCAD21478,NHS,2,iccad2
NHSCAD23234.png,NHSCAD23234,NHS,2,iccad2
NHSCAD21114.png,NHSCAD21114,NHS,3,iccad2
HSCAD2113.png,HSCAD2113,HS,2,iccad2
NHSCAD23280.png,NHSCAD23280,NHS,1,iccad2
NHSCAD23425.png,NHSCAD23425,NHS,3,iccad2
NHSCAD25219.png,NHSCAD25219,NHS,0,iccad2
NHSCAD24898.png,NHSCAD24898,NHS,2,iccad2
NHSCAD24186.png,NHSCAD24186,NHS,2,iccad2
NHSCAD22769.png,NHSCAD22769,NHS,1,iccad2
NHSCAD2345.png,NHSCAD2345,NHS,0,iccad2
NHSCAD25058.png,NHSCAD25058,NHS,2,iccad2
NHSCAD2624.png,NHSCAD2624,NHS,4,iccad2
NHSCAD23363.png,NHSCAD23363,NHS,0,iccad2
NHSCAD24286.png,NHSCAD24286,NHS,1,iccad2
NHSCAD22318.png,NHSCAD22318,NHS,4,iccad2
NHSCAD2550.png,NHSCAD2550,NHS,3,iccad2
NHSCAD21699.png,NHSCAD21699,NHS,3,iccad2
NHSCAD2664.png,NHSCAD2664,NHS,2,iccad2
NHSCAD2918.png,NHSCAD2918,NHS,1,iccad2
NHSCAD2185.png,NHSCAD2185,NHS,0,iccad2
NHSCAD2808.png,NHSCAD2808,NHS,2,iccad2
NHSCAD2396.png,NHSCAD2396,NHS,1,iccad2
NHSCAD24970.png,NHSCAD24970,NHS,1,iccad2
NHSCAD24795.png,NHSCAD24795,NHS,0,iccad2
NHSCAD23250.png,NHSCAD23250,NHS,0,iccad2
NHSCAD21263.png,NHSCAD21263,NHS,2,iccad2
NHSCAD23637.png,NHSCAD23637,NHS,1,iccad2
NHSCAD24763.png,NHSCAD24763,NHS,1,iccad2
NHSCAD21590.png,NHSCAD21590,NHS,3,iccad2
NHSCAD22783.png,NHSCAD22783,NHS,2,iccad2
NHSCAD22606.png,NHSCAD22606,NHS,0,iccad2
NHSCAD24868.png,NHSCAD24868,NHS,0,iccad2
NHSCAD24205.png,NHSCAD24205,NHS,0,iccad2
NHSCAD21517.png,NHSCAD21517,NHS,1,iccad2
NHSCAD23433.png,NHSCAD23433,NHS,1,iccad2
NHSCAD2543.png,NHSCAD2543,NHS,3,iccad2
NHSCAD22664.png,NHSCAD22664,NHS,3,iccad2
NHSCAD2997.png,NHSCAD2997,NHS,1,iccad2
NHSCAD22525.png,NHSCAD22525,NHS,1,iccad2
NHSCAD25050.png,NHSCAD25050,NHS,1,iccad2
NHSCAD25392.png,NHSCAD25392,NHS,3,iccad2
NHSCAD24962.png,NHSCAD24962,NHS,2,iccad2
NHSCAD25211.png,NHSCAD25211,NHS,2,iccad2
HSCAD239.png,HSCAD239,HS,2,iccad2
NHSCAD24628.png,NHSCAD24628,NHS,4,iccad2
NHSCAD24834.png,NHSCAD24834,NHS,3,iccad2
NHSCAD24760.png,NHSCAD24760,NHS,1,iccad2
NHSCAD24545.png,NHSCAD24545,NHS,0,iccad2
NHSCAD21013.png,NHSCAD21013,NHS,2,iccad2
NHSCAD24756.png,NHSCAD24756,NHS,1,iccad2
NHSCAD2518.png,NHSCAD2518,NHS,3,iccad2
NHSCAD23817.png,NHSCAD23817,NHS,2,iccad2
NHSCAD2783.png,NHSCAD2783,NHS,2,iccad2
NHSCAD25234.png,NHSCAD25234,NHS,1,iccad2
NHSCAD23842.png,NHSCAD23842,NHS,4,iccad2
NHSCAD25429.png,NHSCAD25429,NHS,2,iccad2
NHSCAD25133.png,NHSCAD25133,NHS,3,iccad2
NHSCAD24489.png,NHSCAD24489,NHS,3,iccad2
NHSCAD25139.png,NHSCAD25139,NHS,2,iccad2
NHSCAD21134.png,NHSCAD21134,NHS,2,iccad2
NHSCAD22020.png,NHSCAD22020,NHS,3,iccad2
NHSCAD2325.png,NHSCAD2325,NHS,4,iccad2
NHSCAD23844.png,NHSCAD23844,NHS,2,iccad2
NHSCAD25249.png,NHSCAD25249,NHS,3,iccad2
NHSCAD24831.png,NHSCAD24831,NHS,0,iccad2
NHSCAD21025.png,NHSCAD21025,NHS,4,iccad2
NHSCAD23104.png,NHSCAD23104,NHS,3,iccad2
NHSCAD2844.png,NHSCAD2844,NHS,3,iccad2
NHSCAD23284.png,NHSCAD23284,NHS,0,iccad2
NHSCAD21818.png,NHSCAD21818,NHS,0,iccad2
NHSCAD22185.png,NHSCAD22185,NHS,4,iccad2
NHSCAD21425.png,NHSCAD21425,NHS,4,iccad2
NHSCAD24738.png,NHSCAD24738,NHS,1,iccad2
NHSCAD2186.png,NHSCAD2186,NHS,3,iccad2
NHSCAD2428.png,NHSCAD2428,NHS,1,iccad2
NHSCAD21980.png,NHSCAD21980,NHS,4,iccad2
NHSCAD22615.png,NHSCAD22615,NHS,0,iccad2
NHSCAD23238.png,NHSCAD23238,NHS,1,iccad2
NHSCAD22945.png,NHSCAD22945,NHS,2,iccad2
NHSCAD22278.png,NHSCAD22278,NHS,1,iccad2
NHSCAD23463.png,NHSCAD23463,NHS,2,iccad2
NHSCAD23373.png,NHSCAD23373,NHS,2,iccad2
NHSCAD25420.png,NHSCAD25420,NHS,3,iccad2
NHSCAD24167.png,NHSCAD24167,NHS,2,iccad2
NHSCAD25232.png,NHSCAD25232,NHS,4,iccad2
NHSCAD23659.png,NHSCAD23659,NHS,1,iccad2
NHSCAD2820.png,NHSCAD2820,NHS,4,iccad2
NHSCAD23305.png,NHSCAD23305,NHS,3,iccad2
NHSCAD25235.png,NHSCAD25235,NHS,3,iccad2
NHSCAD23168.png,NHSCAD23168,NHS,2,iccad2
NHSCAD2192.png,NHSCAD2192,NHS,4,iccad2
NHSCAD22388.png,NHSCAD22388,NHS,3,iccad2
NHSCAD21415.png,NHSCAD21415,NHS,1,iccad2
NHSCAD2492.png,NHSCAD2492,NHS,1,iccad2
NHSCAD23810.png,NHSCAD23810,NHS,1,iccad2
NHSCAD23220.png,NHSCAD23220,NHS,2,iccad2
NHSCAD24902.png,NHSCAD24902,NHS,3,iccad2
NHSCAD23124.png,NHSCAD23124,NHS,4,iccad2
NHSCAD24988.png,NHSCAD24988,NHS,0,iccad2
NHSCAD24825.png,NHSCAD24825,NHS,3,iccad2
NHSCAD22602.png,NHSCAD22602,NHS,2,iccad2
NHSCAD23851.png,NHSCAD23851,NHS,4,iccad2
NHSCAD22956.png,NHSCAD22956,NHS,4,iccad2
NHSCAD23584.png,NHSCAD23584,NHS,2,iccad2
NHSCAD24207.png,NHSCAD24207,NHS,3,iccad2
NHSCAD25169.png,NHSCAD25169,NHS,1,iccad2
NHSCAD2493.png,NHSCAD2493,NHS,1,iccad2
NHSCAD2722.png,NHSCAD2722,NHS,4,iccad2
NHSCAD25057.png,NHSCAD25057,NHS,4,iccad2
NHSCAD21286.png,NHSCAD21286,NHS,3,iccad2
NHSCAD22357.png,NHSCAD22357,NHS,1,iccad2
NHSCAD22327.png,NHSCAD22327,NHS,4,iccad2
NHSCAD24491.png,NHSCAD24491,NHS,1,iccad2
NHSCAD24151.png,NHSCAD24151,NHS,3,iccad2
NHSCAD21874.png,NHSCAD21874,NHS,4,iccad2
NHSCAD23611.png,NHSCAD23611,NHS,2,iccad2
NHSCAD24140.png,NHSCAD24140,NHS,0,iccad2
NHSCAD23034.png,NHSCAD23034,NHS,2,iccad2
NHSCAD22561.png,NHSCAD22561,NHS,3,iccad2
NHSCAD2540.png,NHSCAD2540,NHS,0,iccad2
NHSCAD22417.png,NHSCAD22417,NHS,4,iccad2
NHSCAD22111.png,NHSCAD22111,NHS,3,iccad2
HSCAD270.png,HSCAD270,HS,2,iccad2
NHSCAD2588.png,NHSCAD2588,NHS,1,iccad2
NHSCAD24960.png,NHSCAD24960,NHS,0,iccad2
NHSCAD2750.png,NHSCAD2750,NHS,0,iccad2
NHSCAD23836.png,NHSCAD23836,NHS,0,iccad2
NHSCAD21349.png,NHSCAD21349,NHS,1,iccad2
NHSCAD22041.png,NHSCAD22041,NHS,3,iccad2
NHSCAD23095.png,NHSCAD23095,NHS,3,iccad2
NHSCAD21975.png,NHSCAD21975,NHS,2,iccad2
NHSCAD21856.png,NHSCAD21856,NHS,1,iccad2
NHSCAD2990.png,NHSCAD2990,NHS,3,iccad2
NHSCAD22733.png,NHSCAD22733,NHS,3,iccad2
NHSCAD21073.png,NHSCAD21073,NHS,2,iccad2
NHSCAD23353.png,NHSCAD23353,NHS,1,iccad2
NHSCAD22340.png,NHSCAD22340,NHS,4,iccad2
NHSCAD21244.png,NHSCAD21244,NHS,3,iccad2
NHSCAD22589.png,NHSCAD22589,NHS,2,iccad2
NHSCAD24462.png,NHSCAD24462,NHS,4,iccad2
NHSCAD21748.png,NHSCAD21748,NHS,3,iccad2
NHSCAD21047.png,NHSCAD21047,NHS,1,iccad2
NHSCAD24723.png,NHSCAD24723,NHS,0,iccad2
NHSCAD2231.png,NHSCAD2231,NHS,0,iccad2
NHSCAD21641.png,NHSCAD21641,NHS,0,iccad2
NHSCAD23454.png,NHSCAD23454,NHS,0,iccad2
NHSCAD22331.png,NHSCAD22331,NHS,4,iccad2
NHSCAD25359.png,NHSCAD25359,NHS,0,iccad2
NHSCAD23057.png,NHSCAD23057,NHS,2,iccad2
NHSCAD22633.png,NHSCAD22633,NHS,0,iccad2
NHSCAD22927.png,NHSCAD22927,NHS,3,iccad2
NHSCAD21358.png,NHSCAD21358,NHS,0,iccad2
NHSCAD22043.png,NHSCAD22043,NHS,1,iccad2
HSCAD2124.png,HSCAD2124,HS,4,iccad2
NHSCAD21716.png,NHSCAD21716,NHS,1,iccad2
NHSCAD21455.png,NHSCAD21455,NHS,4,iccad2
NHSCAD21899.png,NHSCAD21899,NHS,2,iccad2
NHSCAD2689.png,NHSCAD2689,NHS,2,iccad2
NHSCAD21489.png,NHSCAD21489,NHS,3,iccad2
NHSCAD22771.png,NHSCAD22771,NHS,4,iccad2
NHSCAD2184.png,NHSCAD2184,NHS,4,iccad2
NHSCAD24448.png,NHSCAD24448,NHS,3,iccad2
NHSCAD24774.png,NHSCAD24774,NHS,4,iccad2
NHSCAD21670.png,NHSCAD21670,NHS,4,iccad2
NHSCAD24418.png,NHSCAD24418,NHS,2,iccad2
NHSCAD23042.png,NHSCAD23042,NHS,1,iccad2
NHSCAD21465.png,NHSCAD21465,NHS,4,iccad2
NHSCAD21792.png,NHSCAD21792,NHS,2,iccad2
NHSCAD21294.png,NHSCAD21294,NHS,1,iccad2
NHSCAD2904.png,NHSCAD2904,NHS,3,iccad2
NHSCAD24814.png,NHSCAD24814,NHS,1,iccad2
NHSCAD21082.png,NHSCAD21082,NHS,0,iccad2
NHSCAD23093.png,NHSCAD23093,NHS,1,iccad2
NHSCAD23537.png,NHSCAD23537,NHS,0,iccad2
NHSCAD23080.png,NHSCAD23080,NHS,2,iccad2
NHSCAD2700.png,NHSCAD2700,NHS,3,iccad2
NHSCAD2182.png,NHSCAD2182,NHS,1,iccad2
NHSCAD21494.png,NHSCAD21494,NHS,3,iccad2
NHSCAD22591.png,NHSCAD22591,NHS,4,iccad2
NHSCAD24716.png,NHSCAD24716,NHS,3,iccad2
HSCAD2153.png,HSCAD2153,HS,1,iccad2
NHSCAD2316.png,NHSCAD2316,NHS,1,iccad2
NHSCAD23340.png,NHSCAD23340,NHS,0,iccad2
NHSCAD24178.png,NHSCAD24178,NHS,1,iccad2
NHSCAD24576.png,NHSCAD24576,NHS,4,iccad2
NHSCAD23936.png,NHSCAD23936,NHS,0,iccad2
NHSCAD24750.png,NHSCAD24750,NHS,4,iccad2
NHSCAD21321.png,NHSCAD21321,NHS,3,iccad2
NHSCAD25451.png,NHSCAD25451,NHS,1,iccad2
NHSCAD2647.png,NHSCAD2647,NHS,1,iccad2
NHSCAD25317.png,NHSCAD25317,NHS,3,iccad2
NHSCAD2230.png,NHSCAD2230,NHS,0,iccad2
NHSCAD23398.png,NHSCAD23398,NHS,3,iccad2
NHSCAD21144.png,NHSCAD21144,NHS,2,iccad2
NHSCAD24961.png,NHSCAD24961,NHS,1,iccad2
NHSCAD22397.png,NHSCAD22397,NHS,1,iccad2
NHSCAD21502.png,NHSCAD21502,NHS,1,iccad2
NHSCAD22503.png,NHSCAD22503,NHS,4,iccad2
NHSCAD21089.png,NHSCAD21089,NHS,2,iccad2
HSCAD2114.png,HSCAD2114,HS,3,iccad2
NHSCAD22058.png,NHSCAD22058,NHS,1,iccad2
NHSCAD22017.png,NHSCAD22017,NHS,4,iccad2
NHSCAD22280.png,NHSCAD22280,NHS,4,iccad2
NHSCAD25010.png,NHSCAD25010,NHS,4,iccad2
NHSCAD24078.png,NHSCAD24078,NHS,0,iccad2
NHSCAD24347.png,NHSCAD24347,NHS,2,iccad2
NHSCAD22899.png,NHSCAD22899,NHS,4,iccad2
NHSCAD21469.png,NHSCAD21469,NHS,3,iccad2
NHSCAD22117.png,NHSCAD22117,NHS,4,iccad2
NHSCAD23089.png,NHSCAD23089,NHS,1,iccad2
NHSCAD21958.png,NHSCAD21958,NHS,4,iccad2
NHSCAD2828.png,NHSCAD2828,NHS,2,iccad2
NHSCAD2962.png,NHSCAD2962,NHS,1,iccad2
NHSCAD2592.png,NHSCAD2592,NHS,0,iccad2
NHSCAD23622.png,NHSCAD23622,NHS,0,iccad2
NHSCAD24197.png,NHSCAD24197,NHS,1,iccad2
NHSCAD23472.png,NHSCAD23472,NHS,0,iccad2
NHSCAD25044.png,NHSCAD25044,NHS,2,iccad2
NHSCAD21250.png,NHSCAD21250,NHS,4,iccad2
NHSCAD22293.png,NHSCAD22293,NHS,3,iccad2
NHSCAD2254.png,NHSCAD2254,NHS,4,iccad2
NHSCAD2974.png,NHSCAD2974,NHS,2,iccad2
NHSCAD21448.png,NHSCAD21448,NHS,2,iccad2
NHSCAD24906.png,NHSCAD24906,NHS,1,iccad2
NHSCAD24304.png,NHSCAD24304,NHS,1,iccad2
NHSCAD25301.png,NHSCAD25301,NHS,4,iccad2
NHSCAD22805.png,NHSCAD22805,NHS,0,iccad2
NHSCAD21718.png,NHSCAD21718,NHS,2,iccad2
NHSCAD2310.png,NHSCAD2310,NHS,3,iccad2
NHSCAD22974.png,NHSCAD22974,NHS,3,iccad2
NHSCAD23825.png,NHSCAD23825,NHS,1,iccad2
NHSCAD23616.png,NHSCAD23616,NHS,2,iccad2
NHSCAD24844.png,NHSCAD24844,NHS,4,iccad2
NHSCAD23159.png,NHSCAD23159,NHS,0,iccad2
NHSCAD23757.png,NHSCAD23757,NHS,3,iccad2
NHSCAD22711.png,NHSCAD22711,NHS,0,iccad2
NHSCAD23228.png,NHSCAD23228,NHS,0,iccad2
NHSCAD22605.png,NHSCAD22605,NHS,4,iccad2
NHSCAD23451.png,NHSCAD23451,NHS,2,iccad2
NHSCAD24003.png,NHSCAD24003,NHS,3,iccad2
NHSCAD2948.png,NHSCAD2948,NHS,4,iccad2
NHSCAD22999.png,NHSCAD22999,NHS,1,iccad2
NHSCAD23590.png,NHSCAD23590,NHS,0,iccad2
NHSCAD22495.png,NHSCAD22495,NHS,2,iccad2
NHSCAD24503.png,NHSCAD24503,NHS,4,iccad2
NHSCAD24563.png,NHSCAD24563,NHS,0,iccad2
NHSCAD22705.png,NHSCAD22705,NHS,3,iccad2
NHSCAD21240.png,NHSCAD21240,NHS,2,iccad2
NHSCAD24664.png,NHSCAD24664,NHS,4,iccad2
NHSCAD22441.png,NHSCAD22441,NHS,0,iccad2
NHSCAD2226.png,NHSCAD2226,NHS,1,iccad2
NHSCAD21041.png,NHSCAD21041,NHS,0,iccad2
NHSCAD22290.png,NHSCAD22290,NHS,0,iccad2
NHSCAD2270.png,NHSCAD2270,NHS,1,iccad2
NHSCAD2507.png,NHSCAD2507,NHS,2,iccad2
NHSCAD23845.png,NHSCAD23845,NHS,0,iccad2
NHSCAD22887.png,NHSCAD22887,NHS,0,iccad2
NHSCAD23958.png,NHSCAD23958,NHS,4,iccad2
NHSCAD24305.png,NHSCAD24305,NHS,2,iccad2
NHSCAD24174.png,NHSCAD24174,NHS,3,iccad2
NHSCAD24854.png,NHSCAD24854,NHS,0,iccad2
NHSCAD22710.png,NHSCAD22710,NHS,4,iccad2
NHSCAD2302.png,NHSCAD2302,NHS,1,iccad2
NHSCAD22442.png,NHSCAD22442,NHS,1,iccad2
NHSCAD23668.png,NHSCAD23668,NHS,1,iccad2
NHSCAD21967.png,NHSCAD21967,NHS,4,iccad2
NHSCAD23154.png,NHSCAD23154,NHS,0,iccad2
NHSCAD22770.png,NHSCAD22770,NHS,3,iccad2
NHSCAD25163.png,NHSCAD25163,NHS,0,iccad2
NHSCAD2573.png,NHSCAD2573,NHS,1,iccad2
NHSCAD21703.png,NHSCAD21703,NHS,2,iccad2
NHSCAD22973.png,NHSCAD22973,NHS,2,iccad2
NHSCAD24129.png,NHSCAD24129,NHS,3,iccad2
NHSCAD24508.png,NHSCAD24508,NHS,4,iccad2
NHSCAD24930.png,NHSCAD24930,NHS,2,iccad2
NHSCAD23241.png,NHSCAD23241,NHS,0,iccad2
NHSCAD22857.png,NHSCAD22857,NHS,4,iccad2
NHSCAD22250.png,NHSCAD22250,NHS,1,iccad2
NHSCAD21639.png,NHSCAD21639,NHS,4,iccad2
NHSCAD21146.png,NHSCAD21146,NHS,0,iccad2
NHSCAD21471.png,NHSCAD21471,NHS,0,iccad2
NHSCAD25110.png,NHSCAD25110,NHS,3,iccad2
NHSCAD22581.png,NHSCAD22581,NHS,1,iccad2
NHSCAD23557.png,NHSCAD23557,NHS,2,iccad2
NHSCAD22712.png,NHSCAD22712,NHS,2,iccad2
NHSCAD22859.png,NHSCAD22859,NHS,0,iccad2
NHSCAD22536.png,NHSCAD22536,NHS,0,iccad2
NHSCAD22593.png,NHSCAD22593,NHS,2,iccad2
NHSCAD23949.png,NHSCAD23949,NHS,4,iccad2
NHSCAD2400.png,NHSCAD2400,NHS,0,iccad2
NHSCAD25349.png,NHSCAD25349,NHS,1,iccad2
NHSCAD24074.png,NHSCAD24074,NHS,1,iccad2
NHSCAD22803.png,NHSCAD22803,NHS,4,iccad2
NHSCAD22950.png,NHSCAD22950,NHS,3,iccad2
NHSCAD22582.png,NHSCAD22582,NHS,0,iccad2
NHSCAD2544.png,NHSCAD2544,NHS,4,iccad2
NHSCAD24991.png,NHSCAD24991,NHS,4,iccad2
NHSCAD2567.png,NHSCAD2567,NHS,0,iccad2
NHSCAD2228.png,NHSCAD2228,NHS,3,iccad2
NHSCAD21662.png,NHSCAD21662,NHS,1,iccad2
NHSCAD24192.png,NHSCAD24192,NHS,1,iccad2
NHSCAD22860.png,NHSCAD22860,NHS,3,iccad2
NHSCAD25372.png,NHSCAD25372,NHS,0,iccad2
HSCAD2136.png,HSCAD2136,HS,1,iccad2
NHSCAD23691.png,NHSCAD23691,NHS,2,iccad2
NHSCAD24746.png,NHSCAD24746,NHS,4,iccad2
NHSCAD21731.png,NHSCAD21731,NHS,1,iccad2
NHSCAD2953.png,NHSCAD2953,NHS,4,iccad2
NHSCAD2931.png,NHSCAD2931,NHS,1,iccad2
NHSCAD23294.png,NHSCAD23294,NHS,1,iccad2
NHSCAD2605.png,NHSCAD2605,NHS,3,iccad2
NHSCAD21678.png,NHSCAD21678,NHS,2,iccad2
NHSCAD25339.png,NHSCAD25339,NHS,1,iccad2
NHSCAD24048.png,NHSCAD24048,NHS,4,iccad2
NHSCAD22967.png,NHSCAD22967,NHS,1,iccad2
NHSCAD25011.png,NHSCAD25011,NHS,1,iccad2
NHSCAD2451.png,NHSCAD2451,NHS,1,iccad2
HSCAD2104.png,HSCAD2104,HS,2,iccad2
NHSCAD24383.png,NHSCAD24383,NHS,2,iccad2
NHSCAD2424.png,NHSCAD2424,NHS,4,iccad2
NHSCAD21436.png,NHSCAD21436,NHS,0,iccad2
NHSCAD24477.png,NHSCAD24477,NHS,0,iccad2
NHSCAD2888.png,NHSCAD2888,NHS,3,iccad2
NHSCAD25087.png,NHSCAD25087,NHS,1,iccad2
NHSCAD23136.png,NHSCAD23136,NHS,1,iccad2
NHSCAD21601.png,NHSCAD21601,NHS,1,iccad2
NHSCAD22869.png,NHSCAD22869,NHS,1,iccad2
NHSCAD23650.png,NHSCAD23650,NHS,1,iccad2
NHSCAD25409.png,NHSCAD25409,NHS,0,iccad2
NHSCAD24647.png,NHSCAD24647,NHS,0,iccad2
NHSCAD22833.png,NHSCAD22833,NHS,4,iccad2
NHSCAD21868.png,NHSCAD21868,NHS,0,iccad2
NHSCAD22750.png,NHSCAD22750,NHS,2,iccad2
NHSCAD2814.png,NHSCAD2814,NHS,2,iccad2
NHSCAD23486.png,NHSCAD23486,NHS,4,iccad2
NHSCAD22521.png,NHSCAD22521,NHS,4,iccad2
NHSCAD2321.png,NHSCAD2321,NHS,0,iccad2
NHSCAD24879.png,NHSCAD24879,NHS,2,iccad2
NHSCAD21302.png,NHSCAD21302,NHS,4,iccad2
NHSCAD22555.png,NHSCAD22555,NHS,1,iccad2
NHSCAD2617.png,NHSCAD2617,NHS,1,iccad2
NHSCAD21660.png,NHSCAD21660,NHS,4,iccad2
NHSCAD21447.png,NHSCAD21447,NHS,1,iccad2
NHSCAD24182.png,NHSCAD24182,NHS,0,iccad2
NHSCAD24727.png,NHSCAD24727,NHS,4,iccad2
NHSCAD21480.png,NHSCAD21480,NHS,4,iccad2
NHSCAD2242.png,NHSCAD2242,NHS,1,iccad2
NHSCAD24433.png,NHSCAD24433,NHS,2,iccad2
NHSCAD23173.png,NHSCAD23173,NHS,0,iccad2
NHSCAD24634.png,NHSCAD24634,NHS,1,iccad2
NHSCAD24119.png,NHSCAD24119,NHS,3,iccad2
NHSCAD21807.png,NHSCAD21807,NHS,4,iccad2
NHSCAD21712.png,NHSCAD21712,NHS,0,iccad2
NHSCAD23010.png,NHSCAD23010,NHS,1,iccad2
NHSCAD22556.png,NHSCAD22556,NHS,2,iccad2
NHSCAD21329.png,NHSCAD21329,NHS,1,iccad2
NHSCAD24195.png,NHSCAD24195,NHS,2,iccad2
NHSCAD22809.png,NHSCAD22809,NHS,0,iccad2
HSCAD2165.png,HSCAD2165,HS,4,iccad2
NHSCAD2357.png,NHSCAD2357,NHS,4,iccad2
NHSCAD23705.png,NHSCAD23705,NHS,2,iccad2
HSCAD217.png,HSCAD217,HS,4,iccad2
NHSCAD21652.png,NHSCAD21652,NHS,1,iccad2
NHSCAD24147.png,NHSCAD24147,NHS,3,iccad2
HSCAD250.png,HSCAD250,HS,0,iccad2
NHSCAD24159.png,NHSCAD24159,NHS,0,iccad2
NHSCAD2896.png,NHSCAD2896,NHS,0,iccad2
NHSCAD23318.png,NHSCAD23318,NHS,2,iccad2
NHSCAD23669.png,NHSCAD23669,NHS,4,iccad2
NHSCAD23859.png,NHSCAD23859,NHS,0,iccad2
NHSCAD24724.png,NHSCAD24724,NHS,1,iccad2
NHSCAD24720.png,NHSCAD24720,NHS,2,iccad2
NHSCAD2393.png,NHSCAD2393,NHS,3,iccad2
NHSCAD23997.png,NHSCAD23997,NHS,4,iccad2
NHSCAD2690.png,NHSCAD2690,NHS,3,iccad2
NHSCAD24013.png,NHSCAD24013,NHS,0,iccad2
NHSCAD23430.png,NHSCAD23430,NHS,4,iccad2
NHSCAD22400.png,NHSCAD22400,NHS,1,iccad2
NHSCAD22744.png,NHSCAD22744,NHS,0,iccad2
NHSCAD2934.png,NHSCAD2934,NHS,2,iccad2
NHSCAD23116.png,NHSCAD23116,NHS,1,iccad2
NHSCAD22303.png,NHSCAD22303,NHS,4,iccad2
NHSCAD23886.png,NHSCAD23886,NHS,0,iccad2
NHSCAD22354.png,NHSCAD22354,NHS,3,iccad2
NHSCAD22914.png,NHSCAD22914,NHS,4,iccad2
NHSCAD25184.png,NHSCAD25184,NHS,4,iccad2
NHSCAD2908.png,NHSCAD2908,NHS,1,iccad2
NHSCAD2702.png,NHSCAD2702,NHS,4,iccad2
NHSCAD2229.png,NHSCAD2229,NHS,4,iccad2
NHSCAD22051.png,NHSCAD22051,NHS,4,iccad2
NHSCAD21875.png,NHSCAD21875,NHS,1,iccad2
NHSCAD22474.png,NHSCAD22474,NHS,0,iccad2
NHSCAD21503.png,NHSCAD21503,NHS,2,iccad2
NHSCAD25395.png,NHSCAD25395,NHS,0,iccad2
NHSCAD21376.png,NHSCAD21376,NHS,3,iccad2
NHSCAD2532.png,NHSCAD2532,NHS,4,iccad2
NHSCAD24430.png,NHSCAD24430,NHS,3,iccad2
NHSCAD24934.png,NHSCAD24934,NHS,1,iccad2
NHSCAD22949.png,NHSCAD22949,NHS,1,iccad2
NHSCAD24624.png,NHSCAD24624,NHS,0,iccad2
NHSCAD22014.png,NHSCAD22014,NHS,1,iccad2
NHSCAD22990.png,NHSCAD22990,NHS,0,iccad2
NHSCAD2188.png,NHSCAD2188,NHS,1,iccad2
NHSCAD22489.png,NHSCAD22489,NHS,1,iccad2
NHSCAD22517.png,NHSCAD22517,NHS,4,iccad2
NHSCAD2738.png,NHSCAD2738,NHS,4,iccad2
NHSCAD22313.png,NHSCAD22313,NHS,4,iccad2
NHSCAD2344.png,NHSCAD2344,NHS,3,iccad2
NHSCAD25089.png,NHSCAD25089,NHS,2,iccad2
NHSCAD22247.png,NHSCAD22247,NHS,2,iccad2
NHSCAD2448.png,NHSCAD2448,NHS,3,iccad2
NHSCAD24090.png,NHSCAD24090,NHS,0,iccad2
NHSCAD25138.png,NHSCAD25138,NHS,3,iccad2
NHSCAD22253.png,NHSCAD22253,NHS,4,iccad2
NHSCAD22799.png,NHSCAD22799,NHS,4,iccad2
NHSCAD22435.png,NHSCAD22435,NHS,4,iccad2
NHSCAD2853.png,NHSCAD2853,NHS,2,iccad2
NHSCAD24221.png,NHSCAD24221,NHS,4,iccad2
NHSCAD22862.png,NHSCAD22862,NHS,2,iccad2
NHSCAD23420.png,NHSCAD23420,NHS,3,iccad2
NHSCAD2589.png,NHSCAD2589,NHS,2,iccad2
NHSCAD22150.png,NHSCAD22150,NHS,0,iccad2
NHSCAD21736.png,NHSCAD21736,NHS,1,iccad2
NHSCAD22592.png,NHSCAD22592,NHS,0,iccad2
NHSCAD22986.png,NHSCAD22986,NHS,0,iccad2
NHSCAD24291.png,NHSCAD24291,NHS,2,iccad2
NHSCAD23854.png,NHSCAD23854,NHS,0,iccad2
NHSCAD22789.png,NHSCAD22789,NHS,3,iccad2
NHSCAD2921.png,NHSCAD2921,NHS,4,iccad2
NHSCAD21887.png,NHSCAD21887,NHS,3,iccad2
NHSCAD24318.png,NHSCAD24318,NHS,1,iccad2
NHSCAD2916.png,NHSCAD2916,NHS,4,iccad2
NHSCAD24351.png,NHSCAD24351,NHS,2,iccad2
NHSCAD23082.png,NHSCAD23082,NHS,4,iccad2
NHSCAD24164.png,NHSCAD24164,NHS,1,iccad2
NHSCAD25102.png,NHSCAD25102,NHS,2,iccad2
NHSCAD2222.png,NHSCAD2222,NHS,4,iccad2
NHSCAD2969.png,NHSCAD2969,NHS,2,iccad2
NHSCAD22124.png,NHSCAD22124,NHS,3,iccad2
NHSCAD24618.png,NHSCAD24618,NHS,2,iccad2
NHSCAD22207.png,NHSCAD22207,NHS,1,iccad2
NHSCAD2315.png,NHSCAD2315,NHS,0,iccad2
NHSCAD21162.png,NHSCAD21162,NHS,1,iccad2
NHSCAD2680.png,NHSCAD2680,NHS,3,iccad2
NHSCAD22572.png,NHSCAD22572,NHS,2,iccad2
NHSCAD21113.png,NHSCAD21113,NHS,1,iccad2
NHSCAD24969.png,NHSCAD24969,NHS,4,iccad2
NHSCAD24009.png,NHSCAD24009,NHS,0,iccad2
NHSCAD24957.png,NHSCAD24957,NHS,1,iccad2
NHSCAD2300.png,NHSCAD2300,NHS,0,iccad2
NHSCAD24849.png,NHSCAD24849,NHS,4,iccad2
NHSCAD2725.png,NHSCAD2725,NHS,3,iccad2
NHSCAD21233.png,NHSCAD21233,NHS,2,iccad2
NHSCAD2557.png,NHSCAD2557,NHS,0,iccad2
NHSCAD24161.png,NHSCAD24161,NHS,4,iccad2
NHSCAD23372.png,NHSCAD23372,NHS,0,iccad2
NHSCAD2999.png,NHSCAD2999,NHS,4,iccad2
NHSCAD23378.png,NHSCAD23378,NHS,2,iccad2
NHSCAD21858.png,NHSCAD21858,NHS,4,iccad2
NHSCAD25427.png,NHSCAD25427,NHS,0,iccad2
NHSCAD25446.png,NHSCAD25446,NHS,0,iccad2
NHSCAD2414.png,NHSCAD2414,NHS,2,iccad2
NHSCAD25331.png,NHSCAD25331,NHS,0,iccad2
NHSCAD21987.png,NHSCAD21987,NHS,1,iccad2
NHSCAD25269.png,NHSCAD25269,NHS,4,iccad2
NHSCAD25032.png,NHSCAD25032,NHS,1,iccad2
NHSCAD24667.png,NHSCAD24667,NHS,3,iccad2
NHSCAD23493.png,NHSCAD23493,NHS,2,iccad2
NHSCAD23090.png,NHSCAD23090,NHS,3,iccad2
NHSCAD24091.png,NHSCAD24091,NHS,3,iccad2
NHSCAD25165.png,NHSCAD25165,NHS,4,iccad2
NHSCAD25018.png,NHSCAD25018,NHS,0,iccad2
NHSCAD22339.png,NHSCAD22339,NHS,2,iccad2
NHSCAD24982.png,NHSCAD24982,NHS,4,iccad2
NHSCAD23888.png,NHSCAD23888,NHS,4,iccad2
NHSCAD23704.png,NHSCAD23704,NHS,1,iccad2
NHSCAD23744.png,NHSCAD23744,NHS,4,iccad2
HSCAD2146.png,HSCAD2146,HS,3,iccad2
NHSCAD24726.png,NHSCAD24726,NHS,3,iccad2
NHSCAD2438.png,NHSCAD2438,NHS,3,iccad2
NHSCAD23628.png,NHSCAD23628,NHS,1,iccad2
NHSCAD23719.png,NHSCAD23719,NHS,2,iccad2
NHSCAD22496.png,NHSCAD22496,NHS,3,iccad2
NHSCAD21833.png,NHSCAD21833,NHS,1,iccad2
NHSCAD22275.png,NHSCAD22275,NHS,3,iccad2
NHSCAD2435.png,NHSCAD2435,NHS,0,iccad2
NHSCAD23565.png,NHSCAD23565,NHS,4,iccad2
NHSCAD23811.png,NHSCAD23811,NHS,2,iccad2
NHSCAD2193.png,NHSCAD2193,NHS,4,iccad2
HSCAD287.png,HSCAD287,HS,0,iccad2
NHSCAD23206.png,NHSCAD23206,NHS,1,iccad2
HSCAD257.png,HSCAD257,HS,2,iccad2
NHSCAD21188.png,NHSCAD21188,NHS,2,iccad2
NHSCAD2775.png,NHSCAD2775,NHS,0,iccad2
NHSCAD23625.png,NHSCAD23625,NHS,4,iccad2
NHSCAD21276.png,NHSCAD21276,NHS,3,iccad2
NHSCAD2290.png,NHSCAD2290,NHS,0,iccad2
NHSCAD2943.png,NHSCAD2943,NHS,4,iccad2
NHSCAD23160.png,NHSCAD23160,NHS,2,iccad2
NHSCAD24631.png,NHSCAD24631,NHS,2,iccad2
NHSCAD24317.png,NHSCAD24317,NHS,4,iccad2
NHSCAD22299.png,NHSCAD22299,NHS,4,iccad2
NHSCAD24666.png,NHSCAD24666,NHS,1,iccad2
NHSCAD21496.png,NHSCAD21496,NHS,0,iccad2
NHSCAD23566.png,NHSCAD23566,NHS,2,iccad2
HSCAD247.png,HSCAD247,HS,0,iccad2
NHSCAD2616.png,NHSCAD2616,NHS,0,iccad2
NHSCAD2206.png,NHSCAD2206,NHS,3,iccad2
NHSCAD25030.png,NHSCAD25030,NHS,2,iccad2
NHSCAD2998.png,NHSCAD2998,NHS,2,iccad2
HSCAD2131.png,HSCAD2131,HS,1,iccad2
NHSCAD24236.png,NHSCAD24236,NHS,2,iccad2
NHSCAD22652.png,NHSCAD22652,NHS,0,iccad2
NHSCAD21934.png,NHSCAD21934,NHS,4,iccad2
NHSCAD25228.png,NHSCAD25228,NHS,0,iccad2
NHSCAD23271.png,NHSCAD23271,NHS,2,iccad2
NHSCAD24230.png,NHSCAD24230,NHS,4,iccad2
NHSCAD24393.png,NHSCAD24393,NHS,2,iccad2
NHSCAD23759.png,NHSCAD23759,NHS,2,iccad2
NHSCAD22851.png,NHSCAD22851,NHS,3,iccad2
NHSCAD24287.png,NHSCAD24287,NHS,2,iccad2
NHSCAD23500.png,NHSCAD23500,NHS,0,iccad2
NHSCAD21382.png,NHSCAD21382,NHS,4,iccad2
NHSCAD23803.png,NHSCAD23803,NHS,4,iccad2
NHSCAD22135.png,NHSCAD22135,NHS,4,iccad2
NHSCAD22512.png,NHSCAD22512,NHS,4,iccad2
NHSCAD23266.png,NHSCAD23266,NHS,1,iccad2
NHSCAD21442.png,NHSCAD21442,NHS,1,iccad2
NHSCAD22731.png,NHSCAD22731,NHS,1,iccad2
NHSCAD23040.png,NHSCAD23040,NHS,4,iccad2
NHSCAD23232.png,NHSCAD23232,NHS,0,iccad2
NHSCAD22505.png,NHSCAD22505,NHS,2,iccad2
NHSCAD24041.png,NHSCAD24041,NHS,1,iccad2
NHSCAD24442.png,NHSCAD24442,NHS,1,iccad2
NHSCAD24222.png,NHSCAD24222,NHS,2,iccad2
NHSCAD2295.png,NHSCAD2295,NHS,2,iccad2
NHSCAD21520.png,NHSCAD21520,NHS,4,iccad2
NHSCAD23827.png,NHSCAD23827,NHS,3,iccad2
NHSCAD24295.png,NHSCAD24295,NHS,1,iccad2
NHSCAD25326.png,NHSCAD25326,NHS,3,iccad2
NHSCAD21911.png,NHSCAD21911,NHS,1,iccad2
NHSCAD22463.png,NHSCAD22463,NHS,2,iccad2
NHSCAD24461.png,NHSCAD24461,NHS,2,iccad2
NHSCAD22515.png,NHSCAD22515,NHS,3,iccad2
NHSCAD21536.png,NHSCAD21536,NHS,1,iccad2
NHSCAD21965.png,NHSCAD21965,NHS,2,iccad2
NHSCAD24603.png,NHSCAD24603,NHS,4,iccad2
NHSCAD25320.png,NHSCAD25320,NHS,1,iccad2
NHSCAD22923.png,NHSCAD22923,NHS,4,iccad2
NHSCAD24438.png,NHSCAD24438,NHS,2,iccad2
NHSCAD23477.png,NHSCAD23477,NHS,4,iccad2
NHSCAD24484.png,NHSCAD24484,NHS,3,iccad2
NHSCAD23235.png,NHSCAD23235,NHS,3,iccad2
NHSCAD22288.png,NHSCAD22288,NHS,2,iccad2
NHSCAD24537.png,NHSCAD24537,NHS,1,iccad2
NHSCAD25117.png,NHSCAD25117,NHS,4,iccad2
NHSCAD23111.png,NHSCAD23111,NHS,1,iccad2
NHSCAD23823.png,NHSCAD23823,NHS,4,iccad2
NHSCAD21773.png,NHSCAD21773,NHS,2,iccad2
NHSCAD21700.png,NHSCAD21700,NHS,4,iccad2
NHSCAD25410.png,NHSCAD25410,NHS,3,iccad2
NHSCAD21755.png,NHSCAD21755,NHS,0,iccad2
NHSCAD2927.png,NHSCAD2927,NHS,0,iccad2
NHSCAD22598.png,NHSCAD22598,NHS,2,iccad2
NHSCAD24117.png,NHSCAD24117,NHS,2,iccad2
NHSCAD21841.png,NHSCAD21841,NHS,3,iccad2
NHSCAD24005.png,NHSCAD24005,NHS,1,iccad2
NHSCAD22226.png,NHSCAD22226,NHS,2,iccad2
NHSCAD21091.png,NHSCAD21091,NHS,0,iccad2
NHSCAD22350.png,NHSCAD22350,NHS,4,iccad2
NHSCAD21296.png,NHSCAD21296,NHS,3,iccad2
NHSCAD2713.png,NHSCAD2713,NHS,0,iccad2
HSCAD258.png,HSCAD258,HS,3,iccad2
NHSCAD25333.png,NHSCAD25333,NHS,4,iccad2
NHSCAD24692.png,NHSCAD24692,NHS,4,iccad2
NHSCAD24378.png,NHSCAD24378,NHS,1,iccad2
NHSCAD23863.png,NHSCAD23863,NHS,0,iccad2
NHSCAD21070.png,NHSCAD21070,NHS,4,iccad2
NHSCAD21782.png,NHSCAD21782,NHS,2,iccad2
NHSCAD21440.png,NHSCAD21440,NHS,4,iccad2
NHSCAD25285.png,NHSCAD25285,NHS,3,iccad2
NHSCAD21265.png,NHSCAD21265,NHS,4,iccad2
NHSCAD2849.png,NHSCAD2849,NHS,2,iccad2
NHSCAD22499.png,NHSCAD22499,NHS,4,iccad2
NHSCAD23795.png,NHSCAD23795,NHS,3,iccad2
NHSCAD24403.png,NHSCAD24403,NHS,4,iccad2
NHSCAD23483.png,NHSCAD23483,NHS,1,iccad2
NHSCAD21707.png,NHSCAD21707,NHS,0,iccad2
NHSCAD22877.png,NHSCAD22877,NHS,0,iccad2
NHSCAD21604.png,NHSCAD21604,NHS,0,iccad2
NHSCAD2359.png,NHSCAD2359,NHS,3,iccad2
NHSCAD23899.png,NHSCAD23899,NHS,2,iccad2
NHSCAD23981.png,NHSCAD23981,NHS,0,iccad2
NHSCAD23487.png,NHSCAD23487,NHS,0,iccad2
NHSCAD24535.png,NHSCAD24535,NHS,4,iccad2
NHSCAD2353.png,NHSCAD2353,NHS,2,iccad2
NHSCAD21527.png,NHSCAD21527,NHS,1,iccad2
NHSCAD21324.png,NHSCAD21324,NHS,1,iccad2
NHSCAD22154.png,NHSCAD22154,NHS,3,iccad2
NHSCAD24366.png,NHSCAD24366,NHS,3,iccad2
NHSCAD21684.png,NHSCAD21684,NHS,3,iccad2
NHSCAD22443.png,NHSCAD22443,NHS,3,iccad2
NHSCAD24793.png,NHSCAD24793,NHS,4,iccad2
NHSCAD2598.png,NHSCAD2598,NHS,1,iccad2
NHSCAD24567.png,NHSCAD24567,NHS,4,iccad2
NHSCAD24568.png,NHSCAD24568,NHS,0,iccad2
NHSCAD23635.png,NHSCAD23635,NHS,3,iccad2
NHSCAD25212.png,NHSCAD25212,NHS,3,iccad2
NHSCAD23086.png,NHSCAD23086,NHS,3,iccad2
NHSCAD2566.png,NHSCAD2566,NHS,4,iccad2
NHSCAD21293.png,NHSCAD21293,NHS,0,iccad2
NHSCAD2583.png,NHSCAD2583,NHS,1,iccad2
NHSCAD22445.png,NHSCAD22445,NHS,2,iccad2
NHSCAD21258.png,NHSCAD21258,NHS,2,iccad2
NHSCAD23258.png,NHSCAD23258,NHS,3,iccad2
NHSCAD25116.png,NHSCAD25116,NHS,3,iccad2
NHSCAD22820.png,NHSCAD22820,NHS,0,iccad2
NHSCAD25095.png,NHSCAD25095,NHS,0,iccad2
NHSCAD23505.png,NHSCAD23505,NHS,0,iccad2
NHSCAD24294.png,NHSCAD24294,NHS,4,iccad2
HSCAD2120.png,HSCAD2120,HS,0,iccad2
NHSCAD24587.png,NHSCAD24587,NHS,1,iccad2
NHSCAD21509.png,NHSCAD21509,NHS,3,iccad2
NHSCAD21739.png,NHSCAD21739,NHS,3,iccad2
NHSCAD25086.png,NHSCAD25086,NHS,0,iccad2
NHSCAD23962.png,NHSCAD23962,NHS,4,iccad2
NHSCAD21498.png,NHSCAD21498,NHS,2,iccad2
NHSCAD24759.png,NHSCAD24759,NHS,0,iccad2
NHSCAD23495.png,NHSCAD23495,NHS,4,iccad2
NHSCAD23678.png,NHSCAD23678,NHS,4,iccad2
NHSCAD21715.png,NHSCAD21715,NHS,4,iccad2
NHSCAD22298.png,NHSCAD22298,NHS,3,iccad2
NHSCAD24861.png,NHSCAD24861,NHS,2,iccad2
NHSCAD23027.png,NHSCAD23027,NHS,4,iccad2
NHSCAD22322.png,NHSCAD22322,NHS,4,iccad2
NHSCAD22839.png,NHSCAD22839,NHS,0,iccad2
NHSCAD22292.png,NHSCAD22292,NHS,2,iccad2
NHSCAD23434.png,NHSCAD23434,NHS,3,iccad2
NHSCAD23768.png,NHSCAD23768,NHS,0,iccad2
NHSCAD21107.png,NHSCAD21107,NHS,1,iccad2
NHSCAD23488.png,NHSCAD23488,NHS,1,iccad2
NHSCAD24905.png,NHSCAD24905,NHS,4,iccad2
NHSCAD21486.png,NHSCAD21486,NHS,0,iccad2
NHSCAD21199.png,NHSCAD21199,NHS,2,iccad2
NHSCAD23482.png,NHSCAD23482,NHS,0,iccad2
NHSCAD24767.png,NHSCAD24767,NHS,3,iccad2
NHSCAD2765.png,NHSCAD2765,NHS,0,iccad2
HSCAD254.png,HSCAD254,HS,4,iccad2
NHSCAD22378.png,NHSCAD22378,NHS,4,iccad2
NHSCAD2474.png,NHSCAD2474,NHS,3,iccad2
NHSCAD25137.png,NHSCAD25137,NHS,1,iccad2
NHSCAD22554.png,NHSCAD22554,NHS,0,iccad2
NHSCAD23838.png,NHSCAD23838,NHS,4,iccad2
NHSCAD24298.png,NHSCAD24298,NHS,0,iccad2
NHSCAD24116.png,NHSCAD24116,NHS,1,iccad2
NHSCAD23041.png,NHSCAD23041,NHS,0,iccad2
NHSCAD25259.png,NHSCAD25259,NHS,2,iccad2
NHSCAD2195.png,NHSCAD2195,NHS,0,iccad2
NHSCAD24023.png,NHSCAD24023,NHS,1,iccad2
NHSCAD24006.png,NHSCAD24006,NHS,4,iccad2
NHSCAD23359.png,NHSCAD23359,NHS,0,iccad2
NHSCAD21500.png,NHSCAD21500,NHS,4,iccad2
NHSCAD25364.png,NHSCAD25364,NHS,2,iccad2
NHSCAD24173.png,NHSCAD24173,NHS,1,iccad2
NHSCAD25106.png,NHSCAD25106,NHS,2,iccad2
NHSCAD2196.png,NHSCAD2196,NHS,1,iccad2
NHSCAD23188.png,NHSCAD23188,NHS,4,iccad2
NHSCAD21623.png,NHSCAD21623,NHS,4,iccad2
NHSCAD24827.png,NHSCAD24827,NHS,0,iccad2
NHSCAD21696.png,NHSCAD21696,NHS,1,iccad2
NHSCAD23225.png,NHSCAD23225,NHS,2,iccad2
NHSCAD22093.png,NHSCAD22093,NHS,3,iccad2
NHSCAD23480.png,NHSCAD23480,NHS,3,iccad2
NHSCAD22130.png,NHSCAD22130,NHS,4,iccad2
NHSCAD23583.png,NHSCAD23583,NHS,4,iccad2
NHSCAD2415.png,NHSCAD2415,NHS,0,iccad2
NHSCAD2285.png,NHSCAD2285,NHS,0,iccad2
NHSCAD23012.png,NHSCAD23012,NHS,4,iccad2
NHSCAD22436.png,NHSCAD22436,NHS,2,iccad2
NHSCAD24426.png,NHSCAD24426,NHS,4,iccad2
NHSCAD23561.png,NHSCAD23561,NHS,2,iccad2
NHSCAD24747.png,NHSCAD24747,NHS,1,iccad2
NHSCAD21694.png,NHSCAD21694,NHS,3,iccad2
NHSCAD21169.png,NHSCAD21169,NHS,3,iccad2
NHSCAD22929.png,NHSCAD22929,NHS,0,iccad2
NHSCAD23285.png,NHSCAD23285,NHS,1,iccad2
NHSCAD2194.png,NHSCAD2194,NHS,4,iccad2
NHSCAD24303.png,NHSCAD24303,NHS,4,iccad2
NHSCAD25216.png,NHSCAD25216,NHS,2,iccad2
NHSCAD21939.png,NHSCAD21939,NHS,3,iccad2
NHSCAD23439.png,NHSCAD23439,NHS,2,iccad2
NHSCAD24496.png,NHSCAD24496,NHS,1,iccad2
NHSCAD21470.png,NHSCAD21470,NHS,4,iccad2
NHSCAD21592.png,NHSCAD21592,NHS,2,iccad2
NHSCAD23853.png,NHSCAD23853,NHS,2,iccad2
NHSCAD2932.png,NHSCAD2932,NHS,4,iccad2
NHSCAD24571.png,NHSCAD24571,NHS,4,iccad2
NHSCAD23582.png,NHSCAD23582,NHS,1,iccad2
NHSCAD22520.png,NHSCAD22520,NHS,1,iccad2
NHSCAD23329.png,NHSCAD23329,NHS,3,iccad2
NHSCAD24701.png,NHSCAD24701,NHS,3,iccad2
NHSCAD2771.png,NHSCAD2771,NHS,1,iccad2
NHSCAD24486.png,NHSCAD24486,NHS,0,iccad2
NHSCAD2354.png,NHSCAD2354,NHS,3,iccad2
NHSCAD2638.png,NHSCAD2638,NHS,2,iccad2
NHSCAD21290.png,NHSCAD21290,NHS,2,iccad2
NHSCAD22015.png,NHSCAD22015,NHS,2,iccad2
NHSCAD22827.png,NHSCAD22827,NHS,1,iccad2
NHSCAD22369.png,NHSCAD22369,NHS,4,iccad2
NHSCAD2407.png,NHSCAD2407,NHS,1,iccad2
NHSCAD2223.png,NHSCAD2223,NHS,4,iccad2
NHSCAD22430.png,NHSCAD22430,NHS,4,iccad2
NHSCAD23140.png,NHSCAD23140,NHS,1,iccad2
NHSCAD2675.png,NHSCAD2675,NHS,4,iccad2
NHSCAD23118.png,NHSCAD23118,NHS,1,iccad2
NHSCAD21570.png,NHSCAD21570,NHS,3,iccad2
NHSCAD21607.png,NHSCAD21607,NHS,2,iccad2
NHSCAD24010.png,NHSCAD24010,NHS,4,iccad2
NHSCAD22193.png,NHSCAD22193,NHS,2,iccad2
NHSCAD21522.png,NHSCAD21522,NHS,1,iccad2
NHSCAD21835.png,NHSCAD21835,NHS,4,iccad2
HSCAD2106.png,HSCAD2106,HS,4,iccad2
NHSCAD23990.png,NHSCAD23990,NHS,0,iccad2
NHSCAD21481.png,NHSCAD21481,NHS,0,iccad2
HSCAD2164.png,HSCAD2164,HS,3,iccad2
NHSCAD24204.png,NHSCAD24204,NHS,2,iccad2
NHSCAD2449.png,NHSCAD2449,NHS,4,iccad2
NHSCAD21889.png,NHSCAD21889,NHS,1,iccad2
NHSCAD21922.png,NHSCAD21922,NHS,0,iccad2
NHSCAD21794.png,NHSCAD21794,NHS,4,iccad2
NHSCAD21545.png,NHSCAD21545,NHS,4,iccad2
NHSCAD21052.png,NHSCAD21052,NHS,1,iccad2
HSCAD2135.png,HSCAD2135,HS,3,iccad2
HSCAD2139.png,HSCAD2139,HS,0,iccad2
NHSCAD24997.png,NHSCAD24997,NHS,0,iccad2
NHSCAD25162.png,NHSCAD25162,NHS,4,iccad2
NHSCAD2787.png,NHSCAD2787,NHS,1,iccad2
NHSCAD24372.png,NHSCAD24372,NHS,0,iccad2
NHSCAD21106.png,NHSCAD21106,NHS,0,iccad2
NHSCAD22560.png,NHSCAD22560,NHS,2,iccad2
NHSCAD23782.png,NHSCAD23782,NHS,1,iccad2
NHSCAD22464.png,NHSCAD22464,NHS,0,iccad2
NHSCAD22263.png,NHSCAD22263,NHS,0,iccad2
NHSCAD2545.png,NHSCAD2545,NHS,4,iccad2
NHSCAD22741.png,NHSCAD22741,NHS,2,iccad2
NHSCAD23421.png,NHSCAD23421,NHS,4,iccad2
NHSCAD23395.png,NHSCAD23395,NHS,2,iccad2
NHSCAD23816.png,NHSCAD23816,NHS,1,iccad2
NHSCAD23698.png,NHSCAD23698,NHS,0,iccad2
NHSCAD22145.png,NHSCAD22145,NHS,3,iccad2
NHSCAD2950.png,NHSCAD2950,NHS,3,iccad2
NHSCAD23850.png,NHSCAD23850,NHS,3,iccad2
NHSCAD22934.png,NHSCAD22934,NHS,1,iccad2
NHSCAD23754.png,NHSCAD23754,NHS,2,iccad2
NHSCAD21970.png,NHSCAD21970,NHS,2,iccad2
NHSCAD24214.png,NHSCAD24214,NHS,0,iccad2
NHSCAD22937.png,NHSCAD22937,NHS,4,iccad2
NHSCAD21816.png,NHSCAD21816,NHS,2,iccad2
NHSCAD2356.png,NHSCAD2356,NHS,1,iccad2
NHSCAD21202.png,NHSCAD21202,NHS,1,iccad2
NHSCAD21531.png,NHSCAD21531,NHS,1,iccad2
NHSCAD21401.png,NHSCAD21401,NHS,2,iccad2
NHSCAD21666.png,NHSCAD21666,NHS,0,iccad2
NHSCAD22568.png,NHSCAD22568,NHS,2,iccad2
NHSCAD2265.png,NHSCAD2265,NHS,1,iccad2
NHSCAD21552.png,NHSCAD21552,NHS,2,iccad2
NHSCAD2558.png,NHSCAD2558,NHS,1,iccad2
NHSCAD24696.png,NHSCAD24696,NHS,2,iccad2
NHSCAD25351.png,NHSCAD25351,NHS,3,iccad2
NHSCAD24072.png,NHSCAD24072,NHS,4,iccad2
NHSCAD23877.png,NHSCAD23877,NHS,0,iccad2
NHSCAD25069.png,NHSCAD25069,NHS,1,iccad2
NHSCAD24217.png,NHSCAD24217,NHS,4,iccad2
NHSCAD24888.png,NHSCAD24888,NHS,2,iccad2
NHSCAD24270.png,NHSCAD24270,NHS,3,iccad2
NHSCAD21677.png,NHSCAD21677,NHS,0,iccad2
NHSCAD22028.png,NHSCAD22028,NHS,3,iccad2
NHSCAD24257.png,NHSCAD24257,NHS,3,iccad2
NHSCAD21476.png,NHSCAD21476,NHS,0,iccad2
NHSCAD2897.png,NHSCAD2897,NHS,1,iccad2
NHSCAD25172.png,NHSCAD25172,NHS,0,iccad2
NHSCAD2735.png,NHSCAD2735,NHS,3,iccad2
NHSCAD2585.png,NHSCAD2585,NHS,3,iccad2
NHSCAD24292.png,NHSCAD24292,NHS,3,iccad2
NHSCAD25293.png,NHSCAD25293,NHS,1,iccad2
NHSCAD22054.png,NHSCAD22054,NHS,2,iccad2
NHSCAD24886.png,NHSCAD24886,NHS,0,iccad2
NHSCAD2482.png,NHSCAD2482,NHS,2,iccad2
NHSCAD2266.png,NHSCAD2266,NHS,3,iccad2
NHSCAD23681.png,NHSCAD23681,NHS,1,iccad2
NHSCAD2441.png,NHSCAD2441,NHS,0,iccad2
NHSCAD24611.png,NHSCAD24611,NHS,1,iccad2
HSCAD233.png,HSCAD233,HS,1,iccad2
NHSCAD21844.png,NHSCAD21844,NHS,4,iccad2
NHSCAD23642.png,NHSCAD23642,NHS,2,iccad2
NHSCAD21891.png,NHSCAD21891,NHS,3,iccad2
NHSCAD23223.png,NHSCAD23223,NHS,0,iccad2
NHSCAD2434.png,NHSCAD2434,NHS,4,iccad2
NHSCAD23044.png,NHSCAD23044,NHS,3,iccad2
NHSCAD21924.png,NHSCAD21924,NHS,1,iccad2
NHSCAD21131.png,NHSCAD21131,NHS,0,iccad2
NHSCAD23101.png,NHSCAD23101,NHS,0,iccad2
NHSCAD23011.png,NHSCAD23011,NHS,3,iccad2
NHSCAD22348.png,NHSCAD22348,NHS,1,iccad2
NHSCAD22486.png,NHSCAD22486,NHS,2,iccad2
NHSCAD24729.png,NHSCAD24729,NHS,1,iccad2
NHSCAD23730.png,NHSCAD23730,NHS,0,iccad2
NHSCAD25303.png,NHSCAD25303,NHS,3,iccad2
NHSCAD22749.png,NHSCAD22749,NHS,0,iccad2
NHSCAD2391.png,NHSCAD2391,NHS,1,iccad2
NHSCAD24370.png,NHSCAD24370,NHS,3,iccad2
NHSCAD21775.png,NHSCAD21775,NHS,3,iccad2
NHSCAD2899.png,NHSCAD2899,NHS,2,iccad2
NHSCAD24274.png,NHSCAD24274,NHS,1,iccad2
NHSCAD2470.png,NHSCAD2470,NHS,1,iccad2
NHSCAD2622.png,NHSCAD2622,NHS,2,iccad2
NHSCAD23741.png,NHSCAD23741,NHS,2,iccad2
NHSCAD2597.png,NHSCAD2597,NHS,0,iccad2
NHSCAD2845.png,NHSCAD2845,NHS,4,iccad2
NHSCAD2286.png,NHSCAD2286,NHS,1,iccad2
NHSCAD23712.png,NHSCAD23712,NHS,0,iccad2
NHSCAD21451.png,NHSCAD21451,NHS,0,iccad2
NHSCAD22690.png,NHSCAD22690,NHS,1,iccad2
NHSCAD23513.png,NHSCAD23513,NHS,4,iccad2
NHSCAD24584.png,NHSCAD24584,NHS,3,iccad2
NHSCAD23141.png,NHSCAD23141,NHS,0,iccad2
NHSCAD2275.png,NHSCAD2275,NHS,1,iccad2
NHSCAD21306.png,NHSCAD21306,NHS,3,iccad2
NHSCAD22170.png,NHSCAD22170,NHS,2,iccad2
NHSCAD23195.png,NHSCAD23195,NHS,4,iccad2
NHSCAD25218.png,NHSCAD25218,NHS,4,iccad2
NHSCAD24512.png,NHSCAD24512,NHS,4,iccad2
NHSCAD24231.png,NHSCAD24231,NHS,2,iccad2
NHSCAD21385.png,NHSCAD21385,NHS,2,iccad2
NHSCAD21176.png,NHSCAD21176,NHS,0,iccad2
NHSCAD21157.png,NHSCAD21157,NHS,3,iccad2
NHSCAD23287.png,NHSCAD23287,NHS,3,iccad2
NHSCAD2548.png,NHSCAD2548,NHS,1,iccad2
NHSCAD22113.png,NHSCAD22113,NHS,0,iccad2
NHSCAD21249.png,NHSCAD21249,NHS,3,iccad2
NHSCAD23507.png,NHSCAD23507,NHS,2,iccad2
NHSCAD25208.png,NHSCAD25208,NHS,3,iccad2
NHSCAD21535.png,NHSCAD21535,NHS,4,iccad2
NHSCAD22429.png,NHSCAD22429,NHS,1,iccad2
NHSCAD2758.png,NHSCAD2758,NHS,3,iccad2
NHSCAD22394.png,NHSCAD22394,NHS,4,iccad2
NHSCAD2781.png,NHSCAD2781,NHS,1,iccad2
HSCAD2156.png,HSCAD2156,HS,2,iccad2
NHSCAD23577.png,NHSCAD23577,NHS,0,iccad2
NHSCAD21902.png,NHSCAD21902,NHS,1,iccad2
NHSCAD24609.png,NHSCAD24609,NHS,2,iccad2
NHSCAD23070.png,NHSCAD23070,NHS,2,iccad2
NHSCAD2183.png,NHSCAD2183,NHS,2,iccad2
NHSCAD21050.png,NHSCAD21050,NHS,4,iccad2
NHSCAD23065.png,NHSCAD23065,NHS,1,iccad2
NHSCAD21314.png,NHSCAD21314,NHS,1,iccad2
NHSCAD23574.png,NHSCAD23574,NHS,4,iccad2
NHSCAD21374.png,NHSCAD21374,NHS,1,iccad2
NHSCAD24994.png,NHSCAD24994,NHS,2,iccad2
NHSCAD23725.png,NHSCAD23725,NHS,4,iccad2
NHSCAD2901.png,NHSCAD2901,NHS,0,iccad2
NHSCAD23281.png,NHSCAD23281,NHS,2,iccad2
NHSCAD2361.png,NHSCAD2361,NHS,1,iccad2
NHSCAD25325.png,NHSCAD25325,NHS,1,iccad2
NHSCAD21542.png,NHSCAD21542,NHS,2,iccad2
NHSCAD22480.png,NHSCAD22480,NHS,4,iccad2
NHSCAD23099.png,NHSCAD23099,NHS,2,iccad2
NHSCAD24385.png,NHSCAD24385,NHS,4,iccad2
NHSCAD25257.png,NHSCAD25257,NHS,1,iccad2
NHSCAD24663.png,NHSCAD24663,NHS,2,iccad2
NHSCAD25445.png,NHSCAD25445,NHS,4,iccad2
NHSCAD2633.png,NHSCAD2633,NHS,2,iccad2
NHSCAD21713.png,NHSCAD21713,NHS,2,iccad2
NHSCAD2331.png,NHSCAD2331,NHS,3,iccad2
NHSCAD23406.png,NHSCAD23406,NHS,3,iccad2
NHSCAD23194.png,NHSCAD23194,NHS,3,iccad2
NHSCAD2949.png,NHSCAD2949,NHS,2,iccad2
NHSCAD21171.png,NHSCAD21171,NHS,0,iccad2
NHSCAD21153.png,NHSCAD21153,NHS,1,iccad2
NHSCAD22748.png,NHSCAD22748,NHS,4,iccad2
NHSCAD25130.png,NHSCAD25130,NHS,4,iccad2
NHSCAD2517.png,NHSCAD2517,NHS,2,iccad2
NHSCAD24799.png,NHSCAD24799,NHS,3,iccad2
NHSCAD24363.png,NHSCAD24363,NHS,0,iccad2
HSCAD2110.png,HSCAD2110,HS,4,iccad2
NHSCAD23436.png,NHSCAD23436,NHS,0,iccad2
NHSCAD21621.png,NHSCAD21621,NHS,1,iccad2
NHSCAD21873.png,NHSCAD21873,NHS,3,iccad2
NHSCAD23501.png,NHSCAD23501,NHS,1,iccad2
NHSCAD2651.png,NHSCAD2651,NHS,0,iccad2
NHSCAD2514.png,NHSCAD2514,NHS,4,iccad2
NHSCAD21017.png,NHSCAD21017,NHS,1,iccad2
NHSCAD23737.png,NHSCAD23737,NHS,2,iccad2
NHSCAD23146.png,NHSCAD23146,NHS,1,iccad2
NHSCAD25332.png,NHSCAD25332,NHS,2,iccad2
NHSCAD21516.png,NHSCAD21516,NHS,0,iccad2
NHSCAD24754.png,NHSCAD24754,NHS,0,iccad2
NHSCAD2432.png,NHSCAD2432,NHS,3,iccad2
NHSCAD23117.png,NHSCAD23117,NHS,2,iccad2
NHSCAD21102.png,NHSCAD21102,NHS,1,iccad2
NHSCAD2485.png,NHSCAD2485,NHS,0,iccad2
NHSCAD21999.png,NHSCAD21999,NHS,2,iccad2
NHSCAD2776.png,NHSCAD2776,NHS,1,iccad2
NHSCAD25324.png,NHSCAD25324,NHS,4,iccad2
NHSCAD24334.png,NHSCAD24334,NHS,0,iccad2
NHSCAD24910.png,NHSCAD24910,NHS,1,iccad2
NHSCAD24684.png,NHSCAD24684,NHS,0,iccad2
NHSCAD23789.png,NHSCAD23789,NHS,2,iccad2
NHSCAD22387.png,NHSCAD22387,NHS,2,iccad2
NHSCAD23440.png,NHSCAD23440,NHS,0,iccad2
NHSCAD23288.png,NHSCAD23288,NHS,4,iccad2
NHSCAD23096.png,NHSCAD23096,NHS,4,iccad2
NHSCAD24521.png,NHSCAD24521,NHS,4,iccad2
NHSCAD21579.png,NHSCAD21579,NHS,0,iccad2
NHSCAD23187.png,NHSCAD23187,NHS,0,iccad2
NHSCAD24409.png,NHSCAD24409,NHS,2,iccad2
NHSCAD24401.png,NHSCAD24401,NHS,2,iccad2
NHSCAD24900.png,NHSCAD24900,NHS,1,iccad2
NHSCAD25150.png,NHSCAD25150,NHS,1,iccad2
NHSCAD22477.png,NHSCAD22477,NHS,2,iccad2
NHSCAD23494.png,NHSCAD23494,NHS,3,iccad2
HSCAD246.png,HSCAD246,HS,2,iccad2
NHSCAD22254.png,NHSCAD22254,NHS,0,iccad2
HSCAD216.png,HSCAD216,HS,4,iccad2
NHSCAD21788.png,NHSCAD21788,NHS,3,iccad2
NHSCAD25202.png,NHSCAD25202,NHS,2,iccad2
NHSCAD21251.png,NHSCAD21251,NHS,0,iccad2
NHSCAD21252.png,NHSCAD21252,NHS,1,iccad2
NHSCAD21405.png,NHSCAD21405,NHS,1,iccad2
NHSCAD24922.png,NHSCAD24922,NHS,3,iccad2
NHSCAD22284.png,NHSCAD22284,NHS,3,iccad2
NHSCAD22802.png,NHSCAD22802,NHS,3,iccad2
NHSCAD24526.png,NHSCAD24526,NHS,4,iccad2
NHSCAD2684.png,NHSCAD2684,NHS,2,iccad2
NHSCAD21556.png,NHSCAD21556,NHS,1,iccad2
NHSCAD23547.png,NHSCAD23547,NHS,1,iccad2
NHSCAD24573.png,NHSCAD24573,NHS,1,iccad2
NHSCAD24989.png,NHSCAD24989,NHS,1,iccad2
NHSCAD22444.png,NHSCAD22444,NHS,4,iccad2
NHSCAD2319.png,NHSCAD2319,NHS,3,iccad2
NHSCAD21845.png,NHSCAD21845,NHS,0,iccad2
NHSCAD24463.png,NHSCAD24463,NHS,0,iccad2
NHSCAD22841.png,NHSCAD22841,NHS,0,iccad2
NHSCAD25401.png,NHSCAD25401,NHS,3,iccad2
NHSCAD2715.png,NHSCAD2715,NHS,3,iccad2
NHSCAD23840.png,NHSCAD23840,NHS,0,iccad2
NHSCAD24517.png,NHSCAD24517,NHS,4,iccad2
NHSCAD25396.png,NHSCAD25396,NHS,2,iccad2
NHSCAD25287.png,NHSCAD25287,NHS,4,iccad2
NHSCAD22395.png,NHSCAD22395,NHS,0,iccad2
NHSCAD24547.png,NHSCAD24547,NHS,1,iccad2
NHSCAD2207.png,NHSCAD2207,NHS,4,iccad2
NHSCAD21045.png,NHSCAD21045,NHS,4,iccad2
NHSCAD2444.png,NHSCAD2444,NHS,3,iccad2
NHSCAD21963.png,NHSCAD21963,NHS,0,iccad2
NHSCAD22468.png,NHSCAD22468,NHS,2,iccad2
NHSCAD24425.png,NHSCAD24425,NHS,3,iccad2
NHSCAD23298.png,NHSCAD23298,NHS,0,iccad2
NHSCAD22055.png,NHSCAD22055,NHS,3,iccad2
NHSCAD23411.png,NHSCAD23411,NHS,3,iccad2
NHSCAD24753.png,NHSCAD24753,NHS,3,iccad2
NHSCAD22090.png,NHSCAD22090,NHS,0,iccad2
NHSCAD24943.png,NHSCAD24943,NHS,1,iccad2
NHSCAD2330.png,NHSCAD2330,NHS,2,iccad2
NHSCAD24636.png,NHSCAD24636,NHS,2,iccad2
NHSCAD2870.png,NHSCAD2870,NHS,4,iccad2
NHSCAD23760.png,NHSCAD23760,NHS,1,iccad2
NHSCAD21159.png,NHSCAD21159,NHS,2,iccad2
NHSCAD21422.png,NHSCAD21422,NHS,1,iccad2
NHSCAD25261.png,NHSCAD25261,NHS,1,iccad2
NHSCAD2829.png,NHSCAD2829,NHS,3,iccad2
NHSCAD24665.png,NHSCAD24665,NHS,0,iccad2
NHSCAD22939.png,NHSCAD22939,NHS,1,iccad2
NHSCAD24220.png,NHSCAD24220,NHS,3,iccad2
NHSCAD2539.png,NHSCAD2539,NHS,1,iccad2
NHSCAD24677.png,NHSCAD24677,NHS,1,iccad2
NHSCAD23450.png,NHSCAD23450,NHS,1,iccad2
NHSCAD22812.png,NHSCAD22812,NHS,4,iccad2
NHSCAD23377.png,NHSCAD23377,NHS,0,iccad2
HSCAD2112.png,HSCAD2112,HS,1,iccad2
NHSCAD24374.png,NHSCAD24374,NHS,2,iccad2
NHSCAD24842.png,NHSCAD24842,NHS,2,iccad2
NHSCAD24638.png,NHSCAD24638,NHS,0,iccad2
NHSCAD23050.png,NHSCAD23050,NHS,0,iccad2
NHSCAD22735.png,NHSCAD22735,NHS,0,iccad2
NHSCAD25245.png,NHSCAD25245,NHS,2,iccad2
NHSCAD23651.png,NHSCAD23651,NHS,3,iccad2
NHSCAD24180.png,NHSCAD24180,NHS,4,iccad2
NHSCAD22096.png,NHSCAD22096,NHS,1,iccad2
NHSCAD23255.png,NHSCAD23255,NHS,0,iccad2
NHSCAD21366.png,NHSCAD21366,NHS,3,iccad2
NHSCAD2742.png,NHSCAD2742,NHS,2,iccad2
NHSCAD25012.png,NHSCAD25012,NHS,2,iccad2
NHSCAD21439.png,NHSCAD21439,NHS,3,iccad2
NHSCAD24832.png,NHSCAD24832,NHS,1,iccad2
NHSCAD23331.png,NHSCAD23331,NHS,0,iccad2
NHSCAD22586.png,NHSCAD22586,NHS,1,iccad2
NHSCAD23243.png,NHSCAD23243,NHS,2,iccad2
NHSCAD22216.png,NHSCAD22216,NHS,1,iccad2
NHSCAD21557.png,NHSCAD21557,NHS,2,iccad2
NHSCAD22002.png,NHSCAD22002,NHS,3,iccad2
NHSCAD22484.png,NHSCAD22484,NHS,1,iccad2
NHSCAD22194.png,NHSCAD22194,NHS,4,iccad2
NHSCAD23339.png,NHSCAD23339,NHS,4,iccad2
NHSCAD2922.png,NHSCAD2922,NHS,0,iccad2
NHSCAD25252.png,NHSCAD25252,NHS,1,iccad2
NHSCAD2352.png,NHSCAD2352,NHS,1,iccad2
NHSCAD24249.png,NHSCAD24249,NHS,4,iccad2
NHSCAD22352.png,NHSCAD22352,NHS,1,iccad2
NHSCAD2213.png,NHSCAD2213,NHS,3,iccad2
NHSCAD2779.png,NHSCAD2779,NHS,4,iccad2
NHSCAD24819.png,NHSCAD24819,NHS,1,iccad2
NHSCAD25203.png,NHSCAD25203,NHS,3,iccad2
NHSCAD23231.png,NHSCAD23231,NHS,4,iccad2
NHSCAD22282.png,NHSCAD22282,NHS,1,iccad2
NHSCAD23993.png,NHSCAD23993,NHS,2,iccad2
NHSCAD21414.png,NHSCAD21414,NHS,4,iccad2
NHSCAD24255.png,NHSCAD24255,NHS,0,iccad2
NHSCAD22000.png,NHSCAD22000,NHS,1,iccad2
NHSCAD22149.png,NHSCAD22149,NHS,4,iccad2
NHSCAD22746.png,NHSCAD22746,NHS,2,iccad2
NHSCAD22659.png,NHSCAD22659,NHS,1,iccad2
NHSCAD24471.png,NHSCAD24471,NHS,4,iccad2
NHSCAD21832.png,NHSCAD21832,NHS,3,iccad2
NHSCAD23774.png,NHSCAD23774,NHS,2,iccad2
NHSCAD24919.png,NHSCAD24919,NHS,0,iccad2
NHSCAD24904.png,NHSCAD24904,NHS,0,iccad2
NHSCAD23804.png,NHSCAD23804,NHS,3,iccad2
NHSCAD24139.png,NHSCAD24139,NHS,4,iccad2
NHSCAD21710.png,NHSCAD21710,NHS,4,iccad2
NHSCAD23470.png,NHSCAD23470,NHS,1,iccad2
NHSCAD21386.png,NHSCAD21386,NHS,3,iccad2
NHSCAD24532.png,NHSCAD24532,NHS,1,iccad2
NHSCAD23113.png,NHSCAD23113,NHS,3,iccad2
NHSCAD23894.png,NHSCAD23894,NHS,2,iccad2
NHSCAD21799.png,NHSCAD21799,NHS,4,iccad2
NHSCAD22374.png,NHSCAD22374,NHS,0,iccad2
NHSCAD23657.png,NHSCAD23657,NHS,3,iccad2
NHSCAD23977.png,NHSCAD23977,NHS,0,iccad2
NHSCAD21528.png,NHSCAD21528,NHS,2,iccad2
NHSCAD2505.png,NHSCAD2505,NHS,0,iccad2
NHSCAD2635.png,NHSCAD2635,NHS,3,iccad2
NHSCAD23196.png,NHSCAD23196,NHS,0,iccad2
NHSCAD24983.png,NHSCAD24983,NHS,0,iccad2
NHSCAD22821.png,NHSCAD22821,NHS,2,iccad2
NHSCAD22084.png,NHSCAD22084,NHS,4,iccad2
NHSCAD24531.png,NHSCAD24531,NHS,0,iccad2
NHSCAD24049.png,NHSCAD24049,NHS,2,iccad2
NHSCAD22089.png,NHSCAD22089,NHS,4,iccad2
NHSCAD22736.png,NHSCAD22736,NHS,1,iccad2
HSCAD2144.png,HSCAD2144,HS,1,iccad2
NHSCAD24311.png,NHSCAD24311,NHS,0,iccad2
NHSCAD21629.png,NHSCAD21629,NHS,0,iccad2
NHSCAD22008.png,NHSCAD22008,NHS,4,iccad2
NHSCAD24000.png,NHSCAD24000,NHS,1,iccad2
NHSCAD22906.png,NHSCAD22906,NHS,0,iccad2
NHSCAD24981.png,NHSCAD24981,NHS,3,iccad2
NHSCAD23165.png,NHSCAD23165,NHS,2,iccad2
NHSCAD25356.png,NHSCAD25356,NHS,3,iccad2
NHSCAD21323.png,NHSCAD21323,NHS,0,iccad2
NHSCAD22300.png,NHSCAD22300,NHS,1,iccad2
NHSCAD22886.png,NHSCAD22886,NHS,2,iccad2
NHSCAD24564.png,NHSCAD24564,NHS,1,iccad2
NHSCAD21978.png,NHSCAD21978,NHS,2,iccad2
NHSCAD22932.png,NHSCAD22932,NHS,4,iccad2
NHSCAD21622.png,NHSCAD21622,NHS,2,iccad2
NHSCAD23552.png,NHSCAD23552,NHS,2,iccad2
NHSCAD24146.png,NHSCAD24146,NHS,1,iccad2
NHSCAD21195.png,NHSCAD21195,NHS,4,iccad2
NHSCAD22881.png,NHSCAD22881,NHS,0,iccad2
NHSCAD23153.png,NHSCAD23153,NHS,2,iccad2
NHSCAD2197.png,NHSCAD2197,NHS,1,iccad2
NHSCAD23802.png,NHSCAD23802,NHS,2,iccad2
NHSCAD22200.png,NHSCAD22200,NHS,4,iccad2
NHSCAD21740.png,NHSCAD21740,NHS,1,iccad2
NHSCAD2644.png,NHSCAD2644,NHS,4,iccad2
NHSCAD23621.png,NHSCAD23621,NHS,3,iccad2
NHSCAD21600.png,NHSCAD21600,NHS,3,iccad2
NHSCAD23605.png,NHSCAD23605,NHS,1,iccad2
NHSCAD24932.png,NHSCAD24932,NHS,4,iccad2
NHSCAD2907.png,NHSCAD2907,NHS,4,iccad2
NHSCAD25129.png,NHSCAD25129,NHS,3,iccad2
NHSCAD22898.png,NHSCAD22898,NHS,3,iccad2
NHSCAD22836.png,NHSCAD22836,NHS,1,iccad2
NHSCAD2247.png,NHSCAD2247,NHS,0,iccad2
NHSCAD21784.png,NHSCAD21784,NHS,4,iccad2
NHSCAD24325.png,NHSCAD24325,NHS,0,iccad2
NHSCAD21561.png,NHSCAD21561,NHS,1,iccad2
NHSCAD24652.png,NHSCAD24652,NHS,1,iccad2
NHSCAD21895.png,NHSCAD21895,NHS,0,iccad2
NHSCAD2526.png,NHSCAD2526,NHS,4,iccad2
NHSCAD22454.png,NHSCAD22454,NHS,2,iccad2
NHSCAD25155.png,NHSCAD25155,NHS,1,iccad2
NHSCAD22269.png,NHSCAD22269,NHS,1,iccad2
NHSCAD21692.png,NHSCAD21692,NHS,0,iccad2
NHSCAD24045.png,NHSCAD24045,NHS,0,iccad2
NHSCAD25191.png,NHSCAD25191,NHS,0,iccad2
NHSCAD24737.png,NHSCAD24737,NHS,4,iccad2
NHSCAD24945.png,NHSCAD24945,NHS,3,iccad2
NHSCAD24158.png,NHSCAD24158,NHS,2,iccad2
NHSCAD22217.png,NHSCAD22217,NHS,2,iccad2
NHSCAD24808.png,NHSCAD24808,NHS,3,iccad2
NHSCAD24155.png,NHSCAD24155,NHS,1,iccad2
NHSCAD21058.png,NHSCAD21058,NHS,2,iccad2
NHSCAD22328.png,NHSCAD22328,NHS,0,iccad2
NHSCAD24138.png,NHSCAD24138,NHS,3,iccad2
HSCAD265.png,HSCAD265,HS,1,iccad2
NHSCAD2217.png,NHSCAD2217,NHS,1,iccad2
NHSCAD23884.png,NHSCAD23884,NHS,1,iccad2
NHSCAD24513.png,NHSCAD24513,NHS,0,iccad2
HSCAD271.png,HSCAD271,HS,3,iccad2
NHSCAD2537.png,NHSCAD2537,NHS,3,iccad2
NHSCAD2920.png,NHSCAD2920,NHS,3,iccad2
NHSCAD2177.png,NHSCAD2177,NHS,0,iccad2
NHSCAD25272.png,NHSCAD25272,NHS,2,iccad2
NHSCAD24610.png,NHSCAD24610,NHS,0,iccad2
NHSCAD23655.png,NHSCAD23655,NHS,0,iccad2
NHSCAD24857.png,NHSCAD24857,NHS,3,iccad2
NHSCAD21774.png,NHSCAD21774,NHS,0,iccad2
NHSCAD2967.png,NHSCAD2967,NHS,1,iccad2
NHSCAD23108.png,NHSCAD23108,NHS,2,iccad2
NHSCAD24787.png,NHSCAD24787,NHS,0,iccad2
NHSCAD24870.png,NHSCAD24870,NHS,3,iccad2
NHSCAD24656.png,NHSCAD24656,NHS,0,iccad2
NHSCAD22675.png,NHSCAD22675,NHS,0,iccad2
NHSCAD24160.png,NHSCAD24160,NHS,3,iccad2
NHSCAD21869.png,NHSCAD21869,NHS,3,iccad2
NHSCAD25373.png,NHSCAD25373,NHS,2,iccad2
NHSCAD2892.png,NHSCAD2892,NHS,1,iccad2
NHSCAD22104.png,NHSCAD22104,NHS,0,iccad2
NHSCAD22966.png,NHSCAD22966,NHS,0,iccad2
NHSCAD22916.png,NHSCAD22916,NHS,1,iccad2
NHSCAD24823.png,NHSCAD24823,NHS,0,iccad2
NHSCAD23800.png,NHSCAD23800,NHS,0,iccad2
NHSCAD25181.png,NHSCAD25181,NHS,0,iccad2
NHSCAD22063.png,NHSCAD22063,NHS,2,iccad2
NHSCAD22681.png,NHSCAD22681,NHS,1,iccad2
NHSCAD24218.png,NHSCAD24218,NHS,2,iccad2
NHSCAD23879.png,NHSCAD23879,NHS,4,iccad2
NHSCAD23656.png,NHSCAD23656,NHS,1,iccad2
NHSCAD21618.png,NHSCAD21618,NHS,4,iccad2
NHSCAD24103.png,NHSCAD24103,NHS,2,iccad2
NHSCAD2572.png,NHSCAD2572,NHS,0,iccad2
NHSCAD22708.png,NHSCAD22708,NHS,2,iccad2
NHSCAD24084.png,NHSCAD24084,NHS,2,iccad2
NHSCAD23002.png,NHSCAD23002,NHS,4,iccad2
NHSCAD21964.png,NHSCAD21964,NHS,1,iccad2
NHSCAD24778.png,NHSCAD24778,NHS,1,iccad2
NHSCAD24110.png,NHSCAD24110,NHS,4,iccad2
NHSCAD23848.png,NHSCAD23848,NHS,1,iccad2
NHSCAD2525.png,NHSCAD2525,NHS,2,iccad2
NHSCAD24387.png,NHSCAD24387,NHS,1,iccad2
NHSCAD25407.png,NHSCAD25407,NHS,3,iccad2
NHSCAD24020.png,NHSCAD24020,NHS,2,iccad2
NHSCAD22680.png,NHSCAD22680,NHS,2,iccad2
NHSCAD24030.png,NHSCAD24030,NHS,2,iccad2
NHSCAD25329.png,NHSCAD25329,NHS,4,iccad2
NHSCAD23916.png,NHSCAD23916,NHS,3,iccad2
NHSCAD22706.png,NHSCAD22706,NHS,4,iccad2
NHSCAD22926.png,NHSCAD22926,NHS,2,iccad2
NHSCAD23473.png,NHSCAD23473,NHS,1,iccad2
NHSCAD2732.png,NHSCAD2732,NHS,2,iccad2
NHSCAD24949.png,NHSCAD24949,NHS,2,iccad2
NHSCAD2854.png,NHSCAD2854,NHS,3,iccad2
NHSCAD22523.png,NHSCAD22523,NHS,2,iccad2
NHSCAD23198.png,NHSCAD23198,NHS,2,iccad2
NHSCAD22514.png,NHSCAD22514,NHS,2,iccad2
NHSCAD23953.png,NHSCAD23953,NHS,4,iccad2
NHSCAD21901.png,NHSCAD21901,NHS,4,iccad2
NHSCAD21917.png,NHSCAD21917,NHS,2,iccad2
NHSCAD22319.png,NHSCAD22319,NHS,0,iccad2
NHSCAD25423.png,NHSCAD25423,NHS,1,iccad2
NHSCAD23871.png,NHSCAD23871,NHS,2,iccad2
NHSCAD2313.png,NHSCAD2313,NHS,0,iccad2
NHSCAD22421.png,NHSCAD22421,NHS,4,iccad2
NHSCAD23929.png,NHSCAD23929,NHS,2,iccad2
HSCAD291.png,HSCAD291,HS,0,iccad2
HSCAD2134.png,HSCAD2134,HS,0,iccad2
NHSCAD21853.png,NHSCAD21853,NHS,4,iccad2
NHSCAD24362.png,NHSCAD24362,NHS,4,iccad2
NHSCAD24520.png,NHSCAD24520,NHS,3,iccad2
NHSCAD21061.png,NHSCAD21061,NHS,0,iccad2
NHSCAD21591.png,NHSCAD21591,NHS,1,iccad2
NHSCAD24210.png,NHSCAD24210,NHS,1,iccad2
NHSCAD21813.png,NHSCAD21813,NHS,0,iccad2
NHSCAD22376.png,NHSCAD22376,NHS,2,iccad2
NHSCAD23459.png,NHSCAD23459,NHS,0,iccad2
NHSCAD21972.png,NHSCAD21972,NHS,0,iccad2
NHSCAD23053.png,NHSCAD23053,NHS,3,iccad2
NHSCAD23843.png,NHSCAD23843,NHS,1,iccad2
NHSCAD21890.png,NHSCAD21890,NHS,0,iccad2
NHSCAD24817.png,NHSCAD24817,NHS,4,iccad2
NHSCAD23205.png,NHSCAD23205,NHS,0,iccad2
NHSCAD2985.png,NHSCAD2985,NHS,3,iccad2
NHSCAD2618.png,NHSCAD2618,NHS,4,iccad2
NHSCAD22624.png,NHSCAD22624,NHS,0,iccad2
NHSCAD23661.png,NHSCAD23661,NHS,3,iccad2
NHSCAD24880.png,NHSCAD24880,NHS,4,iccad2
NHSCAD21594.png,NHSCAD21594,NHS,0,iccad2
NHSCAD24293.png,NHSCAD24293,NHS,0,iccad2
NHSCAD2612.png,NHSCAD2612,NHS,0,iccad2
NHSCAD22822.png,NHSCAD22822,NHS,1,iccad2
NHSCAD24064.png,NHSCAD24064,NHS,0,iccad2
NHSCAD25161.png,NHSCAD25161,NHS,3,iccad2
NHSCAD22668.png,NHSCAD22668,NHS,1,iccad2
NHSCAD21900.png,NHSCAD21900,NHS,3,iccad2
NHSCAD22006.png,NHSCAD22006,NHS,2,iccad2
NHSCAD23442.png,NHSCAD23442,NHS,4,iccad2
NHSCAD24613.png,NHSCAD24613,NHS,2,iccad2
NHSCAD21214.png,NHSCAD21214,NHS,2,iccad2
NHSCAD25083.png,NHSCAD25083,NHS,2,iccad2
NHSCAD25352.png,NHSCAD25352,NHS,4,iccad2
NHSCAD2666.png,NHSCAD2666,NHS,0,iccad2
NHSCAD24590.png,NHSCAD24590,NHS,2,iccad2
NHSCAD24323.png,NHSCAD24323,NHS,2,iccad2
NHSCAD22307.png,NHSCAD22307,NHS,2,iccad2
NHSCAD25020.png,NHSCAD25020,NHS,1,iccad2
NHSCAD24620.png,NHSCAD24620,NHS,1,iccad2
NHSCAD22601.png,NHSCAD22601,NHS,0,iccad2
NHSCAD21021.png,NHSCAD21021,NHS,0,iccad2
NHSCAD24169.png,NHSCAD24169,NHS,1,iccad2
NHSCAD21039.png,NHSCAD21039,NHS,3,iccad2
NHSCAD22287.png,NHSCAD22287,NHS,1,iccad2
NHSCAD22655.png,NHSCAD22655,NHS,3,iccad2
NHSCAD24516.png,NHSCAD24516,NHS,3,iccad2
NHSCAD24480.png,NHSCAD24480,NHS,4,iccad2
NHSCAD24504.png,NHSCAD24504,NHS,0,iccad2
NHSCAD2246.png,NHSCAD2246,NHS,0,iccad2
NHSCAD21142.png,NHSCAD21142,NHS,3,iccad2
NHSCAD22083.png,NHSCAD22083,NHS,3,iccad2
NHSCAD22638.png,NHSCAD22638,NHS,0,iccad2
NHSCAD23066.png,NHSCAD23066,NHS,2,iccad2
NHSCAD2464.png,NHSCAD2464,NHS,3,iccad2
NHSCAD2453.png,NHSCAD2453,NHS,3,iccad2
NHSCAD22487.png,NHSCAD22487,NHS,3,iccad2
NHSCAD23036.png,NHSCAD23036,NHS,4,iccad2
NHSCAD24203.png,NHSCAD24203,NHS,4,iccad2
NHSCAD21327.png,NHSCAD21327,NHS,4,iccad2
NHSCAD25023.png,NHSCAD25023,NHS,0,iccad2
NHSCAD24966.png,NHSCAD24966,NHS,1,iccad2
NHSCAD21288.png,NHSCAD21288,NHS,0,iccad2
NHSCAD22767.png,NHSCAD22767,NHS,4,iccad2
NHSCAD23144.png,NHSCAD23144,NHS,2,iccad2
NHSCAD23957.png,NHSCAD23957,NHS,3,iccad2
NHSCAD23610.png,NHSCAD23610,NHS,4,iccad2
NHSCAD22528.png,NHSCAD22528,NHS,2,iccad2
NHSCAD24422.png,NHSCAD24422,NHS,2,iccad2
NHSCAD24682.png,NHSCAD24682,NHS,2,iccad2
NHSCAD22671.png,NHSCAD22671,NHS,2,iccad2
NHSCAD23568.png,NHSCAD23568,NHS,0,iccad2
NHSCAD24193.png,NHSCAD24193,NHS,3,iccad2
NHSCAD24745.png,NHSCAD24745,NHS,0,iccad2
NHSCAD21138.png,NHSCAD21138,NHS,1,iccad2
NHSCAD24534.png,NHSCAD24534,NHS,3,iccad2
NHSCAD24299.png,NHSCAD24299,NHS,4,iccad2
NHSCAD23606.png,NHSCAD23606,NHS,4,iccad2
NHSCAD2982.png,NHSCAD2982,NHS,1,iccad2
NHSCAD23604.png,NHSCAD23604,NHS,0,iccad2
NHSCAD24702.png,NHSCAD24702,NHS,4,iccad2
NHSCAD24841.png,NHSCAD24841,NHS,1,iccad2
NHSCAD21441.png,NHSCAD21441,NHS,0,iccad2
NHSCAD22455.png,NHSCAD22455,NHS,0,iccad2
NHSCAD22507.png,NHSCAD22507,NHS,1,iccad2
NHSCAD21825.png,NHSCAD21825,NHS,2,iccad2
NHSCAD24185.png,NHSCAD24185,NHS,4,iccad2
NHSCAD21248.png,NHSCAD21248,NHS,2,iccad2
NHSCAD25036.png,NHSCAD25036,NHS,0,iccad2
NHSCAD24578.png,NHSCAD24578,NHS,1,iccad2
NHSCAD24826.png,NHSCAD24826,NHS,4,iccad2
NHSCAD21332.png,NHSCAD21332,NHS,4,iccad2
NHSCAD22634.png,NHSCAD22634,NHS,2,iccad2
NHSCAD22717.png,NHSCAD22717,NHS,0,iccad2
NHSCAD25251.png,NHSCAD25251,NHS,0,iccad2
NHSCAD22866.png,NHSCAD22866,NHS,4,iccad2
NHSCAD22685.png,NHSCAD22685,NHS,2,iccad2
NHSCAD22627.png,NHSCAD22627,NHS,1,iccad2
NHSCAD22665.png,NHSCAD22665,NHS,4,iccad2
NHSCAD2602.png,NHSCAD2602,NHS,0,iccad2
NHSCAD24083.png,NHSCAD24083,NHS,1,iccad2
NHSCAD24361.png,NHSCAD24361,NHS,3,iccad2
NHSCAD21595.png,NHSCAD21595,NHS,3,iccad2
NHSCAD21359.png,NHSCAD21359,NHS,1,iccad2
NHSCAD22155.png,NHSCAD22155,NHS,0,iccad2
NHSCAD24533.png,NHSCAD24533,NHS,2,iccad2
NHSCAD24357.png,NHSCAD24357,NHS,3,iccad2
NHSCAD22050.png,NHSCAD22050,NHS,3,iccad2
NHSCAD23917.png,NHSCAD23917,NHS,4,iccad2
NHSCAD24744.png,NHSCAD24744,NHS,3,iccad2
NHSCAD24181.png,NHSCAD24181,NHS,2,iccad2
NHSCAD23807.png,NHSCAD23807,NHS,2,iccad2
NHSCAD2383.png,NHSCAD2383,NHS,1,iccad2
NHSCAD22622.png,NHSCAD22622,NHS,1,iccad2
NHSCAD25267.png,NHSCAD25267,NHS,3,iccad2
NHSCAD23362.png,NHSCAD23362,NHS,1,iccad2
NHSCAD22252.png,NHSCAD22252,NHS,3,iccad2
NHSCAD2894.png,NHSCAD2894,NHS,3,iccad2
NHSCAD25176.png,NHSCAD25176,NHS,4,iccad2
NHSCAD21674.png,NHSCAD21674,NHS,3,iccad2
NHSCAD25196.png,NHSCAD25196,NHS,0,iccad2
HSCAD213.png,HSCAD213,HS,0,iccad2
NHSCAD21477.png,NHSCAD21477,NHS,1,iccad2
NHSCAD21839.png,NHSCAD21839,NHS,2,iccad2
NHSCAD23191.png,NHSCAD23191,NHS,0,iccad2
NHSCAD24502.png,NHSCAD24502,NHS,3,iccad2
NHSCAD2816.png,NHSCAD2816,NHS,0,iccad2
NHSCAD21170.png,NHSCAD21170,NHS,4,iccad2
NHSCAD23330.png,NHSCAD23330,NHS,1,iccad2
NHSCAD23389.png,NHSCAD23389,NHS,4,iccad2
HSCAD2157.png,HSCAD2157,HS,0,iccad2
NHSCAD2634.png,NHSCAD2634,NHS,4,iccad2
NHSCAD25143.png,NHSCAD25143,NHS,2,iccad2
NHSCAD23462.png,NHSCAD23462,NHS,4,iccad2
NHSCAD23081.png,NHSCAD23081,NHS,3,iccad2
NHSCAD24371.png,NHSCAD24371,NHS,4,iccad2
NHSCAD23512.png,NHSCAD23512,NHS,3,iccad2
NHSCAD23014.png,NHSCAD23014,NHS,0,iccad2
NHSCAD21866.png,NHSCAD21866,NHS,2,iccad2
NHSCAD23375.png,NHSCAD23375,NHS,4,iccad2
NHSCAD24811.png,NHSCAD24811,NHS,2,iccad2
NHSCAD21586.png,NHSCAD21586,NHS,1,iccad2
NHSCAD22542.png,NHSCAD22542,NHS,2,iccad2
NHSCAD21003.png,NHSCAD21003,NHS,2,iccad2
NHSCAD24493.png,NHSCAD24493,NHS,3,iccad2
NHSCAD23026.png,NHSCAD23026,NHS,3,iccad2
NHSCAD21179.png,NHSCAD21179,NHS,3,iccad2
NHSCAD24021.png,NHSCAD24021,NHS,3,iccad2
NHSCAD25157.png,NHSCAD25157,NHS,2,iccad2
HSCAD2170.png,HSCAD2170,HS,0,iccad2
NHSCAD2847.png,NHSCAD2847,NHS,1,iccad2
NHSCAD25319.png,NHSCAD25319,NHS,2,iccad2
NHSCAD2368.png,NHSCAD2368,NHS,2,iccad2
NHSCAD21512.png,NHSCAD21512,NHS,3,iccad2
NHSCAD2347.png,NHSCAD2347,NHS,3,iccad2
NHSCAD22695.png,NHSCAD22695,NHS,1,iccad2
NHSCAD25175.png,NHSCAD25175,NHS,2,iccad2
NHSCAD2380.png,NHSCAD2380,NHS,3,iccad2
NHSCAD24864.png,NHSCAD24864,NHS,1,iccad2
NHSCAD24591.png,NHSCAD24591,NHS,0,iccad2
NHSCAD21404.png,NHSCAD21404,NHS,0,iccad2
NHSCAD21122.png,NHSCAD21122,NHS,3,iccad2
NHSCAD25194.png,NHSCAD25194,NHS,3,iccad2
NHSCAD24838.png,NHSCAD24838,NHS,1,iccad2
NHSCAD21906.png,NHSCAD21906,NHS,4,iccad2
NHSCAD24699.png,NHSCAD24699,NHS,0,iccad2
NHSCAD24771.png,NHSCAD24771,NHS,3,iccad2
NHSCAD23819.png,NHSCAD23819,NHS,4,iccad2
NHSCAD24450.png,NHSCAD24450,NHS,1,iccad2
NHSCAD23132.png,NHSCAD23132,NHS,3,iccad2
NHSCAD23937.png,NHSCAD23937,NHS,1,iccad2
NHSCAD22324.png,NHSCAD22324,NHS,1,iccad2
NHSCAD2745.png,NHSCAD2745,NHS,0,iccad2
NHSCAD21167.png,NHSCAD21167,NHS,1,iccad2
NHSCAD24896.png,NHSCAD24896,NHS,1,iccad2
NHSCAD24708.png,NHSCAD24708,NHS,4,iccad2
NHSCAD21392.png,NHSCAD21392,NHS,4,iccad2
NHSCAD24405.png,NHSCAD24405,NHS,0,iccad2
NHSCAD25383.png,NHSCAD25383,NHS,3,iccad2
NHSCAD2959.png,NHSCAD2959,NHS,2,iccad2
NHSCAD22451.png,NHSCAD22451,NHS,1,iccad2
NHSCAD21613.png,NHSCAD21613,NHS,4,iccad2
NHSCAD21168.png,NHSCAD21168,NHS,2,iccad2
NHSCAD24899.png,NHSCAD24899,NHS,4,iccad2
NHSCAD25298.png,NHSCAD25298,NHS,1,iccad2
NHSCAD24755.png,NHSCAD24755,NHS,4,iccad2
NHSCAD23182.png,NHSCAD23182,NHS,0,iccad2
NHSCAD2705.png,NHSCAD2705,NHS,3,iccad2
NHSCAD21661.png,NHSCAD21661,NHS,0,iccad2
NHSCAD22156.png,NHSCAD22156,NHS,1,iccad2
NHSCAD22628.png,NHSCAD22628,NHS,4,iccad2
NHSCAD22716.png,NHSCAD22716,NHS,4,iccad2
NHSCAD24641.png,NHSCAD24641,NHS,4,iccad2
NHSCAD25037.png,NHSCAD25037,NHS,1,iccad2
NHSCAD2299.png,NHSCAD2299,NHS,1,iccad2
NHSCAD23684.png,NHSCAD23684,NHS,2,iccad2
NHSCAD24963.png,NHSCAD24963,NHS,3,iccad2
NHSCAD24308.png,NHSCAD24308,NHS,4,iccad2
NHSCAD22713.png,NHSCAD22713,NHS,1,iccad2
NHSCAD24555.png,NHSCAD24555,NHS,1,iccad2
NHSCAD22461.png,NHSCAD22461,NHS,3,iccad2
NHSCAD25207.png,NHSCAD25207,NHS,2,iccad2
NHSCAD22940.png,NHSCAD22940,NHS,3,iccad2
NHSCAD24612.png,NHSCAD24612,NHS,3,iccad2
NHSCAD21764.png,NHSCAD21764,NHS,2,iccad2
NHSCAD24443.png,NHSCAD24443,NHS,2,iccad2
NHSCAD24527.png,NHSCAD24527,NHS,0,iccad2
NHSCAD21993.png,NHSCAD21993,NHS,3,iccad2
NHSCAD21940.png,NHSCAD21940,NHS,0,iccad2
NHSCAD24062.png,NHSCAD24062,NHS,3,iccad2
NHSCAD24014.png,NHSCAD24014,NHS,1,iccad2
NHSCAD2487.png,NHSCAD2487,NHS,2,iccad2
NHSCAD24604.png,NHSCAD24604,NHS,2,iccad2
NHSCAD21254.png,NHSCAD21254,NHS,3,iccad2
NHSCAD23939.png,NHSCAD23939,NHS,3,iccad2
NHSCAD24876.png,NHSCAD24876,NHS,4,iccad2
NHSCAD21497.png,NHSCAD21497,NHS,1,iccad2
NHSCAD22488.png,NHSCAD22488,NHS,0,iccad2
NHSCAD23729.png,NHSCAD23729,NHS,3,iccad2
NHSCAD24812.png,NHSCAD24812,NHS,4,iccad2
NHSCAD21779.png,NHSCAD21779,NHS,3,iccad2
NHSCAD25442.png,NHSCAD25442,NHS,1,iccad2
NHSCAD21981.png,NHSCAD21981,NHS,0,iccad2
NHSCAD23718.png,NHSCAD23718,NHS,1,iccad2
NHSCAD2619.png,NHSCAD2619,NHS,2,iccad2
NHSCAD21409.png,NHSCAD21409,NHS,4,iccad2
NHSCAD24360.png,NHSCAD24360,NHS,2,iccad2
NHSCAD25127.png,NHSCAD25127,NHS,0,iccad2
NHSCAD25370.png,NHSCAD25370,NHS,4,iccad2
NHSCAD23417.png,NHSCAD23417,NHS,4,iccad2
NHSCAD21778.png,NHSCAD21778,NHS,2,iccad2
NHSCAD23928.png,NHSCAD23928,NHS,0,iccad2
NHSCAD25282.png,NHSCAD25282,NHS,4,iccad2
NHSCAD24548.png,NHSCAD24548,NHS,2,iccad2
NHSCAD22845.png,NHSCAD22845,NHS,0,iccad2
HSCAD27.png,HSCAD27,HS,1,iccad2
NHSCAD22178.png,NHSCAD22178,NHS,0,iccad2
NHSCAD2936.png,NHSCAD2936,NHS,1,iccad2
NHSCAD2679.png,NHSCAD2679,NHS,2,iccad2
HSCAD2137.png,HSCAD2137,HS,2,iccad2
NHSCAD22359.png,NHSCAD22359,NHS,3,iccad2
NHSCAD2591.png,NHSCAD2591,NHS,4,iccad2
NHSCAD22297.png,NHSCAD22297,NHS,2,iccad2
NHSCAD25145.png,NHSCAD25145,NHS,0,iccad2
NHSCAD22476.png,NHSCAD22476,NHS,4,iccad2
NHSCAD21350.png,NHSCAD21350,NHS,2,iccad2
NHSCAD24051.png,NHSCAD24051,NHS,3,iccad2
NHSCAD21878.png,NHSCAD21878,NHS,3,iccad2
NHSCAD24386.png,NHSCAD24386,NHS,0,iccad2
NHSCAD23112.png,NHSCAD23112,NHS,2,iccad2
NHSCAD23152.png,NHSCAD23152,NHS,4,iccad2
NHSCAD24687.png,NHSCAD24687,NHS,2,iccad2
NHSCAD2957.png,NHSCAD2957,NHS,1,iccad2
NHSCAD2201.png,NHSCAD2201,NHS,1,iccad2
NHSCAD22230.png,NHSCAD22230,NHS,2,iccad2
NHSCAD24878.png,NHSCAD24878,NHS,1,iccad2
NHSCAD23438.png,NHSCAD23438,NHS,4,iccad2
NHSCAD2740.png,NHSCAD2740,NHS,3,iccad2
NHSCAD21581.png,NHSCAD21581,NHS,1,iccad2
NHSCAD21735.png,NHSCAD21735,NHS,4,iccad2
NHSCAD25131.png,NHSCAD25131,NHS,0,iccad2
NHSCAD2637.png,NHSCAD2637,NHS,1,iccad2
NHSCAD2841.png,NHSCAD2841,NHS,0,iccad2
NHSCAD22516.png,NHSCAD22516,NHS,1,iccad2
NHSCAD21785.png,NHSCAD21785,NHS,0,iccad2
NHSCAD22650.png,NHSCAD22650,NHS,3,iccad2
NHSCAD2360.png,NHSCAD2360,NHS,0,iccad2
NHSCAD25103.png,NHSCAD25103,NHS,4,iccad2
NHSCAD23055.png,NHSCAD23055,NHS,0,iccad2
NHSCAD24457.png,NHSCAD24457,NHS,3,iccad2
NHSCAD25199.png,NHSCAD25199,NHS,3,iccad2
NHSCAD23349.png,NHSCAD23349,NHS,1,iccad2
NHSCAD25297.png,NHSCAD25297,NHS,4,iccad2
NHSCAD21530.png,NHSCAD21530,NHS,4,iccad2
NHSCAD2410.png,NHSCAD2410,NHS,0,iccad2
NHSCAD23052.png,NHSCAD23052,NHS,2,iccad2
NHSCAD23156.png,NHSCAD23156,NHS,2,iccad2
NHSCAD24482.png,NHSCAD24482,NHS,1,iccad2
NHSCAD23672.png,NHSCAD23672,NHS,1,iccad2
NHSCAD24340.png,NHSCAD24340,NHS,1,iccad2
NHSCAD21399.png,NHSCAD21399,NHS,1,iccad2
NHSCAD2340.png,NHSCAD2340,NHS,0,iccad2
NHSCAD21930.png,NHSCAD21930,NHS,2,iccad2
NHSCAD23403.png,NHSCAD23403,NHS,4,iccad2
NHSCAD22782.png,NHSCAD22782,NHS,1,iccad2
NHSCAD22296.png,NHSCAD22296,NHS,1,iccad2
NHSCAD23713.png,NHSCAD23713,NHS,1,iccad2
NHSCAD2880.png,NHSCAD2880,NHS,4,iccad2
NHSCAD23062.png,NHSCAD23062,NHS,3,iccad2
NHSCAD23743.png,NHSCAD23743,NHS,0,iccad2
HSCAD272.png,HSCAD272,HS,4,iccad2
NHSCAD24839.png,NHSCAD24839,NHS,3,iccad2
NHSCAD23282.png,NHSCAD23282,NHS,3,iccad2
NHSCAD22765.png,NHSCAD22765,NHS,2,iccad2
NHSCAD25432.png,NHSCAD25432,NHS,1,iccad2
NHSCAD24033.png,NHSCAD24033,NHS,3,iccad2
NHSCAD23683.png,NHSCAD23683,NHS,0,iccad2
NHSCAD2935.png,NHSCAD2935,NHS,3,iccad2
NHSCAD23437.png,NHSCAD23437,NHS,1,iccad2
NHSCAD25330.png,NHSCAD25330,NHS,3,iccad2
NHSCAD23422.png,NHSCAD23422,NHS,0,iccad2
HSCAD2150.png,HSCAD2150,HS,4,iccad2
NHSCAD24574.png,NHSCAD24574,NHS,2,iccad2
NHSCAD22087.png,NHSCAD22087,NHS,2,iccad2
NHSCAD2200.png,NHSCAD2200,NHS,0,iccad2
NHSCAD25430.png,NHSCAD25430,NHS,4,iccad2
NHSCAD23692.png,NHSCAD23692,NHS,4,iccad2
NHSCAD24654.png,NHSCAD24654,NHS,2,iccad2
NHSCAD24995.png,NHSCAD24995,NHS,3,iccad2
NHSCAD23989.png,NHSCAD23989,NHS,3,iccad2
NHSCAD21737.png,NHSCAD21737,NHS,0,iccad2
NHSCAD23766.png,NHSCAD23766,NHS,3,iccad2
NHSCAD24170.png,NHSCAD24170,NHS,4,iccad2
NHSCAD2495.png,NHSCAD2495,NHS,3,iccad2
NHSCAD23412.png,NHSCAD23412,NHS,4,iccad2
HSCAD283.png,HSCAD283,HS,1,iccad2
NHSCAD22151.png,NHSCAD22151,NHS,1,iccad2
NHSCAD22431.png,NHSCAD22431,NHS,2,iccad2
NHSCAD23039.png,NHSCAD23039,NHS,2,iccad2
NHSCAD24858.png,NHSCAD24858,NHS,4,iccad2
NHSCAD22091.png,NHSCAD22091,NHS,1,iccad2
NHSCAD24509.png,NHSCAD24509,NHS,0,iccad2
NHSCAD22182.png,NHSCAD22182,NHS,0,iccad2
HSCAD248.png,HSCAD248,HS,1,iccad2
NHSCAD22500.png,NHSCAD22500,NHS,3,iccad2
NHSCAD25022.png,NHSCAD25022,NHS,1,iccad2
NHSCAD2404.png,NHSCAD2404,NHS,2,iccad2
NHSCAD25002.png,NHSCAD25002,NHS,1,iccad2
NHSCAD2824.png,NHSCAD2824,NHS,2,iccad2
NHSCAD24881.png,NHSCAD24881,NHS,0,iccad2
NHSCAD23427.png,NHSCAD23427,NHS,2,iccad2
NHSCAD23161.png,NHSCAD23161,NHS,3,iccad2
NHSCAD23123.png,NHSCAD23123,NHS,3,iccad2
NHSCAD25156.png,NHSCAD25156,NHS,3,iccad2
NHSCAD22426.png,NHSCAD22426,NHS,4,iccad2
HSCAD252.png,HSCAD252,HS,2,iccad2
NHSCAD2546.png,NHSCAD2546,NHS,4,iccad2
NHSCAD2559.png,NHSCAD2559,NHS,2,iccad2
NHSCAD23930.png,NHSCAD23930,NHS,4,iccad2
NHSCAD23357.png,NHSCAD23357,NHS,4,iccad2
NHSCAD23004.png,NHSCAD23004,NHS,0,iccad2
NHSCAD22410.png,NHSCAD22410,NHS,2,iccad2
HSCAD2158.png,HSCAD2158,HS,1,iccad2
NHSCAD21099.png,NHSCAD21099,NHS,4,iccad2
NHSCAD22925.png,NHSCAD22925,NHS,1,iccad2
NHSCAD23969.png,NHSCAD23969,NHS,1,iccad2
NHSCAD2384.png,NHSCAD2384,NHS,2,iccad2
NHSCAD25008.png,NHSCAD25008,NHS,2,iccad2
NHSCAD22764.png,NHSCAD22764,NHS,1,iccad2
NHSCAD22636.png,NHSCAD22636,NHS,1,iccad2
NHSCAD21643.png,NHSCAD21643,NHS,3,iccad2
NHSCAD2437.png,NHSCAD2437,NHS,2,iccad2
NHSCAD24408.png,NHSCAD24408,NHS,4,iccad2
NHSCAD21636.png,NHSCAD21636,NHS,1,iccad2
NHSCAD24820.png,NHSCAD24820,NHS,3,iccad2
NHSCAD21588.png,NHSCAD21588,NHS,4,iccad2
NHSCAD21150.png,NHSCAD21150,NHS,4,iccad2
NHSCAD21777.png,NHSCAD21777,NHS,1,iccad2
NHSCAD22351.png,NHSCAD22351,NHS,0,iccad2
NHSCAD24061.png,NHSCAD24061,NHS,2,iccad2
NHSCAD21617.png,NHSCAD21617,NHS,2,iccad2
NHSCAD2819.png,NHSCAD2819,NHS,3,iccad2
NHSCAD22098.png,NHSCAD22098,NHS,3,iccad2
NHSCAD21388.png,NHSCAD21388,NHS,0,iccad2
NHSCAD24343.png,NHSCAD24343,NHS,3,iccad2
NHSCAD23638.png,NHSCAD23638,NHS,2,iccad2
NHSCAD24246.png,NHSCAD24246,NHS,0,iccad2
NHSCAD23664.png,NHSCAD23664,NHS,0,iccad2
NHSCAD24390.png,NHSCAD24390,NHS,0,iccad2
NHSCAD21741.png,NHSCAD21741,NHS,0,iccad2
NHSCAD2621.png,NHSCAD2621,NHS,0,iccad2
NHSCAD23499.png,NHSCAD23499,NHS,3,iccad2
NHSCAD22720.png,NHSCAD22720,NHS,4,iccad2
NHSCAD24472.png,NHSCAD24472,NHS,0,iccad2
NHSCAD22198.png,NHSCAD22198,NHS,1,iccad2
NHSCAD22657.png,NHSCAD22657,NHS,0,iccad2
NHSCAD22778.png,NHSCAD22778,NHS,1,iccad2
NHSCAD22186.png,NHSCAD22186,NHS,3,iccad2
NHSCAD24770.png,NHSCAD24770,NHS,2,iccad2
NHSCAD23269.png,NHSCAD23269,NHS,4,iccad2
NHSCAD22204.png,NHSCAD22204,NHS,3,iccad2
NHSCAD23003.png,NHSCAD23003,NHS,1,iccad2
NHSCAD23201.png,NHSCAD23201,NHS,1,iccad2
NHSCAD22649.png,NHSCAD22649,NHS,2,iccad2
NHSCAD2762.png,NHSCAD2762,NHS,2,iccad2
NHSCAD25183.png,NHSCAD25183,NHS,3,iccad2
NHSCAD22493.png,NHSCAD22493,NHS,1,iccad2
NHSCAD2238.png,NHSCAD2238,NHS,1,iccad2
NHSCAD24670.png,NHSCAD24670,NHS,1,iccad2
NHSCAD24077.png,NHSCAD24077,NHS,4,iccad2
NHSCAD2719.png,NHSCAD2719,NHS,1,iccad2
NHSCAD2863.png,NHSCAD2863,NHS,3,iccad2
NHSCAD2667.png,NHSCAD2667,NHS,1,iccad2
NHSCAD21575.png,NHSCAD21575,NHS,3,iccad2
NHSCAD22702.png,NHSCAD22702,NHS,0,iccad2
NHSCAD22419.png,NHSCAD22419,NHS,0,iccad2
NHSCAD2477.png,NHSCAD2477,NHS,4,iccad2
NHSCAD23145.png,NHSCAD23145,NHS,0,iccad2
HSCAD281.png,HSCAD281,HS,4,iccad2
NHSCAD24523.png,NHSCAD24523,NHS,1,iccad2
NHSCAD24671.png,NHSCAD24671,NHS,3,iccad2
NHSCAD25013.png,NHSCAD25013,NHS,0,iccad2
NHSCAD2429.png,NHSCAD2429,NHS,4,iccad2
NHSCAD21928.png,NHSCAD21928,NHS,1,iccad2
NHSCAD21852.png,NHSCAD21852,NHS,2,iccad2
NHSCAD2533.png,NHSCAD2533,NHS,1,iccad2
NHSCAD22437.png,NHSCAD22437,NHS,0,iccad2
NHSCAD23809.png,NHSCAD23809,NHS,3,iccad2
NHSCAD22506.png,NHSCAD22506,NHS,3,iccad2
NHSCAD22458.png,NHSCAD22458,NHS,4,iccad2
NHSCAD23247.png,NHSCAD23247,NHS,1,iccad2
NHSCAD24731.png,NHSCAD24731,NHS,0,iccad2
NHSCAD25380.png,NHSCAD25380,NHS,1,iccad2
NHSCAD24105.png,NHSCAD24105,NHS,3,iccad2
HSCAD2162.png,HSCAD2162,HS,1,iccad2
NHSCAD21493.png,NHSCAD21493,NHS,2,iccad2
NHSCAD2326.png,NHSCAD2326,NHS,4,iccad2
NHSCAD25141.png,NHSCAD25141,NHS,1,iccad2
NHSCAD2676.png,NHSCAD2676,NHS,4,iccad2
NHSCAD2530.png,NHSCAD2530,NHS,0,iccad2
NHSCAD24802.png,NHSCAD24802,NHS,4,iccad2
NHSCAD23520.png,NHSCAD23520,NHS,2,iccad2
NHSCAD22049.png,NHSCAD22049,NHS,4,iccad2
HSCAD2101.png,HSCAD2101,HS,4,iccad2
NHSCAD24889.png,NHSCAD24889,NHS,3,iccad2
NHSCAD23535.png,NHSCAD23535,NHS,3,iccad2
NHSCAD23051.png,NHSCAD23051,NHS,1,iccad2
NHSCAD23445.png,NHSCAD23445,NHS,0,iccad2
NHSCAD23248.png,NHSCAD23248,NHS,2,iccad2
NHSCAD21461.png,NHSCAD21461,NHS,0,iccad2
NHSCAD2720.png,NHSCAD2720,NHS,3,iccad2
NHSCAD25358.png,NHSCAD25358,NHS,1,iccad2
NHSCAD21317.png,NHSCAD21317,NHS,4,iccad2
NHSCAD22970.png,NHSCAD22970,NHS,4,iccad2
NHSCAD2243.png,NHSCAD2243,NHS,3,iccad2
NHSCAD24095.png,NHSCAD24095,NHS,0,iccad2
NHSCAD21540.png,NHSCAD21540,NHS,4,iccad2
NHSCAD23212.png,NHSCAD23212,NHS,3,iccad2
NHSCAD25264.png,NHSCAD25264,NHS,4,iccad2
NHSCAD24467.png,NHSCAD24467,NHS,4,iccad2
NHSCAD24265.png,NHSCAD24265,NHS,1,iccad2
NHSCAD21969.png,NHSCAD21969,NHS,3,iccad2
NHSCAD21574.png,NHSCAD21574,NHS,0,iccad2
NHSCAD22924.png,NHSCAD22924,NHS,0,iccad2
NHSCAD25066.png,NHSCAD25066,NHS,4,iccad2
NHSCAD22001.png,NHSCAD22001,NHS,2,iccad2
NHSCAD21197.png,NHSCAD21197,NHS,1,iccad2
NHSCAD22760.png,NHSCAD22760,NHS,3,iccad2
NHSCAD24959.png,NHSCAD24959,NHS,3,iccad2
NHSCAD2860.png,NHSCAD2860,NHS,4,iccad2
NHSCAD2350.png,NHSCAD2350,NHS,4,iccad2
NHSCAD23268.png,NHSCAD23268,NHS,3,iccad2
NHSCAD23615.png,NHSCAD23615,NHS,4,iccad2
NHSCAD25144.png,NHSCAD25144,NHS,4,iccad2
NHSCAD22757.png,NHSCAD22757,NHS,4,iccad2
NHSCAD24748.png,NHSCAD24748,NHS,2,iccad2
NHSCAD2256.png,NHSCAD2256,NHS,1,iccad2
NHSCAD2806.png,NHSCAD2806,NHS,0,iccad2
NHSCAD2389.png,NHSCAD2389,NHS,2,iccad2
NHSCAD24271.png,NHSCAD24271,NHS,4,iccad2
NHSCAD24478.png,NHSCAD24478,NHS,1,iccad2
NHSCAD2199.png,NHSCAD2199,NHS,4,iccad2
NHSCAD23328.png,NHSCAD23328,NHS,2,iccad2
NHSCAD2534.png,NHSCAD2534,NHS,3,iccad2
NHSCAD22157.png,NHSCAD22157,NHS,2,iccad2
NHSCAD24400.png,NHSCAD24400,NHS,1,iccad2
NHSCAD21092.png,NHSCAD21092,NHS,1,iccad2
NHSCAD21537.png,NHSCAD21537,NHS,2,iccad2
NHSCAD21355.png,NHSCAD21355,NHS,2,iccad2
NHSCAD25121.png,NHSCAD25121,NHS,4,iccad2
NHSCAD2178.png,NHSCAD2178,NHS,4,iccad2
NHSCAD24884.png,NHSCAD24884,NHS,2,iccad2
NHSCAD2826.png,NHSCAD2826,NHS,0,iccad2
NHSCAD22181.png,NHSCAD22181,NHS,3,iccad2
NHSCAD2504.png,NHSCAD2504,NHS,2,iccad2
NHSCAD22100.png,NHSCAD22100,NHS,1,iccad2
NHSCAD2556.png,NHSCAD2556,NHS,4,iccad2
NHSCAD22452.png,NHSCAD22452,NHS,3,iccad2
NHSCAD23786.png,NHSCAD23786,NHS,0,iccad2
NHSCAD2205.png,NHSCAD2205,NHS,2,iccad2
NHSCAD23805.png,NHSCAD23805,NHS,0,iccad2
NHSCAD21173.png,NHSCAD21173,NHS,2,iccad2
NHSCAD2395.png,NHSCAD2395,NHS,0,iccad2
NHSCAD24245.png,NHSCAD24245,NHS,2,iccad2
NHSCAD24212.png,NHSCAD24212,NHS,4,iccad2
NHSCAD23522.png,NHSCAD23522,NHS,4,iccad2
NHSCAD2574.png,NHSCAD2574,NHS,2,iccad2
NHSCAD22133.png,NHSCAD22133,NHS,2,iccad2
NHSCAD23180.png,NHSCAD23180,NHS,4,iccad2
NHSCAD21235.png,NHSCAD21235,NHS,4,iccad2
NHSCAD25072.png,NHSCAD25072,NHS,0,iccad2
NHSCAD22691.png,NHSCAD22691,NHS,3,iccad2
NHSCAD24124.png,NHSCAD24124,NHS,4,iccad2
NHSCAD24867.png,NHSCAD24867,NHS,4,iccad2
NHSCAD2306.png,NHSCAD2306,NHS,0,iccad2
NHSCAD24002.png,NHSCAD24002,NHS,2,iccad2
NHSCAD25278.png,NHSCAD25278,NHS,4,iccad2
NHSCAD22106.png,NHSCAD22106,NHS,2,iccad2
NHSCAD22176.png,NHSCAD22176,NHS,4,iccad2
NHSCAD22660.png,NHSCAD22660,NHS,4,iccad2
NHSCAD23148.png,NHSCAD23148,NHS,4,iccad2
NHSCAD21322.png,NHSCAD21322,NHS,4,iccad2
NHSCAD23954.png,NHSCAD23954,NHS,0,iccad2
NHSCAD23075.png,NHSCAD23075,NHS,2,iccad2
NHSCAD23293.png,NHSCAD23293,NHS,0,iccad2
NHSCAD22407.png,NHSCAD22407,NHS,3,iccad2
NHSCAD21491.png,NHSCAD21491,NHS,0,iccad2
NHSCAD24157.png,NHSCAD24157,NHS,4,iccad2
NHSCAD22648.png,NHSCAD22648,NHS,0,iccad2
NHSCAD22553.png,NHSCAD22553,NHS,4,iccad2
NHSCAD2551.png,NHSCAD2551,NHS,4,iccad2
NHSCAD2692.png,NHSCAD2692,NHS,0,iccad2
NHSCAD23414.png,NHSCAD23414,NHS,0,iccad2
NHSCAD22964.png,NHSCAD22964,NHS,3,iccad2
NHSCAD22057.png,NHSCAD22057,NHS,0,iccad2
NHSCAD24075.png,NHSCAD24075,NHS,2,iccad2
NHSCAD23982.png,NHSCAD23982,NHS,1,iccad2
NHSCAD2216.png,NHSCAD2216,NHS,0,iccad2
NHSCAD23755.png,NHSCAD23755,NHS,0,iccad2
NHSCAD21406.png,NHSCAD21406,NHS,0,iccad2
NHSCAD21438.png,NHSCAD21438,NHS,2,iccad2
NHSCAD23005.png,NHSCAD23005,NHS,2,iccad2
NHSCAD23245.png,NHSCAD23245,NHS,4,iccad2
NHSCAD22647.png,NHSCAD22647,NHS,4,iccad2
NHSCAD2871.png,NHSCAD2871,NHS,0,iccad2
NHSCAD22356.png,NHSCAD22356,NHS,0,iccad2
NHSCAD23336.png,NHSCAD23336,NHS,0,iccad2
NHSCAD22562.png,NHSCAD22562,NHS,4,iccad2
NHSCAD23047.png,NHSCAD23047,NHS,1,iccad2
NHSCAD21304.png,NHSCAD21304,NHS,1,iccad2
NHSCAD22085.png,NHSCAD22085,NHS,0,iccad2
NHSCAD22466.png,NHSCAD22466,NHS,3,iccad2
NHSCAD21196.png,NHSCAD21196,NHS,0,iccad2
NHSCAD2798.png,NHSCAD2798,NHS,3,iccad2
NHSCAD23647.png,NHSCAD23647,NHS,2,iccad2
NHSCAD22312.png,NHSCAD22312,NHS,3,iccad2
NHSCAD2562.png,NHSCAD2562,NHS,0,iccad2
NHSCAD24835.png,NHSCAD24835,NHS,4,iccad2
NHSCAD23761.png,NHSCAD23761,NHS,3,iccad2
NHSCAD2234.png,NHSCAD2234,NHS,3,iccad2
NHSCAD22801.png,NHSCAD22801,NHS,2,iccad2
NHSCAD23431.png,NHSCAD23431,NHS,2,iccad2
NHSCAD23758.png,NHSCAD23758,NHS,4,iccad2
NHSCAD22362.png,NHSCAD22362,NHS,2,iccad2
NHSCAD22341.png,NHSCAD22341,NHS,0,iccad2
NHSCAD21628.png,NHSCAD21628,NHS,4,iccad2
NHSCAD21817.png,NHSCAD21817,NHS,4,iccad2
NHSCAD2905.png,NHSCAD2905,NHS,4,iccad2
NHSCAD25385.png,NHSCAD25385,NHS,1,iccad2
NHSCAD23211.png,NHSCAD23211,NHS,2,iccad2
NHSCAD21855.png,NHSCAD21855,NHS,3,iccad2
NHSCAD2646.png,NHSCAD2646,NHS,0,iccad2
NHSCAD2521.png,NHSCAD2521,NHS,0,iccad2
NHSCAD21815.png,NHSCAD21815,NHS,1,iccad2
NHSCAD2427.png,NHSCAD2427,NHS,1,iccad2
NHSCAD22537.png,NHSCAD22537,NHS,1,iccad2
NHSCAD22097.png,NHSCAD22097,NHS,2,iccad2
NHSCAD24417.png,NHSCAD24417,NHS,4,iccad2
NHSCAD2790.png,NHSCAD2790,NHS,4,iccad2
NHSCAD22810.png,NHSCAD22810,NHS,2,iccad2
NHSCAD2993.png,NHSCAD2993,NHS,2,iccad2
NHSCAD22997.png,NHSCAD22997,NHS,3,iccad2
NHSCAD24979.png,NHSCAD24979,NHS,0,iccad2
NHSCAD24476.png,NHSCAD24476,NHS,4,iccad2
NHSCAD23083.png,NHSCAD23083,NHS,0,iccad2
NHSCAD21172.png,NHSCAD21172,NHS,1,iccad2
NHSCAD25098.png,NHSCAD25098,NHS,3,iccad2
NHSCAD21174.png,NHSCAD21174,NHS,3,iccad2
NHSCAD2289.png,NHSCAD2289,NHS,4,iccad2
NHSCAD22508.png,NHSCAD22508,NHS,4,iccad2
NHSCAD25170.png,NHSCAD25170,NHS,3,iccad2
NHSCAD22267.png,NHSCAD22267,NHS,4,iccad2
NHSCAD21727.png,NHSCAD21727,NHS,0,iccad2
NHSCAD21004.png,NHSCAD21004,NHS,3,iccad2
NHSCAD21330.png,NHSCAD21330,NHS,2,iccad2
NHSCAD24541.png,NHSCAD24541,NHS,1,iccad2
NHSCAD24644.png,NHSCAD24644,NHS,3,iccad2
NHSCAD23603.png,NHSCAD23603,NHS,3,iccad2
NHSCAD2402.png,NHSCAD2402,NHS,4,iccad2
NHSCAD25166.png,NHSCAD25166,NHS,2,iccad2
NHSCAD21261.png,NHSCAD21261,NHS,0,iccad2
NHSCAD23388.png,NHSCAD23388,NHS,3,iccad2
NHSCAD25328.png,NHSCAD25328,NHS,2,iccad2
NHSCAD22800.png,NHSCAD22800,NHS,1,iccad2
NHSCAD2632.png,NHSCAD2632,NHS,1,iccad2
NHSCAD22203.png,NHSCAD22203,NHS,2,iccad2
NHSCAD21804.png,NHSCAD21804,NHS,0,iccad2
NHSCAD22222.png,NHSCAD22222,NHS,0,iccad2
NHSCAD25119.png,NHSCAD25119,NHS,1,iccad2
NHSCAD21673.png,NHSCAD21673,NHS,2,iccad2
NHSCAD21431.png,NHSCAD21431,NHS,0,iccad2
NHSCAD2747.png,NHSCAD2747,NHS,2,iccad2
NHSCAD24623.png,NHSCAD24623,NHS,4,iccad2
NHSCAD21370.png,NHSCAD21370,NHS,2,iccad2
NHSCAD22037.png,NHSCAD22037,NHS,3,iccad2
NHSCAD24264.png,NHSCAD24264,NHS,0,iccad2
NHSCAD22274.png,NHSCAD22274,NHS,2,iccad2
NHSCAD21064.png,NHSCAD21064,NHS,3,iccad2
NHSCAD22723.png,NHSCAD22723,NHS,2,iccad2
NHSCAD2606.png,NHSCAD2606,NHS,0,iccad2
NHSCAD23358.png,NHSCAD23358,NHS,1,iccad2
NHSCAD21342.png,NHSCAD21342,NHS,4,iccad2
NHSCAD24602.png,NHSCAD24602,NHS,3,iccad2
NHSCAD24815.png,NHSCAD24815,NHS,2,iccad2
NHSCAD23149.png,NHSCAD23149,NHS,2,iccad2
NHSCAD23481.png,NHSCAD23481,NHS,4,iccad2
NHSCAD21918.png,NHSCAD21918,NHS,0,iccad2
NHSCAD25246.png,NHSCAD25246,NHS,4,iccad2
NHSCAD21719.png,NHSCAD21719,NHS,3,iccad2
NHSCAD2593.png,NHSCAD2593,NHS,1,iccad2
NHSCAD22998.png,NHSCAD22998,NHS,4,iccad2
NHSCAD25059.png,NHSCAD25059,NHS,0,iccad2
NHSCAD24267.png,NHSCAD24267,NHS,4,iccad2
NHSCAD25376.png,NHSCAD25376,NHS,1,iccad2
NHSCAD22957.png,NHSCAD22957,NHS,0,iccad2
NHSCAD21110.png,NHSCAD21110,NHS,4,iccad2
NHSCAD2291.png,NHSCAD2291,NHS,4,iccad2
NHSCAD23793.png,NHSCAD23793,NHS,2,iccad2
NHSCAD23889.png,NHSCAD23889,NHS,1,iccad2
NHSCAD2867.png,NHSCAD2867,NHS,1,iccad2
NHSCAD25381.png,NHSCAD25381,NHS,0,iccad2
NHSCAD23911.png,NHSCAD23911,NHS,4,iccad2
NHSCAD25186.png,NHSCAD25186,NHS,4,iccad2
NHSCAD22863.png,NHSCAD22863,NHS,0,iccad2
NHSCAD25244.png,NHSCAD25244,NHS,3,iccad2
NHSCAD2455.png,NHSCAD2455,NHS,0,iccad2
NHSCAD24188.png,NHSCAD24188,NHS,1,iccad2
NHSCAD24662.png,NHSCAD24662,NHS,3,iccad2
NHSCAD24938.png,NHSCAD24938,NHS,0,iccad2
NHSCAD2811.png,NHSCAD2811,NHS,0,iccad2
NHSCAD2563.png,NHSCAD2563,NHS,1,iccad2
NHSCAD24243.png,NHSCAD24243,NHS,3,iccad2
NHSCAD21289.png,NHSCAD21289,NHS,1,iccad2
NHSCAD21059.png,NHSCAD21059,NHS,3,iccad2
NHSCAD24250.png,NHSCAD24250,NHS,0,iccad2
NHSCAD24008.png,NHSCAD24008,NHS,3,iccad2
NHSCAD23510.png,NHSCAD23510,NHS,1,iccad2
NHSCAD24261.png,NHSCAD24261,NHS,3,iccad2
HSCAD237.png,HSCAD237,HS,0,iccad2
NHSCAD2869.png,NHSCAD2869,NHS,3,iccad2
NHSCAD22064.png,NHSCAD22064,NHS,3,iccad2
NHSCAD21883.png,NHSCAD21883,NHS,4,iccad2
NHSCAD22692.png,NHSCAD22692,NHS,4,iccad2
NHSCAD23771.png,NHSCAD23771,NHS,4,iccad2
NHSCAD22943.png,NHSCAD22943,NHS,1,iccad2
NHSCAD24177.png,NHSCAD24177,NHS,0,iccad2
NHSCAD23915.png,NHSCAD23915,NHS,2,iccad2
NHSCAD21842.png,NHSCAD21842,NHS,1,iccad2
NHSCAD2320.png,NHSCAD2320,NHS,4,iccad2
NHSCAD24141.png,NHSCAD24141,NHS,1,iccad2
NHSCAD2262.png,NHSCAD2262,NHS,0,iccad2
NHSCAD22609.png,NHSCAD22609,NHS,1,iccad2
NHSCAD2582.png,NHSCAD2582,NHS,0,iccad2
NHSCAD24848.png,NHSCAD24848,NHS,3,iccad2
NHSCAD23674.png,NHSCAD23674,NHS,0,iccad2
NHSCAD25084.png,NHSCAD25084,NHS,3,iccad2
NHSCAD24713.png,NHSCAD24713,NHS,0,iccad2
NHSCAD23311.png,NHSCAD23311,NHS,0,iccad2
NHSCAD24897.png,NHSCAD24897,NHS,3,iccad2
NHSCAD2397.png,NHSCAD2397,NHS,2,iccad2
NHSCAD22276.png,NHSCAD22276,NHS,4,iccad2
NHSCAD23060.png,NHSCAD23060,NHS,1,iccad2
NHSCAD24369.png,NHSCAD24369,NHS,1,iccad2
NHSCAD22549.png,NHSCAD22549,NHS,4,iccad2
NHSCAD24284.png,NHSCAD24284,NHS,0,iccad2
NHSCAD2174.png,NHSCAD2174,NHS,4,iccad2
NHSCAD21689.png,NHSCAD21689,NHS,3,iccad2
NHSCAD21506.png,NHSCAD21506,NHS,0,iccad2
NHSCAD22607.png,NHSCAD22607,NHS,2,iccad2
NHSCAD22202.png,NHSCAD22202,NHS,1,iccad2
NHSCAD25081.png,NHSCAD25081,NHS,0,iccad2
NHSCAD24749.png,NHSCAD24749,NHS,3,iccad2
HSCAD224.png,HSCAD224,HS,1,iccad2
NHSCAD22251.png,NHSCAD22251,NHS,2,iccad2
NHSCAD22919.png,NHSCAD22919,NHS,4,iccad2
NHSCAD24893.png,NHSCAD24893,NHS,3,iccad2
NHSCAD22740.png,NHSCAD22740,NHS,1,iccad2
NHSCAD22662.png,NHSCAD22662,NHS,2,iccad2
NHSCAD22931.png,NHSCAD22931,NHS,3,iccad2
NHSCAD24127.png,NHSCAD24127,NHS,1,iccad2
NHSCAD2569.png,NHSCAD2569,NHS,2,iccad2
NHSCAD22558.png,NHSCAD22558,NHS,4,iccad2
NHSCAD22059.png,NHSCAD22059,NHS,2,iccad2
NHSCAD21625.png,NHSCAD21625,NHS,3,iccad2
NHSCAD21348.png,NHSCAD21348,NHS,0,iccad2
NHSCAD23955.png,NHSCAD23955,NHS,1,iccad2
NHSCAD23286.png,NHSCAD23286,NHS,2,iccad2
NHSCAD21117.png,NHSCAD21117,NHS,3,iccad2
NHSCAD23410.png,NHSCAD23410,NHS,1,iccad2
NHSCAD21676.png,NHSCAD21676,NHS,1,iccad2
NHSCAD23794.png,NHSCAD23794,NHS,4,iccad2
NHSCAD23131.png,NHSCAD23131,NHS,1,iccad2
NHSCAD25242.png,NHSCAD25242,NHS,0,iccad2
NHSCAD22066.png,NHSCAD22066,NHS,0,iccad2
NHSCAD23907.png,NHSCAD23907,NHS,4,iccad2
NHSCAD2553.png,NHSCAD2553,NHS,1,iccad2
NHSCAD23484.png,NHSCAD23484,NHS,2,iccad2
NHSCAD23641.png,NHSCAD23641,NHS,1,iccad2
NHSCAD22375.png,NHSCAD22375,NHS,1,iccad2
NHSCAD23202.png,NHSCAD23202,NHS,2,iccad2
NHSCAD24956.png,NHSCAD24956,NHS,0,iccad2
NHSCAD23934.png,NHSCAD23934,NHS,3,iccad2
NHSCAD23938.png,NHSCAD23938,NHS,2,iccad2
NHSCAD24333.png,NHSCAD24333,NHS,3,iccad2
NHSCAD22534.png,NHSCAD22534,NHS,3,iccad2
NHSCAD2861.png,NHSCAD2861,NHS,0,iccad2
NHSCAD23303.png,NHSCAD23303,NHS,1,iccad2
NHSCAD22958.png,NHSCAD22958,NHS,1,iccad2
NHSCAD2697.png,NHSCAD2697,NHS,0,iccad2
NHSCAD24683.png,NHSCAD24683,NHS,4,iccad2
NHSCAD22961.png,NHSCAD22961,NHS,0,iccad2
NHSCAD2180.png,NHSCAD2180,NHS,0,iccad2
NHSCAD22795.png,NHSCAD22795,NHS,0,iccad2
NHSCAD22169.png,NHSCAD22169,NHS,0,iccad2
NHSCAD24990.png,NHSCAD24990,NHS,3,iccad2
NHSCAD2874.png,NHSCAD2874,NHS,2,iccad2
NHSCAD21510.png,NHSCAD21510,NHS,4,iccad2
NHSCAD21524.png,NHSCAD21524,NHS,2,iccad2
NHSCAD21515.png,NHSCAD21515,NHS,4,iccad2
NHSCAD24307.png,NHSCAD24307,NHS,0,iccad2
NHSCAD21559.png,NHSCAD21559,NHS,0,iccad2
NHSCAD24134.png,NHSCAD24134,NHS,4,iccad2
NHSCAD24070.png,NHSCAD24070,NHS,2,iccad2
NHSCAD22727.png,NHSCAD22727,NHS,1,iccad2
NHSCAD22884.png,NHSCAD22884,NHS,4,iccad2
NHSCAD23064.png,NHSCAD23064,NHS,0,iccad2
HSCAD212.png,HSCAD212,HS,4,iccad2
NHSCAD24954.png,NHSCAD24954,NHS,3,iccad2
NHSCAD21770.png,NHSCAD21770,NHS,3,iccad2
NHSCAD24384.png,NHSCAD24384,NHS,3,iccad2
HSCAD2103.png,HSCAD2103,HS,1,iccad2
NHSCAD25214.png,NHSCAD25214,NHS,0,iccad2
NHSCAD2804.png,NHSCAD2804,NHS,3,iccad2
NHSCAD22007.png,NHSCAD22007,NHS,3,iccad2
NHSCAD22930.png,NHSCAD22930,NHS,2,iccad2
NHSCAD21161.png,NHSCAD21161,NHS,0,iccad2
NHSCAD25221.png,NHSCAD25221,NHS,3,iccad2
NHSCAD23475.png,NHSCAD23475,NHS,2,iccad2
NHSCAD21001.png,NHSCAD21001,NHS,0,iccad2
NHSCAD21362.png,NHSCAD21362,NHS,4,iccad2
NHSCAD22159.png,NHSCAD22159,NHS,3,iccad2
NHSCAD24866.png,NHSCAD24866,NHS,3,iccad2
NHSCAD21977.png,NHSCAD21977,NHS,0,iccad2
NHSCAD24115.png,NHSCAD24115,NHS,4,iccad2
NHSCAD25124.png,NHSCAD25124,NHS,1,iccad2
NHSCAD22304.png,NHSCAD22304,NHS,4,iccad2
NHSCAD21554.png,NHSCAD21554,NHS,3,iccad2
NHSCAD22492.png,NHSCAD22492,NHS,0,iccad2
NHSCAD22575.png,NHSCAD22575,NHS,3,iccad2
NHSCAD23999.png,NHSCAD23999,NHS,3,iccad2
NHSCAD22826.png,NHSCAD22826,NHS,2,iccad2
NHSCAD24473.png,NHSCAD24473,NHS,2,iccad2
NHSCAD24126.png,NHSCAD24126,NHS,2,iccad2
NHSCAD24242.png,NHSCAD24242,NHS,1,iccad2
NHSCAD25391.png,NHSCAD25391,NHS,2,iccad2
NHSCAD24200.png,NHSCAD24200,NHS,0,iccad2
NHSCAD24606.png,NHSCAD24606,NHS,0,iccad2
NHSCAD23189.png,NHSCAD23189,NHS,1,iccad2
NHSCAD23560.png,NHSCAD23560,NHS,4,iccad2
NHSCAD21200.png,NHSCAD21200,NHS,4,iccad2
NHSCAD23926.png,NHSCAD23926,NHS,4,iccad2
NHSCAD21555.png,NHSCAD21555,NHS,4,iccad2
NHSCAD21216.png,NHSCAD21216,NHS,3,iccad2
NHSCAD21445.png,NHSCAD21445,NHS,4,iccad2
NHSCAD21187.png,NHSCAD21187,NHS,1,iccad2
NHSCAD21772.png,NHSCAD21772,NHS,1,iccad2
NHSCAD23251.png,NHSCAD23251,NHS,1,iccad2
NHSCAD21331.png,NHSCAD21331,NHS,3,iccad2
NHSCAD2822.png,NHSCAD2822,NHS,1,iccad2
NHSCAD21698.png,NHSCAD21698,NHS,2,iccad2
NHSCAD22107.png,NHSCAD22107,NHS,3,iccad2
NHSCAD25248.png,NHSCAD25248,NHS,1,iccad2
NHSCAD23876.png,NHSCAD23876,NHS,2,iccad2
NHSCAD21795.png,NHSCAD21795,NHS,3,iccad2
NHSCAD23709.png,NHSCAD23709,NHS,1,iccad2
NHSCAD21128.png,NHSCAD21128,NHS,1,iccad2
NHSCAD24441.png,NHSCAD24441,NHS,0,iccad2
NHSCAD23707.png,NHSCAD23707,NHS,0,iccad2
NHSCAD23343.png,NHSCAD23343,NHS,4,iccad2
NHSCAD23121.png,NHSCAD23121,NHS,2,iccad2
NHSCAD23035.png,NHSCAD23035,NHS,3,iccad2
NHSCAD22221.png,NHSCAD22221,NHS,2,iccad2
NHSCAD21626.png,NHSCAD21626,NHS,1,iccad2
NHSCAD21198.png,NHSCAD21198,NHS,3,iccad2
NHSCAD24121.png,NHSCAD24121,NHS,2,iccad2
NHSCAD23409.png,NHSCAD23409,NHS,2,iccad2
NHSCAD25312.png,NHSCAD25312,NHS,3,iccad2
NHSCAD25448.png,NHSCAD25448,NHS,2,iccad2
NHSCAD23312.png,NHSCAD23312,NHS,1,iccad2
NHSCAD21274.png,NHSCAD21274,NHS,2,iccad2
NHSCAD23038.png,NHSCAD23038,NHS,1,iccad2
NHSCAD24281.png,NHSCAD24281,NHS,1,iccad2
NHSCAD22612.png,NHSCAD22612,NHS,3,iccad2
NHSCAD2358.png,NHSCAD2358,NHS,2,iccad2
NHSCAD21301.png,NHSCAD21301,NHS,3,iccad2
NHSCAD21430.png,NHSCAD21430,NHS,4,iccad2
NHSCAD23317.png,NHSCAD23317,NHS,1,iccad2
NHSCAD21435.png,NHSCAD21435,NHS,4,iccad2
NHSCAD21893.png,NHSCAD21893,NHS,1,iccad2
NHSCAD25406.png,NHSCAD25406,NHS,2,iccad2
NHSCAD23122.png,NHSCAD23122,NHS,1,iccad2
NHSCAD25040.png,NHSCAD25040,NHS,0,iccad2
NHSCAD2301.png,NHSCAD2301,NHS,0,iccad2
NHSCAD23923.png,NHSCAD23923,NHS,1,iccad2
NHSCAD22545.png,NHSCAD22545,NHS,0,iccad2
NHSCAD24038.png,NHSCAD24038,NHS,3,iccad2
NHSCAD23609.png,NHSCAD23609,NHS,0,iccad2
NHSCAD24069.png,NHSCAD24069,NHS,0,iccad2
NHSCAD2333.png,NHSCAD2333,NHS,4,iccad2
NHSCAD24213.png,NHSCAD24213,NHS,2,iccad2
NHSCAD23721.png,NHSCAD23721,NHS,0,iccad2
NHSCAD24780.png,NHSCAD24780,NHS,3,iccad2
NHSCAD22960.png,NHSCAD22960,NHS,4,iccad2
NHSCAD2473.png,NHSCAD2473,NHS,2,iccad2
NHSCAD23898.png,NHSCAD23898,NHS,1,iccad2
NHSCAD21747.png,NHSCAD21747,NHS,2,iccad2
NHSCAD25142.png,NHSCAD25142,NHS,3,iccad2
NHSCAD23956.png,NHSCAD23956,NHS,2,iccad2
NHSCAD23624.png,NHSCAD23624,NHS,2,iccad2
NHSCAD23069.png,NHSCAD23069,NHS,0,iccad2
NHSCAD25419.png,NHSCAD25419,NHS,1,iccad2
NHSCAD22349.png,NHSCAD22349,NHS,2,iccad2
NHSCAD21071.png,NHSCAD21071,NHS,0,iccad2
NHSCAD22490.png,NHSCAD22490,NHS,2,iccad2
NHSCAD2972.png,NHSCAD2972,NHS,1,iccad2
NHSCAD2268.png,NHSCAD2268,NHS,0,iccad2
NHSCAD22829.png,NHSCAD22829,NHS,4,iccad2
NHSCAD24058.png,NHSCAD24058,NHS,4,iccad2
NHSCAD25024.png,NHSCAD25024,NHS,3,iccad2
NHSCAD22653.png,NHSCAD22653,NHS,2,iccad2
HSCAD230.png,HSCAD230,HS,3,iccad2
NHSCAD23812.png,NHSCAD23812,NHS,4,iccad2
NHSCAD21396.png,NHSCAD21396,NHS,3,iccad2
NHSCAD21397.png,NHSCAD21397,NHS,4,iccad2
NHSCAD2179.png,NHSCAD2179,NHS,4,iccad2
NHSCAD21611.png,NHSCAD21611,NHS,1,iccad2
NHSCAD2923.png,NHSCAD2923,NHS,1,iccad2
NHSCAD23617.png,NHSCAD23617,NHS,3,iccad2
NHSCAD25253.png,NHSCAD25253,NHS,3,iccad2
HSCAD2107.png,HSCAD2107,HS,0,iccad2
NHSCAD22478.png,NHSCAD22478,NHS,3,iccad2
NHSCAD22021.png,NHSCAD22021,NHS,4,iccad2
NHSCAD22003.png,NHSCAD22003,NHS,4,iccad2
NHSCAD22011.png,NHSCAD22011,NHS,3,iccad2
NHSCAD23457.png,NHSCAD23457,NHS,3,iccad2
NHSCAD21533.png,NHSCAD21533,NHS,0,iccad2
NHSCAD25149.png,NHSCAD25149,NHS,4,iccad2
NHSCAD25408.png,NHSCAD25408,NHS,4,iccad2
NHSCAD23176.png,NHSCAD23176,NHS,4,iccad2
NHSCAD25254.png,NHSCAD25254,NHS,2,iccad2
NHSCAD21190.png,NHSCAD21190,NHS,3,iccad2
NHSCAD2600.png,NHSCAD2600,NHS,3,iccad2
NHSCAD21885.png,NHSCAD21885,NHS,2,iccad2
NHSCAD23509.png,NHSCAD23509,NHS,4,iccad2
NHSCAD24120.png,NHSCAD24120,NHS,1,iccad2
NHSCAD23020.png,NHSCAD23020,NHS,2,iccad2
HSCAD245.png,HSCAD245,HS,4,iccad2
NHSCAD23690.png,NHSCAD23690,NHS,1,iccad2
NHSCAD2288.png,NHSCAD2288,NHS,4,iccad2
NHSCAD22070.png,NHSCAD22070,NHS,0,iccad2
NHSCAD23833.png,NHSCAD23833,NHS,0,iccad2
NHSCAD24017.png,NHSCAD24017,NHS,3,iccad2
NHSCAD23527.png,NHSCAD23527,NHS,4,iccad2
NHSCAD24344.png,NHSCAD24344,NHS,4,iccad2
NHSCAD24592.png,NHSCAD24592,NHS,1,iccad2
NHSCAD23183.png,NHSCAD23183,NHS,1,iccad2
NHSCAD25224.png,NHSCAD25224,NHS,1,iccad2
NHSCAD2584.png,NHSCAD2584,NHS,2,iccad2
NHSCAD2778.png,NHSCAD2778,NHS,3,iccad2
NHSCAD22954.png,NHSCAD22954,NHS,2,iccad2
NHSCAD24046.png,NHSCAD24046,NHS,1,iccad2
NHSCAD25031.png,NHSCAD25031,NHS,0,iccad2
NHSCAD2459.png,NHSCAD2459,NHS,4,iccad2
NHSCAD24992.png,NHSCAD24992,NHS,0,iccad2
NHSCAD22721.png,NHSCAD22721,NHS,0,iccad2
NHSCAD24419.png,NHSCAD24419,NHS,0,iccad2
NHSCAD21426.png,NHSCAD21426,NHS,0,iccad2
NHSCAD2952.png,NHSCAD2952,NHS,1,iccad2
NHSCAD22031.png,NHSCAD22031,NHS,2,iccad2
NHSCAD23103.png,NHSCAD23103,NHS,2,iccad2
NHSCAD23931.png,NHSCAD23931,NHS,1,iccad2
NHSCAD24107.png,NHSCAD24107,NHS,1,iccad2
NHSCAD23614.png,NHSCAD23614,NHS,1,iccad2
NHSCAD24633.png,NHSCAD24633,NHS,0,iccad2
NHSCAD22796.png,NHSCAD22796,NHS,1,iccad2
NHSCAD21383.png,NHSCAD21383,NHS,0,iccad2
NHSCAD22201.png,NHSCAD22201,NHS,0,iccad2
NHSCAD23569.png,NHSCAD23569,NHS,1,iccad2
NHSCAD21356.png,NHSCAD21356,NHS,3,iccad2
NHSCAD21916.png,NHSCAD21916,NHS,1,iccad2
NHSCAD21394.png,NHSCAD21394,NHS,1,iccad2
NHSCAD22386.png,NHSCAD22386,NHS,0,iccad2
NHSCAD24300.png,NHSCAD24300,NHS,2,iccad2
NHSCAD23857.png,NHSCAD23857,NHS,1,iccad2
NHSCAD24933.png,NHSCAD24933,NHS,0,iccad2
NHSCAD24944.png,NHSCAD24944,NHS,2,iccad2
NHSCAD21238.png,NHSCAD21238,NHS,1,iccad2
NHSCAD2211.png,NHSCAD2211,NHS,1,iccad2
NHSCAD21655.png,NHSCAD21655,NHS,4,iccad2
NHSCAD22825.png,NHSCAD22825,NHS,0,iccad2
NHSCAD21941.png,NHSCAD21941,NHS,1,iccad2
NHSCAD21633.png,NHSCAD21633,NHS,4,iccad2
NHSCAD23908.png,NHSCAD23908,NHS,2,iccad2
NHSCAD21136.png,NHSCAD21136,NHS,0,iccad2
NHSCAD23944.png,NHSCAD23944,NHS,4,iccad2
NHSCAD22131.png,NHSCAD22131,NHS,0,iccad2
NHSCAD24266.png,NHSCAD24266,NHS,3,iccad2
NHSCAD23697.png,NHSCAD23697,NHS,4,iccad2
NHSCAD2770.png,NHSCAD2770,NHS,0,iccad2
NHSCAD22080.png,NHSCAD22080,NHS,0,iccad2
NHSCAD23252.png,NHSCAD23252,NHS,2,iccad2
NHSCAD24551.png,NHSCAD24551,NHS,2,iccad2
NHSCAD25342.png,NHSCAD25342,NHS,3,iccad2
NHSCAD25284.png,NHSCAD25284,NHS,1,iccad2
NHSCAD25213.png,NHSCAD25213,NHS,4,iccad2
NHSCAD22227.png,NHSCAD22227,NHS,1,iccad2
NHSCAD23613.png,NHSCAD23613,NHS,0,iccad2
NHSCAD23244.png,NHSCAD23244,NHS,3,iccad2
NHSCAD23881.png,NHSCAD23881,NHS,0,iccad2
NHSCAD24626.png,NHSCAD24626,NHS,3,iccad2
HSCAD2118.png,HSCAD2118,HS,2,iccad2
NHSCAD23416.png,NHSCAD23416,NHS,3,iccad2
NHSCAD22240.png,NHSCAD22240,NHS,0,iccad2
NHSCAD23788.png,NHSCAD23788,NHS,4,iccad2
NHSCAD2561.png,NHSCAD2561,NHS,4,iccad2
NHSCAD24413.png,NHSCAD24413,NHS,2,iccad2
NHSCAD21446.png,NHSCAD21446,NHS,0,iccad2
NHSCAD22142.png,NHSCAD22142,NHS,1,iccad2
NHSCAD2929.png,NHSCAD2929,NHS,2,iccad2
HSCAD25.png,HSCAD25,HS,4,iccad2
NHSCAD23890.png,NHSCAD23890,NHS,0,iccad2
NHSCAD23815.png,NHSCAD23815,NHS,0,iccad2
NHSCAD25230.png,NHSCAD25230,NHS,3,iccad2
NHSCAD22103.png,NHSCAD22103,NHS,4,iccad2
NHSCAD22373.png,NHSCAD22373,NHS,4,iccad2
NHSCAD2502.png,NHSCAD2502,NHS,4,iccad2
NHSCAD25398.png,NHSCAD25398,NHS,4,iccad2
NHSCAD21308.png,NHSCAD21308,NHS,0,iccad2
NHSCAD2663.png,NHSCAD2663,NHS,3,iccad2
NHSCAD2595.png,NHSCAD2595,NHS,3,iccad2
NHSCAD2472.png,NHSCAD2472,NHS,1,iccad2
NHSCAD23157.png,NHSCAD23157,NHS,3,iccad2
NHSCAD2263.png,NHSCAD2263,NHS,2,iccad2
NHSCAD21472.png,NHSCAD21472,NHS,1,iccad2
NHSCAD21529.png,NHSCAD21529,NHS,3,iccad2
NHSCAD23219.png,NHSCAD23219,NHS,0,iccad2
NHSCAD2838.png,NHSCAD2838,NHS,3,iccad2
NHSCAD23456.png,NHSCAD23456,NHS,1,iccad2
NHSCAD2175.png,NHSCAD2175,NHS,1,iccad2
HSCAD225.png,HSCAD225,HS,2,iccad2
NHSCAD22548.png,NHSCAD22548,NHS,3,iccad2
NHSCAD25400.png,NHSCAD25400,NHS,2,iccad2
NHSCAD22027.png,NHSCAD22027,NHS,2,iccad2
NHSCAD2341.png,NHSCAD2341,NHS,0,iccad2
NHSCAD21014.png,NHSCAD21014,NHS,3,iccad2
NHSCAD21501.png,NHSCAD21501,NHS,0,iccad2
NHSCAD23596.png,NHSCAD23596,NHS,1,iccad2
NHSCAD24765.png,NHSCAD24765,NHS,4,iccad2
NHSCAD2564.png,NHSCAD2564,NHS,2,iccad2
NHSCAD22036.png,NHSCAD22036,NHS,2,iccad2
HSCAD2133.png,HSCAD2133,HS,4,iccad2
NHSCAD21935.png,NHSCAD21935,NHS,2,iccad2
NHSCAD24894.png,NHSCAD24894,NHS,4,iccad2
NHSCAD22061.png,NHSCAD22061,NHS,0,iccad2
NHSCAD22806.png,NHSCAD22806,NHS,3,iccad2
NHSCAD22824.png,NHSCAD22824,NHS,4,iccad2
NHSCAD24367.png,NHSCAD24367,NHS,4,iccad2
NHSCAD22273.png,NHSCAD22273,NHS,1,iccad2
NHSCAD2730.png,NHSCAD2730,NHS,3,iccad2
NHSCAD24272.png,NHSCAD24272,NHS,2,iccad2
NHSCAD2696.png,NHSCAD2696,NHS,4,iccad2
NHSCAD22060.png,NHSCAD22060,NHS,4,iccad2
NHSCAD21139.png,NHSCAD21139,NHS,2,iccad2
NHSCAD22563.png,NHSCAD22563,NHS,0,iccad2
NHSCAD22585.png,NHSCAD22585,NHS,4,iccad2
NHSCAD25363.png,NHSCAD25363,NHS,0,iccad2
NHSCAD24561.png,NHSCAD24561,NHS,3,iccad2
NHSCAD24454.png,NHSCAD24454,NHS,0,iccad2
NHSCAD21184.png,NHSCAD21184,NHS,1,iccad2
NHSCAD21201.png,NHSCAD21201,NHS,0,iccad2
NHSCAD22088.png,NHSCAD22088,NHS,3,iccad2
NHSCAD2527.png,NHSCAD2527,NHS,0,iccad2
NHSCAD21038.png,NHSCAD21038,NHS,2,iccad2
NHSCAD25147.png,NHSCAD25147,NHS,3,iccad2
NHSCAD21029.png,NHSCAD21029,NHS,3,iccad2
NHSCAD21907.png,NHSCAD21907,NHS,1,iccad2
NHSCAD21104.png,NHSCAD21104,NHS,4,iccad2
NHSCAD22853.png,NHSCAD22853,NHS,2,iccad2
NHSCAD2346.png,NHSCAD2346,NHS,1,iccad2
NHSCAD25159.png,NHSCAD25159,NHS,0,iccad2
NHSCAD23172.png,NHSCAD23172,NHS,2,iccad2
NHSCAD2607.png,NHSCAD2607,NHS,4,iccad2
NHSCAD24391.png,NHSCAD24391,NHS,1,iccad2
NHSCAD24350.png,NHSCAD24350,NHS,1,iccad2
NHSCAD21284.png,NHSCAD21284,NHS,1,iccad2
NHSCAD24859.png,NHSCAD24859,NHS,3,iccad2
NHSCAD23199.png,NHSCAD23199,NHS,3,iccad2
NHSCAD25048.png,NHSCAD25048,NHS,4,iccad2
NHSCAD22268.png,NHSCAD22268,NHS,0,iccad2
NHSCAD23214.png,NHSCAD23214,NHS,0,iccad2
NHSCAD25080.png,NHSCAD25080,NHS,4,iccad2
NHSCAD22552.png,NHSCAD22552,NHS,3,iccad2
NHSCAD2848.png,NHSCAD2848,NHS,3,iccad2
NHSCAD2695.png,NHSCAD2695,NHS,3,iccad2
NHSCAD22683.png,NHSCAD22683,NHS,4,iccad2
NHSCAD21368.png,NHSCAD21368,NHS,0,iccad2
NHSCAD25107.png,NHSCAD25107,NHS,3,iccad2
NHSCAD23892.png,NHSCAD23892,NHS,4,iccad2
NHSCAD25193.png,NHSCAD25193,NHS,2,iccad2
NHSCAD23728.png,NHSCAD23728,NHS,2,iccad2
NHSCAD2442.png,NHSCAD2442,NHS,1,iccad2
NHSCAD21483.png,NHSCAD21483,NHS,2,iccad2
NHSCAD23932.png,NHSCAD23932,NHS,0,iccad2
NHSCAD21310.png,NHSCAD21310,NHS,2,iccad2
NHSCAD24721.png,NHSCAD24721,NHS,3,iccad2
NHSCAD24394.png,NHSCAD24394,NHS,4,iccad2
NHSCAD23408.png,NHSCAD23408,NHS,4,iccad2
NHSCAD2661.png,NHSCAD2661,NHS,0,iccad2
NHSCAD21466.png,NHSCAD21466,NHS,0,iccad2
NHSCAD22432.png,NHSCAD22432,NHS,0,iccad2
NHSCAD24380.png,NHSCAD24380,NHS,4,iccad2
NHSCAD25233.png,NHSCAD25233,NHS,0,iccad2
NHSCAD25171.png,NHSCAD25171,NHS,4,iccad2
NHSCAD24039.png,NHSCAD24039,NHS,4,iccad2
NHSCAD21175.png,NHSCAD21175,NHS,4,iccad2
NHSCAD21096.png,NHSCAD21096,NHS,0,iccad2
NHSCAD21663.png,NHSCAD21663,NHS,2,iccad2
NHSCAD2914.png,NHSCAD2914,NHS,2,iccad2
NHSCAD21292.png,NHSCAD21292,NHS,4,iccad2
NHSCAD2468.png,NHSCAD2468,NHS,0,iccad2
NHSCAD23739.png,NHSCAD23739,NHS,4,iccad2
NHSCAD23901.png,NHSCAD23901,NHS,4,iccad2
NHSCAD24109.png,NHSCAD24109,NHS,0,iccad2
NHSCAD23995.png,NHSCAD23995,NHS,0,iccad2
NHSCAD2439.png,NHSCAD2439,NHS,4,iccad2
NHSCAD23961.png,NHSCAD23961,NHS,3,iccad2
NHSCAD23325.png,NHSCAD23325,NHS,4,iccad2
NHSCAD21702.png,NHSCAD21702,NHS,0,iccad2
NHSCAD23479.png,NHSCAD23479,NHS,1,iccad2
NHSCAD24976.png,NHSCAD24976,NHS,2,iccad2
NHSCAD24099.png,NHSCAD24099,NHS,2,iccad2
NHSCAD23910.png,NHSCAD23910,NHS,3,iccad2
NHSCAD22891.png,NHSCAD22891,NHS,1,iccad2
NHSCAD23856.png,NHSCAD23856,NHS,4,iccad2
NHSCAD2909.png,NHSCAD2909,NHS,2,iccad2
NHSCAD22856.png,NHSCAD22856,NHS,3,iccad2
NHSCAD23366.png,NHSCAD23366,NHS,4,iccad2
NHSCAD22433.png,NHSCAD22433,NHS,1,iccad2
NHSCAD24326.png,NHSCAD24326,NHS,4,iccad2
NHSCAD21521.png,NHSCAD21521,NHS,0,iccad2
NHSCAD22865.png,NHSCAD22865,NHS,3,iccad2
NHSCAD25068.png,NHSCAD25068,NHS,0,iccad2
NHSCAD22504.png,NHSCAD22504,NHS,0,iccad2
NHSCAD22127.png,NHSCAD22127,NHS,0,iccad2
NHSCAD23839.png,NHSCAD23839,NHS,1,iccad2
NHSCAD23504.png,NHSCAD23504,NHS,4,iccad2
NHSCAD21141.png,NHSCAD21141,NHS,0,iccad2
NHSCAD22121.png,NHSCAD22121,NHS,4,iccad2
NHSCAD21724.png,NHSCAD21724,NHS,3,iccad2
NHSCAD25428.png,NHSCAD25428,NHS,1,iccad2
NHSCAD21424.png,NHSCAD21424,NHS,3,iccad2
NHSCAD2614.png,NHSCAD2614,NHS,2,iccad2
NHSCAD21756.png,NHSCAD21756,NHS,2,iccad2
NHSCAD22519.png,NHSCAD22519,NHS,2,iccad2
NHSCAD22405.png,NHSCAD22405,NHS,1,iccad2
NHSCAD2627.png,NHSCAD2627,NHS,1,iccad2
NHSCAD2782.png,NHSCAD2782,NHS,0,iccad2
NHSCAD22314.png,NHSCAD22314,NHS,0,iccad2
NHSCAD21421.png,NHSCAD21421,NHS,0,iccad2
NHSCAD2209.png,NHSCAD2209,NHS,0,iccad2
NHSCAD21819.png,NHSCAD21819,NHS,3,iccad2
NHSCAD21667.png,NHSCAD21667,NHS,1,iccad2
NHSCAD22257.png,NHSCAD22257,NHS,3,iccad2
NHSCAD21467.png,NHSCAD21467,NHS,2,iccad2
NHSCAD2711.png,NHSCAD2711,NHS,2,iccad2
NHSCAD23297.png,NHSCAD23297,NHS,4,iccad2
NHSCAD23665.png,NHSCAD23665,NHS,2,iccad2
NHSCAD23503.png,NHSCAD23503,NHS,3,iccad2
NHSCAD21857.png,NHSCAD21857,NHS,2,iccad2
NHSCAD21371.png,NHSCAD21371,NHS,3,iccad2
NHSCAD2784.png,NHSCAD2784,NHS,3,iccad2
NHSCAD24691.png,NHSCAD24691,NHS,2,iccad2
NHSCAD2795.png,NHSCAD2795,NHS,4,iccad2
NHSCAD24635.png,NHSCAD24635,NHS,3,iccad2
NHSCAD23976.png,NHSCAD23976,NHS,4,iccad2
NHSCAD21767.png,NHSCAD21767,NHS,4,iccad2
NHSCAD23344.png,NHSCAD23344,NHS,1,iccad2
NHSCAD25154.png,NHSCAD25154,NHS,0,iccad2
NHSCAD22617.png,NHSCAD22617,NHS,3,iccad2
NHSCAD23061.png,NHSCAD23061,NHS,2,iccad2
NHSCAD22900.png,NHSCAD22900,NHS,1,iccad2
NHSCAD24530.png,NHSCAD24530,NHS,4,iccad2
NHSCAD23796.png,NHSCAD23796,NHS,0,iccad2
NHSCAD22928.png,NHSCAD22928,NHS,4,iccad2
NHSCAD2665.png,NHSCAD2665,NHS,4,iccad2
NHSCAD24068.png,NHSCAD24068,NHS,4,iccad2
NHSCAD23491.png,NHSCAD23491,NHS,0,iccad2
HSCAD23.png,HSCAD23,HS,2,iccad2
NHSCAD2694.png,NHSCAD2694,NHS,2,iccad2
NHSCAD2825.png,NHSCAD2825,NHS,4,iccad2
NHSCAD22614.png,NHSCAD22614,NHS,4,iccad2
NHSCAD24929.png,NHSCAD24929,NHS,0,iccad2
NHSCAD24505.png,NHSCAD24505,NHS,1,iccad2
NHSCAD24642.png,NHSCAD24642,NHS,0,iccad2
NHSCAD23347.png,NHSCAD23347,NHS,3,iccad2
NHSCAD2233.png,NHSCAD2233,NHS,2,iccad2
NHSCAD22527.png,NHSCAD22527,NHS,0,iccad2
NHSCAD23873.png,NHSCAD23873,NHS,3,iccad2
NHSCAD23902.png,NHSCAD23902,NHS,1,iccad2
NHSCAD21028.png,NHSCAD21028,NHS,2,iccad2
NHSCAD2992.png,NHSCAD2992,NHS,1,iccad2
NHSCAD23693.png,NHSCAD23693,NHS,0,iccad2
NHSCAD21315.png,NHSCAD21315,NHS,2,iccad2
NHSCAD24822.png,NHSCAD24822,NHS,1,iccad2
NHSCAD24709.png,NHSCAD24709,NHS,0,iccad2
NHSCAD2910.png,NHSCAD2910,NHS,3,iccad2
NHSCAD2760.png,NHSCAD2760,NHS,0,iccad2
NHSCAD21219.png,NHSCAD21219,NHS,2,iccad2
NHSCAD21798.png,NHSCAD21798,NHS,2,iccad2
NHSCAD25404.png,NHSCAD25404,NHS,0,iccad2
NHSCAD24605.png,NHSCAD24605,NHS,4,iccad2
NHSCAD24698.png,NHSCAD24698,NHS,4,iccad2
NHSCAD23333.png,NHSCAD23333,NHS,3,iccad2
NHSCAD21659.png,NHSCAD21659,NHS,3,iccad2
NHSCAD21223.png,NHSCAD21223,NHS,4,iccad2
NHSCAD24345.png,NHSCAD24345,NHS,0,iccad2
NHSCAD23645.png,NHSCAD23645,NHS,0,iccad2
NHSCAD24920.png,NHSCAD24920,NHS,2,iccad2
NHSCAD23702.png,NHSCAD23702,NHS,0,iccad2
NHSCAD2817.png,NHSCAD2817,NHS,1,iccad2
NHSCAD2712.png,NHSCAD2712,NHS,4,iccad2
HSCAD2121.png,HSCAD2121,HS,1,iccad2
NHSCAD22316.png,NHSCAD22316,NHS,2,iccad2
NHSCAD21256.png,NHSCAD21256,NHS,0,iccad2
NHSCAD24588.png,NHSCAD24588,NHS,2,iccad2
NHSCAD23751.png,NHSCAD23751,NHS,2,iccad2
NHSCAD23309.png,NHSCAD23309,NHS,2,iccad2
NHSCAD2475.png,NHSCAD2475,NHS,0,iccad2
HSCAD243.png,HSCAD243,HS,2,iccad2
NHSCAD23007.png,NHSCAD23007,NHS,3,iccad2
NHSCAD25043.png,NHSCAD25043,NHS,4,iccad2
NHSCAD23447.png,NHSCAD23447,NHS,2,iccad2
NHSCAD22719.png,NHSCAD22719,NHS,2,iccad2
NHSCAD2494.png,NHSCAD2494,NHS,2,iccad2
NHSCAD22942.png,NHSCAD22942,NHS,0,iccad2
NHSCAD24846.png,NHSCAD24846,NHS,1,iccad2
HSCAD240.png,HSCAD240,HS,4,iccad2
NHSCAD21634.png,NHSCAD21634,NHS,0,iccad2
NHSCAD21733.png,NHSCAD21733,NHS,2,iccad2
NHSCAD2456.png,NHSCAD2456,NHS,1,iccad2
HSCAD278.png,HSCAD278,HS,0,iccad2
NHSCAD23222.png,NHSCAD23222,NHS,4,iccad2
NHSCAD2452.png,NHSCAD2452,NHS,2,iccad2
NHSCAD21281.png,NHSCAD21281,NHS,3,iccad2
NHSCAD22893.png,NHSCAD22893,NHS,3,iccad2
NHSCAD25440.png,NHSCAD25440,NHS,4,iccad2
NHSCAD21754.png,NHSCAD21754,NHS,1,iccad2
NHSCAD23716.png,NHSCAD23716,NHS,4,iccad2
NHSCAD23733.png,NHSCAD23733,NHS,3,iccad2
NHSCAD24396.png,NHSCAD24396,NHS,1,iccad2
NHSCAD22239.png,NHSCAD22239,NHS,2,iccad2
NHSCAD22846.png,NHSCAD22846,NHS,1,iccad2
NHSCAD2944.png,NHSCAD2944,NHS,2,iccad2
NHSCAD24783.png,NHSCAD24783,NHS,4,iccad2
NHSCAD22651.png,NHSCAD22651,NHS,4,iccad2
NHSCAD24948.png,NHSCAD24948,NHS,1,iccad2
NHSCAD2832.png,NHSCAD2832,NHS,1,iccad2
NHSCAD23861.png,NHSCAD23861,NHS,1,iccad2
NHSCAD21768.png,NHSCAD21768,NHS,1,iccad2
NHSCAD2552.png,NHSCAD2552,NHS,0,iccad2
NHSCAD2687.png,NHSCAD2687,NHS,0,iccad2
NHSCAD23164.png,NHSCAD23164,NHS,1,iccad2
NHSCAD25279.png,NHSCAD25279,NHS,0,iccad2
NHSCAD22935.png,NHSCAD22935,NHS,2,iccad2
NHSCAD22722.png,NHSCAD22722,NHS,1,iccad2
NHSCAD23927.png,NHSCAD23927,NHS,1,iccad2
NHSCAD23882.png,NHSCAD23882,NHS,3,iccad2
NHSCAD22013.png,NHSCAD22013,NHS,0,iccad2
NHSCAD2780.png,NHSCAD2780,NHS,0,iccad2
HSCAD236.png,HSCAD236,HS,4,iccad2
NHSCAD24769.png,NHSCAD24769,NHS,1,iccad2
NHSCAD2879.png,NHSCAD2879,NHS,3,iccad2
NHSCAD24798.png,NHSCAD24798,NHS,4,iccad2
NHSCAD25289.png,NHSCAD25289,NHS,1,iccad2
NHSCAD23476.png,NHSCAD23476,NHS,3,iccad2
NHSCAD24328.png,NHSCAD24328,NHS,2,iccad2
NHSCAD2324.png,NHSCAD2324,NHS,3,iccad2
NHSCAD24958.png,NHSCAD24958,NHS,2,iccad2
NHSCAD21231.png,NHSCAD21231,NHS,0,iccad2
NHSCAD21095.png,NHSCAD21095,NHS,2,iccad2
NHSCAD2421.png,NHSCAD2421,NHS,0,iccad2
NHSCAD2882.png,NHSCAD2882,NHS,1,iccad2
NHSCAD21270.png,NHSCAD21270,NHS,4,iccad2
NHSCAD2668.png,NHSCAD2668,NHS,2,iccad2
NHSCAD24479.png,NHSCAD24479,NHS,2,iccad2
NHSCAD23364.png,NHSCAD23364,NHS,2,iccad2
NHSCAD25453.png,NHSCAD25453,NHS,3,iccad2
NHSCAD2766.png,NHSCAD2766,NHS,1,iccad2
NHSCAD22108.png,NHSCAD22108,NHS,4,iccad2
NHSCAD21551.png,NHSCAD21551,NHS,1,iccad2
NHSCAD22804.png,NHSCAD22804,NHS,2,iccad2
NHSCAD2855.png,NHSCAD2855,NHS,4,iccad2
NHSCAD2946.png,NHSCAD2946,NHS,0,iccad2
NHSCAD2991.png,NHSCAD2991,NHS,0,iccad2
NHSCAD22879.png,NHSCAD22879,NHS,3,iccad2
NHSCAD24309.png,NHSCAD24309,NHS,1,iccad2
NHSCAD21714.png,NHSCAD21714,NHS,3,iccad2
NHSCAD23747.png,NHSCAD23747,NHS,1,iccad2
HSCAD2111.png,HSCAD2111,HS,0,iccad2
NHSCAD22991.png,NHSCAD22991,NHS,2,iccad2
NHSCAD23837.png,NHSCAD23837,NHS,3,iccad2
NHSCAD24952.png,NHSCAD24952,NHS,1,iccad2
NHSCAD2919.png,NHSCAD2919,NHS,2,iccad2
NHSCAD23607.png,NHSCAD23607,NHS,2,iccad2
HSCAD2169.png,HSCAD2169,HS,2,iccad2
NHSCAD21691.png,NHSCAD21691,NHS,1,iccad2
NHSCAD2373.png,NHSCAD2373,NHS,4,iccad2
NHSCAD21558.png,NHSCAD21558,NHS,4,iccad2
NHSCAD21413.png,NHSCAD21413,NHS,3,iccad2
NHSCAD2986.png,NHSCAD2986,NHS,0,iccad2
NHSCAD25111.png,NHSCAD25111,NHS,2,iccad2
NHSCAD2292.png,NHSCAD2292,NHS,0,iccad2
NHSCAD2542.png,NHSCAD2542,NHS,2,iccad2
HSCAD253.png,HSCAD253,HS,3,iccad2
NHSCAD23601.png,NHSCAD23601,NHS,4,iccad2
NHSCAD2685.png,NHSCAD2685,NHS,3,iccad2
NHSCAD25160.png,NHSCAD25160,NHS,2,iccad2
NHSCAD24801.png,NHSCAD24801,NHS,2,iccad2
NHSCAD24036.png,NHSCAD24036,NHS,0,iccad2
NHSCAD24927.png,NHSCAD24927,NHS,3,iccad2
NHSCAD22791.png,NHSCAD22791,NHS,0,iccad2
NHSCAD24796.png,NHSCAD24796,NHS,1,iccad2
NHSCAD23979.png,NHSCAD23979,NHS,2,iccad2
NHSCAD21567.png,NHSCAD21567,NHS,2,iccad2
NHSCAD24456.png,NHSCAD24456,NHS,2,iccad2
NHSCAD2755.png,NHSCAD2755,NHS,0,iccad2
NHSCAD2754.png,NHSCAD2754,NHS,4,iccad2
NHSCAD24149.png,NHSCAD24149,NHS,2,iccad2
NHSCAD23556.png,NHSCAD23556,NHS,1,iccad2
NHSCAD25322.png,NHSCAD25322,NHS,0,iccad2
NHSCAD2590.png,NHSCAD2590,NHS,3,iccad2
NHSCAD21929.png,NHSCAD21929,NHS,3,iccad2
NHSCAD23924.png,NHSCAD23924,NHS,2,iccad2
NHSCAD25299.png,NHSCAD25299,NHS,3,iccad2
NHSCAD2609.png,NHSCAD2609,NHS,2,iccad2
NHSCAD21345.png,NHSCAD21345,NHS,2,iccad2
NHSCAD23029.png,NHSCAD23029,NHS,1,iccad2
NHSCAD23841.png,NHSCAD23841,NHS,3,iccad2
NHSCAD22641.png,NHSCAD22641,NHS,4,iccad2
NHSCAD24936.png,NHSCAD24936,NHS,3,iccad2
NHSCAD21194.png,NHSCAD21194,NHS,3,iccad2
HSCAD251.png,HSCAD251,HS,1,iccad2
NHSCAD22398.png,NHSCAD22398,NHS,3,iccad2
NHSCAD21865.png,NHSCAD21865,NHS,1,iccad2
NHSCAD21821.png,NHSCAD21821,NHS,4,iccad2
NHSCAD22023.png,NHSCAD22023,NHS,0,iccad2
NHSCAD22794.png,NHSCAD22794,NHS,4,iccad2
NHSCAD24833.png,NHSCAD24833,NHS,2,iccad2
NHSCAD22761.png,NHSCAD22761,NHS,0,iccad2
NHSCAD2793.png,NHSCAD2793,NHS,2,iccad2
HSCAD228.png,HSCAD228,HS,0,iccad2
NHSCAD24499.png,NHSCAD24499,NHS,4,iccad2
NHSCAD22129.png,NHSCAD22129,NHS,2,iccad2
NHSCAD25266.png,NHSCAD25266,NHS,1,iccad2
NHSCAD22896.png,NHSCAD22896,NHS,1,iccad2
NHSCAD24094.png,NHSCAD24094,NHS,2,iccad2
NHSCAD23181.png,NHSCAD23181,NHS,2,iccad2
NHSCAD2366.png,NHSCAD2366,NHS,0,iccad2
NHSCAD2506.png,NHSCAD2506,NHS,1,iccad2
NHSCAD22315.png,NHSCAD22315,NHS,1,iccad2
NHSCAD21086.png,NHSCAD21086,NHS,3,iccad2
NHSCAD23543.png,NHSCAD23543,NHS,2,iccad2
NHSCAD24469.png,NHSCAD24469,NHS,1,iccad2
NHSCAD2497.png,NHSCAD2497,NHS,0,iccad2
NHSCAD22786.png,NHSCAD22786,NHS,0,iccad2
NHSCAD2294.png,NHSCAD2294,NHS,2,iccad2
NHSCAD22409.png,NHSCAD22409,NHS,0,iccad2
NHSCAD23648.png,NHSCAD23648,NHS,4,iccad2
NHSCAD21456.png,NHSCAD21456,NHS,0,iccad2
NHSCAD21026.png,NHSCAD21026,NHS,0,iccad2
HSCAD232.png,HSCAD232,HS,0,iccad2
NHSCAD24275.png,NHSCAD24275,NHS,3,iccad2
NHSCAD21870.png,NHSCAD21870,NHS,1,iccad2
NHSCAD21166.png,NHSCAD21166,NHS,0,iccad2
NHSCAD23256.png,NHSCAD23256,NHS,1,iccad2
NHSCAD22873.png,NHSCAD22873,NHS,1,iccad2
NHSCAD21717.png,NHSCAD21717,NHS,0,iccad2
NHSCAD23835.png,NHSCAD23835,NHS,2,iccad2
NHSCAD24967.png,NHSCAD24967,NHS,2,iccad2
NHSCAD2893.png,NHSCAD2893,NHS,2,iccad2
NHSCAD21997.png,NHSCAD21997,NHS,3,iccad2
HSCAD284.png,HSCAD284,HS,2,iccad2
NHSCAD24912.png,NHSCAD24912,NHS,3,iccad2
NHSCAD21959.png,NHSCAD21959,NHS,0,iccad2
NHSCAD23218.png,NHSCAD23218,NHS,4,iccad2
NHSCAD23521.png,NHSCAD23521,NHS,3,iccad2
NHSCAD21208.png,NHSCAD21208,NHS,1,iccad2
NHSCAD21722.png,NHSCAD21722,NHS,0,iccad2
NHSCAD23423.png,NHSCAD23423,NHS,1,iccad2
NHSCAD24675.png,NHSCAD24675,NHS,1,iccad2
NHSCAD21783.png,NHSCAD21783,NHS,3,iccad2
HSCAD210.png,HSCAD210,HS,2,iccad2
NHSCAD23094.png,NHSCAD23094,NHS,2,iccad2
NHSCAD23374.png,NHSCAD23374,NHS,3,iccad2
NHSCAD23300.png,NHSCAD23300,NHS,3,iccad2
NHSCAD2486.png,NHSCAD2486,NHS,0,iccad2
NHSCAD23763.png,NHSCAD23763,NHS,2,iccad2
NHSCAD25225.png,NHSCAD25225,NHS,2,iccad2
NHSCAD2980.png,NHSCAD2980,NHS,3,iccad2
NHSCAD21121.png,NHSCAD21121,NHS,0,iccad2
NHSCAD22674.png,NHSCAD22674,NHS,4,iccad2
NHSCAD21205.png,NHSCAD21205,NHS,4,iccad2
NHSCAD2332.png,NHSCAD2332,NHS,4,iccad2
NHSCAD22025.png,NHSCAD22025,NHS,2,iccad2
NHSCAD2630.png,NHSCAD2630,NHS,3,iccad2
NHSCAD2731.png,NHSCAD2731,NHS,1,iccad2
NHSCAD23649.png,NHSCAD23649,NHS,3,iccad2
NHSCAD25226.png,NHSCAD25226,NHS,3,iccad2
NHSCAD2799.png,NHSCAD2799,NHS,2,iccad2
NHSCAD22337.png,NHSCAD22337,NHS,0,iccad2
NHSCAD23654.png,NHSCAD23654,NHS,2,iccad2
NHSCAD24321.png,NHSCAD24321,NHS,4,iccad2
NHSCAD22707.png,NHSCAD22707,NHS,0,iccad2
NHSCAD24914.png,NHSCAD24914,NHS,0,iccad2
NHSCAD21105.png,NHSCAD21105,NHS,2,iccad2
NHSCAD21822.png,NHSCAD21822,NHS,0,iccad2
NHSCAD25302.png,NHSCAD25302,NHS,1,iccad2
NHSCAD22955.png,NHSCAD22955,NHS,3,iccad2
NHSCAD24514.png,NHSCAD24514,NHS,1,iccad2
NHSCAD22332.png,NHSCAD22332,NHS,0,iccad2
NHSCAD2977.png,NHSCAD2977,NHS,1,iccad2
NHSCAD22850.png,NHSCAD22850,NHS,1,iccad2
NHSCAD21333.png,NHSCAD21333,NHS,0,iccad2
NHSCAD21760.png,NHSCAD21760,NHS,2,iccad2
NHSCAD2212.png,NHSCAD2212,NHS,2,iccad2
NHSCAD2994.png,NHSCAD2994,NHS,4,iccad2
NHSCAD21936.png,NHSCAD21936,NHS,0,iccad2
NHSCAD25153.png,NHSCAD25153,NHS,4,iccad2
NHSCAD2440.png,NHSCAD2440,NHS,0,iccad2
NHSCAD23345.png,NHSCAD23345,NHS,0,iccad2
NHSCAD23855.png,NHSCAD23855,NHS,3,iccad2
NHSCAD2924.png,NHSCAD2924,NHS,2,iccad2
NHSCAD23249.png,NHSCAD23249,NHS,3,iccad2
NHSCAD23468.png,NHSCAD23468,NHS,2,iccad2
NHSCAD2579.png,NHSCAD2579,NHS,2,iccad2
NHSCAD25190.png,NHSCAD25190,NHS,4,iccad2
NHSCAD23028.png,NHSCAD23028,NHS,0,iccad2
NHSCAD21697.png,NHSCAD21697,NHS,0,iccad2
HSCAD223.png,HSCAD223,HS,0,iccad2
NHSCAD24711.png,NHSCAD24711,NHS,3,iccad2
NHSCAD25041.png,NHSCAD25041,NHS,1,iccad2
NHSCAD2529.png,NHSCAD2529,NHS,3,iccad2
NHSCAD24975.png,NHSCAD24975,NHS,1,iccad2
NHSCAD21544.png,NHSCAD21544,NHS,3,iccad2
NHSCAD2329.png,NHSCAD2329,NHS,1,iccad2
NHSCAD22385.png,NHSCAD22385,NHS,1,iccad2
NHSCAD23670.png,NHSCAD23670,NHS,2,iccad2
NHSCAD23960.png,NHSCAD23960,NHS,2,iccad2
NHSCAD25078.png,NHSCAD25078,NHS,1,iccad2
NHSCAD22673.png,NHSCAD22673,NHS,3,iccad2
NHSCAD24836.png,NHSCAD24836,NHS,0,iccad2
NHSCAD25360.png,NHSCAD25360,NHS,3,iccad2
NHSCAD22068.png,NHSCAD22068,NHS,2,iccad2
NHSCAD22099.png,NHSCAD22099,NHS,4,iccad2
NHSCAD24728.png,NHSCAD24728,NHS,0,iccad2
NHSCAD24971.png,NHSCAD24971,NHS,2,iccad2
NHSCAD21365.png,NHSCAD21365,NHS,2,iccad2
NHSCAD24791.png,NHSCAD24791,NHS,1,iccad2
NHSCAD22714.png,NHSCAD22714,NHS,2,iccad2
NHSCAD23240.png,NHSCAD23240,NHS,4,iccad2
NHSCAD24365.png,NHSCAD24365,NHS,2,iccad2
NHSCAD21203.png,NHSCAD21203,NHS,2,iccad2
NHSCAD24336.png,NHSCAD24336,NHS,1,iccad2
NHSCAD23355.png,NHSCAD23355,NHS,2,iccad2
NHSCAD2973.png,NHSCAD2973,NHS,4,iccad2
NHSCAD22566.png,NHSCAD22566,NHS,3,iccad2
NHSCAD23866.png,NHSCAD23866,NHS,1,iccad2
NHSCAD2412.png,NHSCAD2412,NHS,4,iccad2
NHSCAD21723.png,NHSCAD21723,NHS,2,iccad2
NHSCAD23872.png,NHSCAD23872,NHS,0,iccad2
NHSCAD24632.png,NHSCAD24632,NHS,4,iccad2
NHSCAD24342.png,NHSCAD24342,NHS,2,iccad2
NHSCAD23553.png,NHSCAD23553,NHS,3,iccad2
NHSCAD24427.png,NHSCAD24427,NHS,1,iccad2
NHSCAD2465.png,NHSCAD2465,NHS,2,iccad2
NHSCAD22347.png,NHSCAD22347,NHS,0,iccad2
NHSCAD24804.png,NHSCAD24804,NHS,0,iccad2
NHSCAD23379.png,NHSCAD23379,NHS,3,iccad2
NHSCAD23046.png,NHSCAD23046,NHS,0,iccad2
NHSCAD25063.png,NHSCAD25063,NHS,0,iccad2
NHSCAD24148.png,NHSCAD24148,NHS,4,iccad2
NHSCAD25097.png,NHSCAD25097,NHS,2,iccad2
NHSCAD21638.png,NHSCAD21638,NHS,0,iccad2
NHSCAD2769.png,NHSCAD2769,NHS,4,iccad2
NHSCAD23829.png,NHSCAD23829,NHS,0,iccad2
NHSCAD21389.png,NHSCAD21389,NHS,1,iccad2
NHSCAD21299.png,NHSCAD21299,NHS,1,iccad2
NHSCAD24710.png,NHSCAD24710,NHS,2,iccad2
NHSCAD2264.png,NHSCAD2264,NHS,3,iccad2
NHSCAD23864.png,NHSCAD23864,NHS,3,iccad2
HSCAD286.png,HSCAD286,HS,4,iccad2
NHSCAD23852.png,NHSCAD23852,NHS,1,iccad2
HSCAD285.png,HSCAD285,HS,3,iccad2
NHSCAD24337.png,NHSCAD24337,NHS,2,iccad2
NHSCAD25105.png,NHSCAD25105,NHS,1,iccad2
NHSCAD21632.png,NHSCAD21632,NHS,2,iccad2
NHSCAD22815.png,NHSCAD22815,NHS,1,iccad2
NHSCAD23885.png,NHSCAD23885,NHS,2,iccad2
NHSCAD25177.png,NHSCAD25177,NHS,0,iccad2
NHSCAD22732.png,NHSCAD22732,NHS,2,iccad2
NHSCAD2210.png,NHSCAD2210,NHS,0,iccad2
NHSCAD21603.png,NHSCAD21603,NHS,4,iccad2
NHSCAD24165.png,NHSCAD24165,NHS,3,iccad2
NHSCAD23310.png,NHSCAD23310,NHS,4,iccad2
NHSCAD21860.png,NHSCAD21860,NHS,1,iccad2
NHSCAD23711.png,NHSCAD23711,NHS,4,iccad2
NHSCAD23190.png,NHSCAD23190,NHS,4,iccad2
NHSCAD24168.png,NHSCAD24168,NHS,0,iccad2
NHSCAD25187.png,NHSCAD25187,NHS,0,iccad2
NHSCAD25311.png,NHSCAD25311,NHS,1,iccad2
NHSCAD24685.png,NHSCAD24685,NHS,3,iccad2
NHSCAD23896.png,NHSCAD23896,NHS,3,iccad2
NHSCAD22179.png,NHSCAD22179,NHS,1,iccad2
NHSCAD24322.png,NHSCAD24322,NHS,1,iccad2
NHSCAD2872.png,NHSCAD2872,NHS,1,iccad2
NHSCAD22596.png,NHSCAD22596,NHS,4,iccad2
NHSCAD23296.png,NHSCAD23296,NHS,3,iccad2
NHSCAD21519.png,NHSCAD21519,NHS,3,iccad2
NHSCAD22032.png,NHSCAD22032,NHS,3,iccad2
NHSCAD21272.png,NHSCAD21272,NHS,0,iccad2
NHSCAD23382.png,NHSCAD23382,NHS,2,iccad2
NHSCAD22693.png,NHSCAD22693,NHS,0,iccad2
NHSCAD21672.png,NHSCAD21672,NHS,1,iccad2
NHSCAD23703.png,NHSCAD23703,NHS,3,iccad2
NHSCAD21882.png,NHSCAD21882,NHS,3,iccad2
NHSCAD23765.png,NHSCAD23765,NHS,1,iccad2
NHSCAD22518.png,NHSCAD22518,NHS,0,iccad2
NHSCAD24762.png,NHSCAD24762,NHS,3,iccad2
NHSCAD2392.png,NHSCAD2392,NHS,1,iccad2
NHSCAD21989.png,NHSCAD21989,NHS,3,iccad2
NHSCAD2620.png,NHSCAD2620,NHS,3,iccad2
NHSCAD21765.png,NHSCAD21765,NHS,0,iccad2
NHSCAD2371.png,NHSCAD2371,NHS,2,iccad2
NHSCAD21320.png,NHSCAD21320,NHS,2,iccad2
NHSCAD21269.png,NHSCAD21269,NHS,3,iccad2
NHSCAD23862.png,NHSCAD23862,NHS,2,iccad2
NHSCAD24256.png,NHSCAD24256,NHS,1,iccad2
NHSCAD22469.png,NHSCAD22469,NHS,3,iccad2
HSCAD2128.png,HSCAD2128,HS,2,iccad2
NHSCAD25003.png,NHSCAD25003,NHS,2,iccad2
NHSCAD22379.png,NHSCAD22379,NHS,0,iccad2
NHSCAD25099.png,NHSCAD25099,NHS,4,iccad2
NHSCAD25369.png,NHSCAD25369,NHS,2,iccad2
NHSCAD22701.png,NHSCAD22701,NHS,4,iccad2
NHSCAD23302.png,NHSCAD23302,NHS,0,iccad2
NHSCAD24348.png,NHSCAD24348,NHS,3,iccad2
NHSCAD25004.png,NHSCAD25004,NHS,0,iccad2
NHSCAD2753.png,NHSCAD2753,NHS,3,iccad2
NHSCAD22139.png,NHSCAD22139,NHS,3,iccad2
NHSCAD23779.png,NHSCAD23779,NHS,1,iccad2
NHSCAD21212.png,NHSCAD21212,NHS,0,iccad2
NHSCAD24947.png,NHSCAD24947,NHS,0,iccad2
NHSCAD2768.png,NHSCAD2768,NHS,3,iccad2
NHSCAD24421.png,NHSCAD24421,NHS,4,iccad2
NHSCAD21957.png,NHSCAD21957,NHS,3,iccad2
NHSCAD2975.png,NHSCAD2975,NHS,3,iccad2
NHSCAD23208.png,NHSCAD23208,NHS,3,iccad2
NHSCAD22808.png,NHSCAD22808,NHS,4,iccad2
NHSCAD22953.png,NHSCAD22953,NHS,1,iccad2
NHSCAD2898.png,NHSCAD2898,NHS,3,iccad2
NHSCAD22079.png,NHSCAD22079,NHS,3,iccad2
NHSCAD23396.png,NHSCAD23396,NHS,0,iccad2
NHSCAD22242.png,NHSCAD22242,NHS,2,iccad2
NHSCAD2945.png,NHSCAD2945,NHS,3,iccad2
NHSCAD24556.png,NHSCAD24556,NHS,3,iccad2
NHSCAD24792.png,NHSCAD24792,NHS,2,iccad2
NHSCAD22270.png,NHSCAD22270,NHS,3,iccad2
NHSCAD23558.png,NHSCAD23558,NHS,3,iccad2
NHSCAD22878.png,NHSCAD22878,NHS,1,iccad2
NHSCAD25053.png,NHSCAD25053,NHS,2,iccad2
NHSCAD2365.png,NHSCAD2365,NHS,0,iccad2
NHSCAD22197.png,NHSCAD22197,NHS,0,iccad2
NHSCAD23496.png,NHSCAD23496,NHS,0,iccad2
NHSCAD23544.png,NHSCAD23544,NHS,3,iccad2
NHSCAD23078.png,NHSCAD23078,NHS,4,iccad2
NHSCAD22912.png,NHSCAD22912,NHS,2,iccad2
NHSCAD25200.png,NHSCAD25200,NHS,0,iccad2
NHSCAD25074.png,NHSCAD25074,NHS,2,iccad2
NHSCAD22184.png,NHSCAD22184,NHS,2,iccad2
NHSCAD22272.png,NHSCAD22272,NHS,0,iccad2
NHSCAD24163.png,NHSCAD24163,NHS,0,iccad2
NHSCAD22190.png,NHSCAD22190,NHS,3,iccad2
NHSCAD22597.png,NHSCAD22597,NHS,0,iccad2
NHSCAD23485.png,NHSCAD23485,NHS,3,iccad2
NHSCAD23227.png,NHSCAD23227,NHS,4,iccad2
HSCAD222.png,HSCAD222,HS,4,iccad2
NHSCAD24776.png,NHSCAD24776,NHS,3,iccad2
NHSCAD24843.png,NHSCAD24843,NHS,3,iccad2
NHSCAD21090.png,NHSCAD21090,NHS,4,iccad2
NHSCAD22870.png,NHSCAD22870,NHS,4,iccad2
NHSCAD24240.png,NHSCAD24240,NHS,2,iccad2
NHSCAD2835.png,NHSCAD2835,NHS,4,iccad2
NHSCAD25079.png,NHSCAD25079,NHS,3,iccad2
NHSCAD25064.png,NHSCAD25064,NHS,1,iccad2
NHSCAD22983.png,NHSCAD22983,NHS,3,iccad2
NHSCAD21956.png,NHSCAD21956,NHS,2,iccad2
NHSCAD22621.png,NHSCAD22621,NHS,3,iccad2
NHSCAD25180.png,NHSCAD25180,NHS,4,iccad2
NHSCAD2984.png,NHSCAD2984,NHS,2,iccad2
NHSCAD24376.png,NHSCAD24376,NHS,4,iccad2
NHSCAD21605.png,NHSCAD21605,NHS,3,iccad2
NHSCAD25361.png,NHSCAD25361,NHS,4,iccad2
NHSCAD22038.png,NHSCAD22038,NHS,0,iccad2
NHSCAD2204.png,NHSCAD2204,NHS,4,iccad2
HSCAD249.png,HSCAD249,HS,3,iccad2
NHSCAD24619.png,NHSCAD24619,NHS,4,iccad2
NHSCAD22024.png,NHSCAD22024,NHS,1,iccad2
NHSCAD23636.png,NHSCAD23636,NHS,0,iccad2
NHSCAD21280.png,NHSCAD21280,NHS,2,iccad2
NHSCAD32994.png,NHSCAD32994,NHS,2,iccad3
NHSCAD31913.png,NHSCAD31913,NHS,4,iccad3
NHSCAD32590.png,NHSCAD32590,NHS,4,iccad3
HSCAD3174.png,HSCAD3174,HS,4,iccad3
NHSCAD35091.png,NHSCAD35091,NHS,1,iccad3
NHSCAD3993.png,NHSCAD3993,NHS,0,iccad3
NHSCAD34984.png,NHSCAD34984,NHS,3,iccad3
NHSCAD31241.png,NHSCAD31241,NHS,1,iccad3
NHSCAD35097.png,NHSCAD35097,NHS,0,iccad3
NHSCAD35261.png,NHSCAD35261,NHS,2,iccad3
NHSCAD33596.png,NHSCAD33596,NHS,4,iccad3
NHSCAD31126.png,NHSCAD31126,NHS,0,iccad3
HSCAD3615.png,HSCAD3615,HS,4,iccad3
NHSCAD34392.png,NHSCAD34392,NHS,1,iccad3
NHSCAD31964.png,NHSCAD31964,NHS,1,iccad3
NHSCAD35173.png,NHSCAD35173,NHS,3,iccad3
NHSCAD32521.png,NHSCAD32521,NHS,0,iccad3
NHSCAD32605.png,NHSCAD32605,NHS,4,iccad3
NHSCAD32404.png,NHSCAD32404,NHS,3,iccad3
HSCAD3379.png,HSCAD3379,HS,0,iccad3
NHSCAD34171.png,NHSCAD34171,NHS,1,iccad3
NHSCAD31274.png,NHSCAD31274,NHS,3,iccad3
HSCAD3658.png,HSCAD3658,HS,2,iccad3
NHSCAD34320.png,NHSCAD34320,NHS,4,iccad3
NHSCAD33711.png,NHSCAD33711,NHS,0,iccad3
HSCAD3792.png,HSCAD3792,HS,0,iccad3
NHSCAD32074.png,NHSCAD32074,NHS,3,iccad3
NHSCAD31681.png,NHSCAD31681,NHS,1,iccad3
NHSCAD34150.png,NHSCAD34150,NHS,4,iccad3
HSCAD3258.png,HSCAD3258,HS,1,iccad3
NHSCAD34093.png,NHSCAD34093,NHS,2,iccad3
NHSCAD34856.png,NHSCAD34856,NHS,0,iccad3
HSCAD3273.png,HSCAD3273,HS,3,iccad3
NHSCAD35499.png,NHSCAD35499,NHS,4,iccad3
NHSCAD32654.png,NHSCAD32654,NHS,3,iccad3
NHSCAD3969.png,NHSCAD3969,NHS,2,iccad3
NHSCAD31564.png,NHSCAD31564,NHS,4,iccad3
NHSCAD33645.png,NHSCAD33645,NHS,3,iccad3
NHSCAD31127.png,NHSCAD31127,NHS,2,iccad3
NHSCAD35258.png,NHSCAD35258,NHS,2,iccad3
NHSCAD34301.png,NHSCAD34301,NHS,0,iccad3
NHSCAD31184.png,NHSCAD31184,NHS,1,iccad3
HSCAD3747.png,HSCAD3747,HS,0,iccad3
NHSCAD34791.png,NHSCAD34791,NHS,4,iccad3
NHSCAD32830.png,NHSCAD32830,NHS,4,iccad3
NHSCAD31735.png,NHSCAD31735,NHS,4,iccad3
NHSCAD34560.png,NHSCAD34560,NHS,4,iccad3
NHSCAD31364.png,NHSCAD31364,NHS,3,iccad3
HSCAD3124.png,HSCAD3124,HS,3,iccad3
HSCAD3203.png,HSCAD3203,HS,1,iccad3
NHSCAD35417.png,NHSCAD35417,NHS,2,iccad3
NHSCAD31923.png,NHSCAD31923,NHS,4,iccad3
NHSCAD34542.png,NHSCAD34542,NHS,2,iccad3
NHSCAD34105.png,NHSCAD34105,NHS,4,iccad3
HSCAD393.png,HSCAD393,HS,0,iccad3
NHSCAD33528.png,NHSCAD33528,NHS,2,iccad3
NHSCAD34601.png,NHSCAD34601,NHS,1,iccad3
NHSCAD33808.png,NHSCAD33808,NHS,4,iccad3
HSCAD3376.png,HSCAD3376,HS,1,iccad3
NHSCAD3951.png,NHSCAD3951,NHS,3,iccad3
NHSCAD32518.png,NHSCAD32518,NHS,2,iccad3
NHSCAD32111.png,NHSCAD32111,NHS,0,iccad3
NHSCAD34783.png,NHSCAD34783,NHS,4,iccad3
NHSCAD31066.png,NHSCAD31066,NHS,1,iccad3
NHSCAD31871.png,NHSCAD31871,NHS,2,iccad3
NHSCAD31541.png,NHSCAD31541,NHS,0,iccad3
NHSCAD31248.png,NHSCAD31248,NHS,3,iccad3
NHSCAD33407.png,NHSCAD33407,NHS,2,iccad3
NHSCAD32051.png,NHSCAD32051,NHS,0,iccad3
NHSCAD31246.png,NHSCAD31246,NHS,1,iccad3
HSCAD3859.png,HSCAD3859,HS,3,iccad3
NHSCAD32176.png,NHSCAD32176,NHS,0,iccad3
NHSCAD33214.png,NHSCAD33214,NHS,2,iccad3
NHSCAD33738.png,NHSCAD33738,NHS,2,iccad3
NHSCAD35385.png,NHSCAD35385,NHS,4,iccad3
NHSCAD31816.png,NHSCAD31816,NHS,3,iccad3
NHSCAD32870.png,NHSCAD32870,NHS,3,iccad3
NHSCAD31146.png,NHSCAD31146,NHS,4,iccad3
NHSCAD35229.png,NHSCAD35229,NHS,1,iccad3
NHSCAD33802.png,NHSCAD33802,NHS,4,iccad3
NHSCAD35259.png,NHSCAD35259,NHS,3,iccad3
NHSCAD34613.png,NHSCAD34613,NHS,2,iccad3
NHSCAD31881.png,NHSCAD31881,NHS,0,iccad3
NHSCAD35157.png,NHSCAD35157,NHS,1,iccad3
NHSCAD35365.png,NHSCAD35365,NHS,3,iccad3
NHSCAD34358.png,NHSCAD34358,NHS,2,iccad3
NHSCAD33395.png,NHSCAD33395,NHS,3,iccad3
NHSCAD33694.png,NHSCAD33694,NHS,3,iccad3
HSCAD374.png,HSCAD374,HS,2,iccad3
NHSCAD33414.png,NHSCAD33414,NHS,3,iccad3
NHSCAD33936.png,NHSCAD33936,NHS,0,iccad3
HSCAD3430.png,HSCAD3430,HS,4,iccad3
NHSCAD31648.png,NHSCAD31648,NHS,1,iccad3
NHSCAD32607.png,NHSCAD32607,NHS,2,iccad3
NHSCAD35535.png,NHSCAD35535,NHS,4,iccad3
NHSCAD34885.png,NHSCAD34885,NHS,4,iccad3
NHSCAD34001.png,NHSCAD34001,NHS,1,iccad3
NHSCAD34155.png,NHSCAD34155,NHS,4,iccad3
NHSCAD33402.png,NHSCAD33402,NHS,2,iccad3
NHSCAD33882.png,NHSCAD33882,NHS,1,iccad3
NHSCAD32840.png,NHSCAD32840,NHS,4,iccad3
NHSCAD32999.png,NHSCAD32999,NHS,2,iccad3
NHSCAD33988.png,NHSCAD33988,NHS,2,iccad3
NHSCAD34905.png,NHSCAD34905,NHS,3,iccad3
HSCAD3788.png,HSCAD3788,HS,0,iccad3
NHSCAD35070.png,NHSCAD35070,NHS,4,iccad3
NHSCAD34329.png,NHSCAD34329,NHS,2,iccad3
NHSCAD31378.png,NHSCAD31378,NHS,4,iccad3
NHSCAD31123.png,NHSCAD31123,NHS,1,iccad3
NHSCAD34360.png,NHSCAD34360,NHS,4,iccad3
NHSCAD32432.png,NHSCAD32432,NHS,2,iccad3
NHSCAD34547.png,NHSCAD34547,NHS,2,iccad3
NHSCAD33668.png,NHSCAD33668,NHS,2,iccad3
NHSCAD35129.png,NHSCAD35129,NHS,3,iccad3
NHSCAD31953.png,NHSCAD31953,NHS,1,iccad3
HSCAD3816.png,HSCAD3816,HS,1,iccad3
HSCAD3464.png,HSCAD3464,HS,2,iccad3
NHSCAD31071.png,NHSCAD31071,NHS,0,iccad3
NHSCAD35101.png,NHSCAD35101,NHS,0,iccad3
NHSCAD32653.png,NHSCAD32653,NHS,2,iccad3
NHSCAD33759.png,NHSCAD33759,NHS,3,iccad3
NHSCAD34071.png,NHSCAD34071,NHS,0,iccad3
NHSCAD32186.png,NHSCAD32186,NHS,3,iccad3
NHSCAD33417.png,NHSCAD33417,NHS,0,iccad3
NHSCAD32169.png,NHSCAD32169,NHS,1,iccad3
NHSCAD33247.png,NHSCAD33247,NHS,2,iccad3
NHSCAD33419.png,NHSCAD33419,NHS,1,iccad3
NHSCAD35047.png,NHSCAD35047,NHS,0,iccad3
NHSCAD34503.png,NHSCAD34503,NHS,3,iccad3
NHSCAD35179.png,NHSCAD35179,NHS,4,iccad3
NHSCAD34069.png,NHSCAD34069,NHS,3,iccad3
NHSCAD33559.png,NHSCAD33559,NHS,2,iccad3
NHSCAD31195.png,NHSCAD31195,NHS,2,iccad3
NHSCAD35480.png,NHSCAD35480,NHS,1,iccad3
HSCAD3581.png,HSCAD3581,HS,0,iccad3
HSCAD3137.png,HSCAD3137,HS,4,iccad3
NHSCAD33549.png,NHSCAD33549,NHS,3,iccad3
NHSCAD35474.png,NHSCAD35474,NHS,1,iccad3
NHSCAD34245.png,NHSCAD34245,NHS,3,iccad3
NHSCAD35378.png,NHSCAD35378,NHS,2,iccad3
NHSCAD33355.png,NHSCAD33355,NHS,4,iccad3
NHSCAD33920.png,NHSCAD33920,NHS,3,iccad3
NHSCAD34226.png,NHSCAD34226,NHS,0,iccad3
NHSCAD32698.png,NHSCAD32698,NHS,2,iccad3
NHSCAD32385.png,NHSCAD32385,NHS,2,iccad3
HSCAD334.png,HSCAD334,HS,1,iccad3
HSCAD3182.png,HSCAD3182,HS,3,iccad3
NHSCAD32128.png,NHSCAD32128,NHS,4,iccad3
NHSCAD34125.png,NHSCAD34125,NHS,4,iccad3
NHSCAD31988.png,NHSCAD31988,NHS,4,iccad3
NHSCAD31639.png,NHSCAD31639,NHS,2,iccad3
NHSCAD34294.png,NHSCAD34294,NHS,3,iccad3
NHSCAD31229.png,NHSCAD31229,NHS,3,iccad3
NHSCAD34357.png,NHSCAD34357,NHS,1,iccad3
NHSCAD31873.png,NHSCAD31873,NHS,0,iccad3
NHSCAD35135.png,NHSCAD35135,NHS,3,iccad3
NHSCAD31527.png,NHSCAD31527,NHS,1,iccad3
NHSCAD33314.png,NHSCAD33314,NHS,3,iccad3
NHSCAD31666.png,NHSCAD31666,NHS,1,iccad3
HSCAD35.png,HSCAD35,HS,0,iccad3
NHSCAD35439.png,NHSCAD35439,NHS,2,iccad3
NHSCAD33376.png,NHSCAD33376,NHS,1,iccad3
NHSCAD33542.png,NHSCAD33542,NHS,1,iccad3
NHSCAD35487.png,NHSCAD35487,NHS,2,iccad3
NHSCAD31556.png,NHSCAD31556,NHS,0,iccad3
NHSCAD32813.png,NHSCAD32813,NHS,1,iccad3
NHSCAD34502.png,NHSCAD34502,NHS,2,iccad3
NHSCAD31152.png,NHSCAD31152,NHS,2,iccad3
NHSCAD33129.png,NHSCAD33129,NHS,2,iccad3
HSCAD3387.png,HSCAD3387,HS,3,iccad3
NHSCAD34981.png,NHSCAD34981,NHS,0,iccad3
NHSCAD32657.png,NHSCAD32657,NHS,0,iccad3
NHSCAD32997.png,NHSCAD32997,NHS,3,iccad3
NHSCAD33939.png,NHSCAD33939,NHS,3,iccad3
HSCAD3676.png,HSCAD3676,HS,1,iccad3
NHSCAD32130.png,NHSCAD32130,NHS,2,iccad3
NHSCAD31987.png,NHSCAD31987,NHS,2,iccad3
NHSCAD32530.png,NHSCAD32530,NHS,4,iccad3
HSCAD369.png,HSCAD369,HS,2,iccad3
NHSCAD33392.png,NHSCAD33392,NHS,4,iccad3
NHSCAD35527.png,NHSCAD35527,NHS,1,iccad3
NHSCAD32727.png,NHSCAD32727,NHS,2,iccad3
HSCAD3418.png,HSCAD3418,HS,0,iccad3
NHSCAD31619.png,NHSCAD31619,NHS,3,iccad3
NHSCAD33707.png,NHSCAD33707,NHS,2,iccad3
NHSCAD32947.png,NHSCAD32947,NHS,0,iccad3
NHSCAD31247.png,NHSCAD31247,NHS,2,iccad3
NHSCAD31465.png,NHSCAD31465,NHS,3,iccad3
HSCAD3654.png,HSCAD3654,HS,2,iccad3
NHSCAD31539.png,NHSCAD31539,NHS,1,iccad3
NHSCAD34241.png,NHSCAD34241,NHS,0,iccad3
NHSCAD35411.png,NHSCAD35411,NHS,1,iccad3
NHSCAD35108.png,NHSCAD35108,NHS,2,iccad3
HSCAD3410.png,HSCAD3410,HS,2,iccad3
NHSCAD34919.png,NHSCAD34919,NHS,3,iccad3
NHSCAD35481.png,NHSCAD35481,NHS,0,iccad3
HSCAD3162.png,HSCAD3162,HS,3,iccad3
NHSCAD32512.png,NHSCAD32512,NHS,1,iccad3
NHSCAD35343.png,NHSCAD35343,NHS,2,iccad3
NHSCAD32018.png,NHSCAD32018,NHS,1,iccad3
NHSCAD34782.png,NHSCAD34782,NHS,1,iccad3
NHSCAD33732.png,NHSCAD33732,NHS,0,iccad3
NHSCAD33206.png,NHSCAD33206,NHS,0,iccad3
HSCAD3462.png,HSCAD3462,HS,1,iccad3
NHSCAD32906.png,NHSCAD32906,NHS,0,iccad3
NHSCAD34016.png,NHSCAD34016,NHS,3,iccad3
NHSCAD33682.png,NHSCAD33682,NHS,0,iccad3
HSCAD385.png,HSCAD385,HS,4,iccad3
NHSCAD31736.png,NHSCAD31736,NHS,0,iccad3
HSCAD3670.png,HSCAD3670,HS,0,iccad3
NHSCAD33790.png,NHSCAD33790,NHS,3,iccad3
NHSCAD35017.png,NHSCAD35017,NHS,1,iccad3
NHSCAD34932.png,NHSCAD34932,NHS,2,iccad3
HSCAD3421.png,HSCAD3421,HS,4,iccad3
NHSCAD31224.png,NHSCAD31224,NHS,3,iccad3
NHSCAD32118.png,NHSCAD32118,NHS,4,iccad3
NHSCAD33519.png,NHSCAD33519,NHS,2,iccad3
NHSCAD33696.png,NHSCAD33696,NHS,0,iccad3
NHSCAD35134.png,NHSCAD35134,NHS,2,iccad3
NHSCAD34665.png,NHSCAD34665,NHS,2,iccad3
NHSCAD32454.png,NHSCAD32454,NHS,3,iccad3
NHSCAD31937.png,NHSCAD31937,NHS,2,iccad3
HSCAD321.png,HSCAD321,HS,4,iccad3
NHSCAD32742.png,NHSCAD32742,NHS,1,iccad3
NHSCAD33631.png,NHSCAD33631,NHS,2,iccad3
NHSCAD33049.png,NHSCAD33049,NHS,2,iccad3
NHSCAD32812.png,NHSCAD32812,NHS,0,iccad3
NHSCAD32547.png,NHSCAD32547,NHS,3,iccad3
HSCAD3863.png,HSCAD3863,HS,4,iccad3
NHSCAD34242.png,NHSCAD34242,NHS,1,iccad3
NHSCAD32357.png,NHSCAD32357,NHS,3,iccad3
NHSCAD34108.png,NHSCAD34108,NHS,1,iccad3
NHSCAD34406.png,NHSCAD34406,NHS,0,iccad3
NHSCAD32752.png,NHSCAD32752,NHS,2,iccad3
HSCAD3779.png,HSCAD3779,HS,0,iccad3
NHSCAD32620.png,NHSCAD32620,NHS,3,iccad3
NHSCAD32185.png,NHSCAD32185,NHS,4,iccad3
NHSCAD31288.png,NHSCAD31288,NHS,2,iccad3
NHSCAD34756.png,NHSCAD34756,NHS,0,iccad3
HSCAD3206.png,HSCAD3206,HS,2,iccad3
NHSCAD34133.png,NHSCAD34133,NHS,2,iccad3
NHSCAD31463.png,NHSCAD31463,NHS,2,iccad3
HSCAD3448.png,HSCAD3448,HS,3,iccad3
NHSCAD35347.png,NHSCAD35347,NHS,0,iccad3
NHSCAD33042.png,NHSCAD33042,NHS,0,iccad3
NHSCAD31058.png,NHSCAD31058,NHS,2,iccad3
NHSCAD31624.png,NHSCAD31624,NHS,2,iccad3
HSCAD3810.png,HSCAD3810,HS,0,iccad3
NHSCAD32376.png,NHSCAD32376,NHS,0,iccad3
HSCAD3814.png,HSCAD3814,HS,2,iccad3
NHSCAD35290.png,NHSCAD35290,NHS,3,iccad3
NHSCAD3958.png,NHSCAD3958,NHS,2,iccad3
NHSCAD31045.png,NHSCAD31045,NHS,3,iccad3
NHSCAD34259.png,NHSCAD34259,NHS,3,iccad3
NHSCAD33634.png,NHSCAD33634,NHS,1,iccad3
NHSCAD34491.png,NHSCAD34491,NHS,2,iccad3
NHSCAD31895.png,NHSCAD31895,NHS,4,iccad3
NHSCAD33485.png,NHSCAD33485,NHS,3,iccad3
NHSCAD31533.png,NHSCAD31533,NHS,0,iccad3
NHSCAD33288.png,NHSCAD33288,NHS,2,iccad3
HSCAD3201.png,HSCAD3201,HS,4,iccad3
HSCAD3460.png,HSCAD3460,HS,3,iccad3
NHSCAD35376.png,NHSCAD35376,NHS,0,iccad3
HSCAD379.png,HSCAD379,HS,1,iccad3
NHSCAD31862.png,NHSCAD31862,NHS,0,iccad3
NHSCAD33308.png,NHSCAD33308,NHS,1,iccad3
NHSCAD35429.png,NHSCAD35429,NHS,3,iccad3
NHSCAD31451.png,NHSCAD31451,NHS,2,iccad3
NHSCAD33038.png,NHSCAD33038,NHS,1,iccad3
NHSCAD33686.png,NHSCAD33686,NHS,0,iccad3
HSCAD340.png,HSCAD340,HS,0,iccad3
NHSCAD33750.png,NHSCAD33750,NHS,3,iccad3
NHSCAD32777.png,NHSCAD32777,NHS,2,iccad3
NHSCAD35226.png,NHSCAD35226,NHS,0,iccad3
NHSCAD33550.png,NHSCAD33550,NHS,4,iccad3
NHSCAD33327.png,NHSCAD33327,NHS,2,iccad3
HSCAD3803.png,HSCAD3803,HS,4,iccad3
HSCAD3714.png,HSCAD3714,HS,4,iccad3
NHSCAD33050.png,NHSCAD33050,NHS,3,iccad3
NHSCAD35071.png,NHSCAD35071,NHS,0,iccad3
NHSCAD31011.png,NHSCAD31011,NHS,0,iccad3
NHSCAD31885.png,NHSCAD31885,NHS,4,iccad3
NHSCAD35234.png,NHSCAD35234,NHS,1,iccad3
HSCAD3197.png,HSCAD3197,HS,4,iccad3
NHSCAD34146.png,NHSCAD34146,NHS,2,iccad3
NHSCAD32078.png,NHSCAD32078,NHS,1,iccad3
NHSCAD34091.png,NHSCAD34091,NHS,0,iccad3
NHSCAD35321.png,NHSCAD35321,NHS,0,iccad3
NHSCAD31284.png,NHSCAD31284,NHS,2,iccad3
NHSCAD33023.png,NHSCAD33023,NHS,3,iccad3
NHSCAD31843.png,NHSCAD31843,NHS,3,iccad3
HSCAD3628.png,HSCAD3628,HS,4,iccad3
NHSCAD32115.png,NHSCAD32115,NHS,2,iccad3
NHSCAD31003.png,NHSCAD31003,NHS,1,iccad3
NHSCAD31826.png,NHSCAD31826,NHS,3,iccad3
NHSCAD33472.png,NHSCAD33472,NHS,0,iccad3
NHSCAD33852.png,NHSCAD33852,NHS,1,iccad3
NHSCAD31259.png,NHSCAD31259,NHS,3,iccad3
NHSCAD32894.png,NHSCAD32894,NHS,3,iccad3
NHSCAD34327.png,NHSCAD34327,NHS,3,iccad3
HSCAD372.png,HSCAD372,HS,0,iccad3
HSCAD3527.png,HSCAD3527,HS,1,iccad3
NHSCAD31662.png,NHSCAD31662,NHS,0,iccad3
NHSCAD35024.png,NHSCAD35024,NHS,1,iccad3
HSCAD3453.png,HSCAD3453,HS,3,iccad3
NHSCAD33065.png,NHSCAD33065,NHS,3,iccad3
NHSCAD32457.png,NHSCAD32457,NHS,2,iccad3
NHSCAD35281.png,NHSCAD35281,NHS,0,iccad3
NHSCAD34739.png,NHSCAD34739,NHS,3,iccad3
NHSCAD31221.png,NHSCAD31221,NHS,0,iccad3
NHSCAD34442.png,NHSCAD34442,NHS,2,iccad3
NHSCAD31834.png,NHSCAD31834,NHS,1,iccad3
NHSCAD33611.png,NHSCAD33611,NHS,4,iccad3
NHSCAD32393.png,NHSCAD32393,NHS,3,iccad3
NHSCAD32791.png,NHSCAD32791,NHS,3,iccad3
NHSCAD34178.png,NHSCAD34178,NHS,3,iccad3
NHSCAD34591.png,NHSCAD34591,NHS,0,iccad3
NHSCAD32882.png,NHSCAD32882,NHS,2,iccad3
NHSCAD34052.png,NHSCAD34052,NHS,1,iccad3
NHSCAD34921.png,NHSCAD34921,NHS,2,iccad3
NHSCAD33342.png,NHSCAD33342,NHS,1,iccad3
HSCAD3492.png,HSCAD3492,HS,1,iccad3
NHSCAD33997.png,NHSCAD33997,NHS,0,iccad3
NHSCAD35152.png,NHSCAD35152,NHS,2,iccad3
NHSCAD33021.png,NHSCAD33021,NHS,0,iccad3
NHSCAD32032.png,NHSCAD32032,NHS,1,iccad3
NHSCAD3962.png,NHSCAD3962,NHS,1,iccad3
NHSCAD35312.png,NHSCAD35312,NHS,0,iccad3
NHSCAD33782.png,NHSCAD33782,NHS,1,iccad3
NHSCAD31486.png,NHSCAD31486,NHS,0,iccad3
NHSCAD31547.png,NHSCAD31547,NHS,2,iccad3
NHSCAD32774.png,NHSCAD32774,NHS,4,iccad3
HSCAD3470.png,HSCAD3470,HS,2,iccad3
NHSCAD31234.png,NHSCAD31234,NHS,4,iccad3
HSCAD3753.png,HSCAD3753,HS,1,iccad3
NHSCAD34219.png,NHSCAD34219,NHS,3,iccad3
HSCAD3720.png,HSCAD3720,HS,1,iccad3
NHSCAD34864.png,NHSCAD34864,NHS,3,iccad3
NHSCAD34810.png,NHSCAD34810,NHS,4,iccad3
NHSCAD31376.png,NHSCAD31376,NHS,2,iccad3
NHSCAD34760.png,NHSCAD34760,NHS,4,iccad3
NHSCAD32270.png,NHSCAD32270,NHS,4,iccad3
NHSCAD33778.png,NHSCAD33778,NHS,1,iccad3
NHSCAD35346.png,NHSCAD35346,NHS,1,iccad3
HSCAD3762.png,HSCAD3762,HS,2,iccad3
NHSCAD33066.png,NHSCAD33066,NHS,0,iccad3
NHSCAD32788.png,NHSCAD32788,NHS,1,iccad3
NHSCAD35115.png,NHSCAD35115,NHS,4,iccad3
NHSCAD32740.png,NHSCAD32740,NHS,4,iccad3
NHSCAD32104.png,NHSCAD32104,NHS,4,iccad3
NHSCAD34811.png,NHSCAD34811,NHS,0,iccad3
NHSCAD34945.png,NHSCAD34945,NHS,4,iccad3
NHSCAD32417.png,NHSCAD32417,NHS,1,iccad3
HSCAD3793.png,HSCAD3793,HS,3,iccad3
NHSCAD33793.png,NHSCAD33793,NHS,3,iccad3
NHSCAD32958.png,NHSCAD32958,NHS,3,iccad3
NHSCAD34203.png,NHSCAD34203,NHS,3,iccad3
HSCAD3674.png,HSCAD3674,HS,4,iccad3
HSCAD3831.png,HSCAD3831,HS,4,iccad3
HSCAD3510.png,HSCAD3510,HS,4,iccad3
NHSCAD32281.png,NHSCAD32281,NHS,0,iccad3
NHSCAD33373.png,NHSCAD33373,NHS,3,iccad3
NHSCAD35507.png,NHSCAD35507,NHS,2,iccad3
NHSCAD34723.png,NHSCAD34723,NHS,1,iccad3
NHSCAD33101.png,NHSCAD33101,NHS,3,iccad3
NHSCAD31718.png,NHSCAD31718,NHS,1,iccad3
NHSCAD31950.png,NHSCAD31950,NHS,3,iccad3
NHSCAD32262.png,NHSCAD32262,NHS,2,iccad3
NHSCAD33125.png,NHSCAD33125,NHS,4,iccad3
NHSCAD34017.png,NHSCAD34017,NHS,0,iccad3
NHSCAD32499.png,NHSCAD32499,NHS,2,iccad3
HSCAD3887.png,HSCAD3887,HS,0,iccad3
NHSCAD31746.png,NHSCAD31746,NHS,0,iccad3
NHSCAD34361.png,NHSCAD34361,NHS,0,iccad3
NHSCAD33333.png,NHSCAD33333,NHS,2,iccad3
NHSCAD32954.png,NHSCAD32954,NHS,2,iccad3
NHSCAD31696.png,NHSCAD31696,NHS,3,iccad3
NHSCAD32652.png,NHSCAD32652,NHS,1,iccad3
NHSCAD34847.png,NHSCAD34847,NHS,1,iccad3
NHSCAD31151.png,NHSCAD31151,NHS,0,iccad3
NHSCAD31641.png,NHSCAD31641,NHS,2,iccad3
NHSCAD35180.png,NHSCAD35180,NHS,1,iccad3
NHSCAD33089.png,NHSCAD33089,NHS,2,iccad3
NHSCAD34483.png,NHSCAD34483,NHS,2,iccad3
NHSCAD33076.png,NHSCAD33076,NHS,0,iccad3
NHSCAD33212.png,NHSCAD33212,NHS,4,iccad3
NHSCAD35359.png,NHSCAD35359,NHS,2,iccad3
NHSCAD32982.png,NHSCAD32982,NHS,1,iccad3
NHSCAD31155.png,NHSCAD31155,NHS,3,iccad3
NHSCAD31784.png,NHSCAD31784,NHS,4,iccad3
HSCAD3655.png,HSCAD3655,HS,3,iccad3
HSCAD3408.png,HSCAD3408,HS,4,iccad3
NHSCAD31129.png,NHSCAD31129,NHS,1,iccad3
NHSCAD32330.png,NHSCAD32330,NHS,4,iccad3
HSCAD3904.png,HSCAD3904,HS,1,iccad3
NHSCAD32211.png,NHSCAD32211,NHS,1,iccad3
NHSCAD34537.png,NHSCAD34537,NHS,2,iccad3
NHSCAD34195.png,NHSCAD34195,NHS,3,iccad3
NHSCAD31087.png,NHSCAD31087,NHS,1,iccad3
HSCAD3786.png,HSCAD3786,HS,3,iccad3
NHSCAD33584.png,NHSCAD33584,NHS,1,iccad3
NHSCAD33354.png,NHSCAD33354,NHS,2,iccad3
NHSCAD31496.png,NHSCAD31496,NHS,0,iccad3
NHSCAD32651.png,NHSCAD32651,NHS,0,iccad3
NHSCAD32779.png,NHSCAD32779,NHS,3,iccad3
NHSCAD34524.png,NHSCAD34524,NHS,3,iccad3
NHSCAD32226.png,NHSCAD32226,NHS,0,iccad3
HSCAD3372.png,HSCAD3372,HS,4,iccad3
NHSCAD33380.png,NHSCAD33380,NHS,4,iccad3
NHSCAD33897.png,NHSCAD33897,NHS,0,iccad3
NHSCAD33453.png,NHSCAD33453,NHS,2,iccad3
NHSCAD3931.png,NHSCAD3931,NHS,0,iccad3
NHSCAD33541.png,NHSCAD33541,NHS,0,iccad3
NHSCAD31767.png,NHSCAD31767,NHS,4,iccad3
NHSCAD33269.png,NHSCAD33269,NHS,3,iccad3
NHSCAD33992.png,NHSCAD33992,NHS,3,iccad3
NHSCAD32594.png,NHSCAD32594,NHS,3,iccad3
HSCAD336.png,HSCAD336,HS,0,iccad3
NHSCAD34975.png,NHSCAD34975,NHS,3,iccad3
NHSCAD33589.png,NHSCAD33589,NHS,1,iccad3
NHSCAD33649.png,NHSCAD33649,NHS,1,iccad3
NHSCAD31062.png,NHSCAD31062,NHS,0,iccad3
HSCAD3281.png,HSCAD3281,HS,3,iccad3
NHSCAD32548.png,NHSCAD32548,NHS,1,iccad3
NHSCAD31689.png,NHSCAD31689,NHS,4,iccad3
NHSCAD33396.png,NHSCAD33396,NHS,1,iccad3
HSCAD3567.png,HSCAD3567,HS,0,iccad3
NHSCAD34042.png,NHSCAD34042,NHS,3,iccad3
NHSCAD35222.png,NHSCAD35222,NHS,4,iccad3
NHSCAD34415.png,NHSCAD34415,NHS,4,iccad3
NHSCAD33276.png,NHSCAD33276,NHS,0,iccad3
NHSCAD31310.png,NHSCAD31310,NHS,4,iccad3
NHSCAD35276.png,NHSCAD35276,NHS,1,iccad3
NHSCAD31979.png,NHSCAD31979,NHS,2,iccad3
NHSCAD35043.png,NHSCAD35043,NHS,4,iccad3
NHSCAD31494.png,NHSCAD31494,NHS,2,iccad3
NHSCAD31060.png,NHSCAD31060,NHS,4,iccad3
NHSCAD33340.png,NHSCAD33340,NHS,4,iccad3
NHSCAD32125.png,NHSCAD32125,NHS,2,iccad3
NHSCAD34457.png,NHSCAD34457,NHS,1,iccad3
HSCAD3806.png,HSCAD3806,HS,0,iccad3
NHSCAD34741.png,NHSCAD34741,NHS,1,iccad3
NHSCAD32379.png,NHSCAD32379,NHS,4,iccad3
NHSCAD35181.png,NHSCAD35181,NHS,0,iccad3
HSCAD3508.png,HSCAD3508,HS,0,iccad3
NHSCAD32166.png,NHSCAD32166,NHS,3,iccad3
HSCAD3415.png,HSCAD3415,HS,2,iccad3
HSCAD3648.png,HSCAD3648,HS,0,iccad3
NHSCAD34872.png,NHSCAD34872,NHS,1,iccad3
HSCAD3300.png,HSCAD3300,HS,0,iccad3
NHSCAD35100.png,NHSCAD35100,NHS,4,iccad3
NHSCAD35201.png,NHSCAD35201,NHS,2,iccad3
HSCAD3883.png,HSCAD3883,HS,1,iccad3
NHSCAD31097.png,NHSCAD31097,NHS,3,iccad3
HSCAD3856.png,HSCAD3856,HS,1,iccad3
NHSCAD32557.png,NHSCAD32557,NHS,1,iccad3
NHSCAD32370.png,NHSCAD32370,NHS,2,iccad3
NHSCAD32093.png,NHSCAD32093,NHS,3,iccad3
NHSCAD34246.png,NHSCAD34246,NHS,0,iccad3
NHSCAD32736.png,NHSCAD32736,NHS,0,iccad3
HSCAD3109.png,HSCAD3109,HS,0,iccad3
NHSCAD31919.png,NHSCAD31919,NHS,1,iccad3
NHSCAD32916.png,NHSCAD32916,NHS,0,iccad3
NHSCAD31166.png,NHSCAD31166,NHS,0,iccad3
NHSCAD34284.png,NHSCAD34284,NHS,3,iccad3
NHSCAD32239.png,NHSCAD32239,NHS,2,iccad3
NHSCAD3924.png,NHSCAD3924,NHS,4,iccad3
NHSCAD34285.png,NHSCAD34285,NHS,4,iccad3
HSCAD3906.png,HSCAD3906,HS,0,iccad3
NHSCAD32951.png,NHSCAD32951,NHS,3,iccad3
HSCAD3122.png,HSCAD3122,HS,1,iccad3
NHSCAD31608.png,NHSCAD31608,NHS,2,iccad3
NHSCAD34688.png,NHSCAD34688,NHS,2,iccad3
HSCAD3900.png,HSCAD3900,HS,1,iccad3
NHSCAD33292.png,NHSCAD33292,NHS,1,iccad3
NHSCAD33838.png,NHSCAD33838,NHS,2,iccad3
NHSCAD33467.png,NHSCAD33467,NHS,3,iccad3
NHSCAD32304.png,NHSCAD32304,NHS,3,iccad3
NHSCAD33883.png,NHSCAD33883,NHS,2,iccad3
NHSCAD32405.png,NHSCAD32405,NHS,4,iccad3
HSCAD3769.png,HSCAD3769,HS,2,iccad3
NHSCAD34659.png,NHSCAD34659,NHS,2,iccad3
NHSCAD32025.png,NHSCAD32025,NHS,3,iccad3
NHSCAD34033.png,NHSCAD34033,NHS,4,iccad3
NHSCAD31723.png,NHSCAD31723,NHS,2,iccad3
HSCAD3556.png,HSCAD3556,HS,2,iccad3
NHSCAD32426.png,NHSCAD32426,NHS,0,iccad3
NHSCAD33320.png,NHSCAD33320,NHS,4,iccad3
NHSCAD35339.png,NHSCAD35339,NHS,2,iccad3
HSCAD3313.png,HSCAD3313,HS,4,iccad3
NHSCAD34238.png,NHSCAD34238,NHS,1,iccad3
NHSCAD31623.png,NHSCAD31623,NHS,0,iccad3
NHSCAD35190.png,NHSCAD35190,NHS,4,iccad3
HSCAD3853.png,HSCAD3853,HS,2,iccad3
NHSCAD33976.png,NHSCAD33976,NHS,0,iccad3
NHSCAD33399.png,NHSCAD33399,NHS,2,iccad3
NHSCAD34461.png,NHSCAD34461,NHS,0,iccad3
NHSCAD32299.png,NHSCAD32299,NHS,3,iccad3
NHSCAD35521.png,NHSCAD35521,NHS,1,iccad3
NHSCAD32195.png,NHSCAD32195,NHS,4,iccad3
NHSCAD31022.png,NHSCAD31022,NHS,1,iccad3
NHSCAD32187.png,NHSCAD32187,NHS,0,iccad3
NHSCAD32967.png,NHSCAD32967,NHS,1,iccad3
NHSCAD33165.png,NHSCAD33165,NHS,3,iccad3
NHSCAD34183.png,NHSCAD34183,NHS,2,iccad3
NHSCAD31293.png,NHSCAD31293,NHS,4,iccad3
NHSCAD34841.png,NHSCAD34841,NHS,0,iccad3
NHSCAD31551.png,NHSCAD31551,NHS,0,iccad3
NHSCAD32273.png,NHSCAD32273,NHS,3,iccad3
NHSCAD32079.png,NHSCAD32079,NHS,3,iccad3
NHSCAD34326.png,NHSCAD34326,NHS,0,iccad3
NHSCAD31387.png,NHSCAD31387,NHS,0,iccad3
NHSCAD32598.png,NHSCAD32598,NHS,2,iccad3
NHSCAD33797.png,NHSCAD33797,NHS,0,iccad3
NHSCAD34328.png,NHSCAD34328,NHS,1,iccad3
HSCAD3518.png,HSCAD3518,HS,1,iccad3
HSCAD3741.png,HSCAD3741,HS,4,iccad3
NHSCAD31275.png,NHSCAD31275,NHS,4,iccad3
NHSCAD34472.png,NHSCAD34472,NHS,0,iccad3
NHSCAD31420.png,NHSCAD31420,NHS,4,iccad3
NHSCAD31476.png,NHSCAD31476,NHS,4,iccad3
NHSCAD31607.png,NHSCAD31607,NHS,0,iccad3
NHSCAD34390.png,NHSCAD34390,NHS,4,iccad3
NHSCAD35069.png,NHSCAD35069,NHS,2,iccad3
NHSCAD33253.png,NHSCAD33253,NHS,3,iccad3
NHSCAD34619.png,NHSCAD34619,NHS,3,iccad3
NHSCAD33350.png,NHSCAD33350,NHS,4,iccad3
NHSCAD34667.png,NHSCAD34667,NHS,0,iccad3
NHSCAD31984.png,NHSCAD31984,NHS,1,iccad3
HSCAD3316.png,HSCAD3316,HS,2,iccad3
NHSCAD31535.png,NHSCAD31535,NHS,3,iccad3
NHSCAD33575.png,NHSCAD33575,NHS,3,iccad3
NHSCAD33933.png,NHSCAD33933,NHS,2,iccad3
HSCAD3530.png,HSCAD3530,HS,0,iccad3
NHSCAD32241.png,NHSCAD32241,NHS,2,iccad3
NHSCAD35351.png,NHSCAD35351,NHS,4,iccad3
NHSCAD32588.png,NHSCAD32588,NHS,1,iccad3
NHSCAD34988.png,NHSCAD34988,NHS,2,iccad3
NHSCAD32685.png,NHSCAD32685,NHS,4,iccad3
NHSCAD33057.png,NHSCAD33057,NHS,4,iccad3
NHSCAD31428.png,NHSCAD31428,NHS,0,iccad3
NHSCAD32472.png,NHSCAD32472,NHS,1,iccad3
NHSCAD34025.png,NHSCAD34025,NHS,2,iccad3
NHSCAD32670.png,NHSCAD32670,NHS,4,iccad3
NHSCAD34349.png,NHSCAD34349,NHS,1,iccad3
NHSCAD32510.png,NHSCAD32510,NHS,3,iccad3
NHSCAD31023.png,NHSCAD31023,NHS,2,iccad3
NHSCAD31135.png,NHSCAD31135,NHS,3,iccad3
NHSCAD34531.png,NHSCAD34531,NHS,1,iccad3
NHSCAD32971.png,NHSCAD32971,NHS,0,iccad3
NHSCAD32583.png,NHSCAD32583,NHS,1,iccad3
NHSCAD3938.png,NHSCAD3938,NHS,2,iccad3
NHSCAD33386.png,NHSCAD33386,NHS,1,iccad3
NHSCAD34576.png,NHSCAD34576,NHS,0,iccad3
NHSCAD34568.png,NHSCAD34568,NHS,1,iccad3
NHSCAD34639.png,NHSCAD34639,NHS,3,iccad3
HSCAD3493.png,HSCAD3493,HS,2,iccad3
HSCAD3472.png,HSCAD3472,HS,1,iccad3
NHSCAD32265.png,NHSCAD32265,NHS,4,iccad3
NHSCAD32668.png,NHSCAD32668,NHS,1,iccad3
NHSCAD33900.png,NHSCAD33900,NHS,4,iccad3
NHSCAD31807.png,NHSCAD31807,NHS,1,iccad3
NHSCAD32758.png,NHSCAD32758,NHS,1,iccad3
NHSCAD35456.png,NHSCAD35456,NHS,3,iccad3
HSCAD3750.png,HSCAD3750,HS,3,iccad3
NHSCAD32095.png,NHSCAD32095,NHS,4,iccad3
NHSCAD35154.png,NHSCAD35154,NHS,4,iccad3
NHSCAD35328.png,NHSCAD35328,NHS,2,iccad3
NHSCAD35313.png,NHSCAD35313,NHS,2,iccad3
NHSCAD31985.png,NHSCAD31985,NHS,3,iccad3
NHSCAD35019.png,NHSCAD35019,NHS,3,iccad3
NHSCAD34855.png,NHSCAD34855,NHS,4,iccad3
HSCAD3139.png,HSCAD3139,HS,0,iccad3
NHSCAD35176.png,NHSCAD35176,NHS,0,iccad3
HSCAD3317.png,HSCAD3317,HS,3,iccad3
NHSCAD3941.png,NHSCAD3941,NHS,4,iccad3
NHSCAD34348.png,NHSCAD34348,NHS,0,iccad3
NHSCAD35420.png,NHSCAD35420,NHS,4,iccad3
NHSCAD31588.png,NHSCAD31588,NHS,1,iccad3
NHSCAD31511.png,NHSCAD31511,NHS,0,iccad3
NHSCAD34874.png,NHSCAD34874,NHS,3,iccad3
NHSCAD35363.png,NHSCAD35363,NHS,4,iccad3
NHSCAD33142.png,NHSCAD33142,NHS,1,iccad3
NHSCAD35416.png,NHSCAD35416,NHS,1,iccad3
HSCAD3134.png,HSCAD3134,HS,1,iccad3
NHSCAD31892.png,NHSCAD31892,NHS,2,iccad3
NHSCAD34719.png,NHSCAD34719,NHS,3,iccad3
NHSCAD31777.png,NHSCAD31777,NHS,1,iccad3
NHSCAD33164.png,NHSCAD33164,NHS,1,iccad3
NHSCAD35342.png,NHSCAD35342,NHS,1,iccad3
NHSCAD34253.png,NHSCAD34253,NHS,1,iccad3
NHSCAD34825.png,NHSCAD34825,NHS,4,iccad3
NHSCAD32500.png,NHSCAD32500,NHS,3,iccad3
HSCAD3198.png,HSCAD3198,HS,4,iccad3
NHSCAD35394.png,NHSCAD35394,NHS,3,iccad3
NHSCAD34762.png,NHSCAD34762,NHS,1,iccad3
HSCAD3392.png,HSCAD3392,HS,0,iccad3
NHSCAD34118.png,NHSCAD34118,NHS,0,iccad3
NHSCAD35516.png,NHSCAD35516,NHS,4,iccad3
NHSCAD35520.png,NHSCAD35520,NHS,3,iccad3
NHSCAD35441.png,NHSCAD35441,NHS,2,iccad3
HSCAD359.png,HSCAD359,HS,3,iccad3
NHSCAD32488.png,NHSCAD32488,NHS,1,iccad3
NHSCAD31317.png,NHSCAD31317,NHS,1,iccad3
NHSCAD33853.png,NHSCAD33853,NHS,2,iccad3
NHSCAD35551.png,NHSCAD35551,NHS,0,iccad3
NHSCAD34006.png,NHSCAD34006,NHS,0,iccad3
HSCAD3718.png,HSCAD3718,HS,3,iccad3
NHSCAD31389.png,NHSCAD31389,NHS,3,iccad3
NHSCAD35146.png,NHSCAD35146,NHS,4,iccad3
NHSCAD33401.png,NHSCAD33401,NHS,1,iccad3
NHSCAD34447.png,NHSCAD34447,NHS,2,iccad3
HSCAD3892.png,HSCAD3892,HS,1,iccad3
NHSCAD33527.png,NHSCAD33527,NHS,1,iccad3
NHSCAD34883.png,NHSCAD34883,NHS,2,iccad3
HSCAD3813.png,HSCAD3813,HS,4,iccad3
NHSCAD32785.png,NHSCAD32785,NHS,4,iccad3
NHSCAD35369.png,NHSCAD35369,NHS,2,iccad3
NHSCAD33095.png,NHSCAD33095,NHS,2,iccad3
NHSCAD33626.png,NHSCAD33626,NHS,2,iccad3
NHSCAD32142.png,NHSCAD32142,NHS,1,iccad3
NHSCAD33289.png,NHSCAD33289,NHS,3,iccad3
NHSCAD34427.png,NHSCAD34427,NHS,1,iccad3
NHSCAD32505.png,NHSCAD32505,NHS,2,iccad3
NHSCAD32575.png,NHSCAD32575,NHS,3,iccad3
NHSCAD31899.png,NHSCAD31899,NHS,2,iccad3
NHSCAD3959.png,NHSCAD3959,NHS,3,iccad3
HSCAD3395.png,HSCAD3395,HS,3,iccad3
NHSCAD32558.png,NHSCAD32558,NHS,2,iccad3
NHSCAD34867.png,NHSCAD34867,NHS,0,iccad3
NHSCAD33816.png,NHSCAD33816,NHS,0,iccad3
NHSCAD35547.png,NHSCAD35547,NHS,1,iccad3
NHSCAD35056.png,NHSCAD35056,NHS,0,iccad3
NHSCAD32441.png,NHSCAD32441,NHS,0,iccad3
NHSCAD31711.png,NHSCAD31711,NHS,0,iccad3
NHSCAD31891.png,NHSCAD31891,NHS,0,iccad3
NHSCAD33919.png,NHSCAD33919,NHS,1,iccad3
NHSCAD33533.png,NHSCAD33533,NHS,2,iccad3
NHSCAD34287.png,NHSCAD34287,NHS,1,iccad3
NHSCAD32903.png,NHSCAD32903,NHS,1,iccad3
NHSCAD32438.png,NHSCAD32438,NHS,2,iccad3
NHSCAD31349.png,NHSCAD31349,NHS,2,iccad3
NHSCAD32726.png,NHSCAD32726,NHS,0,iccad3
NHSCAD34573.png,NHSCAD34573,NHS,0,iccad3
NHSCAD33785.png,NHSCAD33785,NHS,3,iccad3
NHSCAD34356.png,NHSCAD34356,NHS,0,iccad3
NHSCAD33224.png,NHSCAD33224,NHS,3,iccad3
NHSCAD32660.png,NHSCAD32660,NHS,4,iccad3
HSCAD3360.png,HSCAD3360,HS,1,iccad3
HSCAD3669.png,HSCAD3669,HS,3,iccad3
HSCAD3722.png,HSCAD3722,HS,3,iccad3
NHSCAD32630.png,NHSCAD32630,NHS,4,iccad3
NHSCAD34570.png,NHSCAD34570,NHS,4,iccad3
HSCAD3196.png,HSCAD3196,HS,3,iccad3
NHSCAD34781.png,NHSCAD34781,NHS,0,iccad3
NHSCAD31239.png,NHSCAD31239,NHS,3,iccad3
NHSCAD34288.png,NHSCAD34288,NHS,2,iccad3
HSCAD3739.png,HSCAD3739,HS,1,iccad3
NHSCAD34490.png,NHSCAD34490,NHS,4,iccad3
NHSCAD31926.png,NHSCAD31926,NHS,0,iccad3
NHSCAD31008.png,NHSCAD31008,NHS,2,iccad3
NHSCAD35353.png,NHSCAD35353,NHS,1,iccad3
NHSCAD34558.png,NHSCAD34558,NHS,1,iccad3
NHSCAD31370.png,NHSCAD31370,NHS,4,iccad3
NHSCAD33500.png,NHSCAD33500,NHS,3,iccad3
NHSCAD31788.png,NHSCAD31788,NHS,2,iccad3
NHSCAD34989.png,NHSCAD34989,NHS,3,iccad3
NHSCAD34480.png,NHSCAD34480,NHS,4,iccad3
NHSCAD32985.png,NHSCAD32985,NHS,2,iccad3
NHSCAD31264.png,NHSCAD31264,NHS,3,iccad3
NHSCAD34120.png,NHSCAD34120,NHS,4,iccad3
NHSCAD35046.png,NHSCAD35046,NHS,1,iccad3
NHSCAD35469.png,NHSCAD35469,NHS,1,iccad3
NHSCAD34967.png,NHSCAD34967,NHS,2,iccad3
NHSCAD33433.png,NHSCAD33433,NHS,1,iccad3
HSCAD3886.png,HSCAD3886,HS,3,iccad3
NHSCAD34787.png,NHSCAD34787,NHS,1,iccad3
NHSCAD32425.png,NHSCAD32425,NHS,2,iccad3
NHSCAD34344.png,NHSCAD34344,NHS,2,iccad3
NHSCAD31956.png,NHSCAD31956,NHS,0,iccad3
HSCAD3468.png,HSCAD3468,HS,4,iccad3
NHSCAD32165.png,NHSCAD32165,NHS,3,iccad3
NHSCAD31682.png,NHSCAD31682,NHS,2,iccad3
NHSCAD33925.png,NHSCAD33925,NHS,4,iccad3
NHSCAD32081.png,NHSCAD32081,NHS,2,iccad3
NHSCAD31598.png,NHSCAD31598,NHS,4,iccad3
NHSCAD32625.png,NHSCAD32625,NHS,3,iccad3
NHSCAD34096.png,NHSCAD34096,NHS,0,iccad3
NHSCAD34798.png,NHSCAD34798,NHS,2,iccad3
NHSCAD34943.png,NHSCAD34943,NHS,1,iccad3
NHSCAD34729.png,NHSCAD34729,NHS,3,iccad3
NHSCAD35380.png,NHSCAD35380,NHS,3,iccad3
NHSCAD32251.png,NHSCAD32251,NHS,1,iccad3
NHSCAD32148.png,NHSCAD32148,NHS,2,iccad3
NHSCAD33574.png,NHSCAD33574,NHS,2,iccad3
NHSCAD34239.png,NHSCAD34239,NHS,2,iccad3
HSCAD3901.png,HSCAD3901,HS,2,iccad3
NHSCAD31481.png,NHSCAD31481,NHS,3,iccad3
NHSCAD33280.png,NHSCAD33280,NHS,3,iccad3
HSCAD3575.png,HSCAD3575,HS,3,iccad3
NHSCAD34002.png,NHSCAD34002,NHS,0,iccad3
NHSCAD31783.png,NHSCAD31783,NHS,2,iccad3
NHSCAD33294.png,NHSCAD33294,NHS,3,iccad3
NHSCAD33639.png,NHSCAD33639,NHS,1,iccad3
NHSCAD31464.png,NHSCAD31464,NHS,4,iccad3
NHSCAD33143.png,NHSCAD33143,NHS,3,iccad3
NHSCAD32818.png,NHSCAD32818,NHS,1,iccad3
NHSCAD35172.png,NHSCAD35172,NHS,2,iccad3
HSCAD390.png,HSCAD390,HS,0,iccad3
NHSCAD35529.png,NHSCAD35529,NHS,4,iccad3
NHSCAD35082.png,NHSCAD35082,NHS,1,iccad3
NHSCAD35142.png,NHSCAD35142,NHS,0,iccad3
NHSCAD33304.png,NHSCAD33304,NHS,2,iccad3
NHSCAD31063.png,NHSCAD31063,NHS,1,iccad3
NHSCAD31316.png,NHSCAD31316,NHS,0,iccad3
NHSCAD32609.png,NHSCAD32609,NHS,3,iccad3
NHSCAD32371.png,NHSCAD32371,NHS,0,iccad3
NHSCAD31646.png,NHSCAD31646,NHS,0,iccad3
HSCAD3311.png,HSCAD3311,HS,1,iccad3
NHSCAD35218.png,NHSCAD35218,NHS,0,iccad3
NHSCAD33983.png,NHSCAD33983,NHS,2,iccad3
HSCAD3614.png,HSCAD3614,HS,3,iccad3
NHSCAD32477.png,NHSCAD32477,NHS,1,iccad3
NHSCAD31573.png,NHSCAD31573,NHS,1,iccad3
NHSCAD35021.png,NHSCAD35021,NHS,2,iccad3
NHSCAD32061.png,NHSCAD32061,NHS,0,iccad3
NHSCAD35200.png,NHSCAD35200,NHS,3,iccad3
NHSCAD31846.png,NHSCAD31846,NHS,0,iccad3
NHSCAD33078.png,NHSCAD33078,NHS,1,iccad3
NHSCAD31578.png,NHSCAD31578,NHS,2,iccad3
HSCAD3269.png,HSCAD3269,HS,4,iccad3
NHSCAD35370.png,NHSCAD35370,NHS,3,iccad3
NHSCAD34986.png,NHSCAD34986,NHS,0,iccad3
NHSCAD31294.png,NHSCAD31294,NHS,2,iccad3
NHSCAD34434.png,NHSCAD34434,NHS,3,iccad3
NHSCAD3965.png,NHSCAD3965,NHS,4,iccad3
NHSCAD31458.png,NHSCAD31458,NHS,1,iccad3
NHSCAD33768.png,NHSCAD33768,NHS,2,iccad3
NHSCAD31292.png,NHSCAD31292,NHS,1,iccad3
NHSCAD33410.png,NHSCAD33410,NHS,3,iccad3
HSCAD3437.png,HSCAD3437,HS,0,iccad3
NHSCAD33193.png,NHSCAD33193,NHS,3,iccad3
NHSCAD32290.png,NHSCAD32290,NHS,4,iccad3
NHSCAD33215.png,NHSCAD33215,NHS,3,iccad3
NHSCAD34963.png,NHSCAD34963,NHS,0,iccad3
NHSCAD31651.png,NHSCAD31651,NHS,0,iccad3
HSCAD3283.png,HSCAD3283,HS,2,iccad3
NHSCAD34314.png,NHSCAD34314,NHS,2,iccad3
NHSCAD32714.png,NHSCAD32714,NHS,3,iccad3
NHSCAD33155.png,NHSCAD33155,NHS,4,iccad3
HSCAD3536.png,HSCAD3536,HS,1,iccad3
NHSCAD33700.png,NHSCAD33700,NHS,3,iccad3
NHSCAD32143.png,NHSCAD32143,NHS,3,iccad3
NHSCAD32323.png,NHSCAD32323,NHS,4,iccad3
HSCAD3490.png,HSCAD3490,HS,0,iccad3
HSCAD3204.png,HSCAD3204,HS,2,iccad3
NHSCAD31927.png,NHSCAD31927,NHS,3,iccad3
NHSCAD32886.png,NHSCAD32886,NHS,1,iccad3
NHSCAD32066.png,NHSCAD32066,NHS,0,iccad3
HSCAD3836.png,HSCAD3836,HS,3,iccad3
NHSCAD31397.png,NHSCAD31397,NHS,1,iccad3
NHSCAD33965.png,NHSCAD33965,NHS,4,iccad3
NHSCAD31452.png,NHSCAD31452,NHS,0,iccad3
NHSCAD33699.png,NHSCAD33699,NHS,1,iccad3
NHSCAD35130.png,NHSCAD35130,NHS,4,iccad3
NHSCAD32977.png,NHSCAD32977,NHS,1,iccad3
HSCAD3672.png,HSCAD3672,HS,2,iccad3
NHSCAD31272.png,NHSCAD31272,NHS,2,iccad3
NHSCAD31190.png,NHSCAD31190,NHS,2,iccad3
NHSCAD31879.png,NHSCAD31879,NHS,1,iccad3
NHSCAD32572.png,NHSCAD32572,NHS,1,iccad3
NHSCAD33602.png,NHSCAD33602,NHS,0,iccad3
NHSCAD32307.png,NHSCAD32307,NHS,1,iccad3
NHSCAD35163.png,NHSCAD35163,NHS,4,iccad3
NHSCAD35116.png,NHSCAD35116,NHS,2,iccad3
NHSCAD33273.png,NHSCAD33273,NHS,2,iccad3
NHSCAD32921.png,NHSCAD32921,NHS,3,iccad3
NHSCAD31751.png,NHSCAD31751,NHS,0,iccad3
NHSCAD35454.png,NHSCAD35454,NHS,3,iccad3
NHSCAD32706.png,NHSCAD32706,NHS,0,iccad3
NHSCAD32517.png,NHSCAD32517,NHS,1,iccad3
NHSCAD34740.png,NHSCAD34740,NHS,4,iccad3
NHSCAD3976.png,NHSCAD3976,NHS,3,iccad3
NHSCAD33045.png,NHSCAD33045,NHS,3,iccad3
NHSCAD32573.png,NHSCAD32573,NHS,2,iccad3
NHSCAD32470.png,NHSCAD32470,NHS,4,iccad3
NHSCAD34221.png,NHSCAD34221,NHS,0,iccad3
NHSCAD34776.png,NHSCAD34776,NHS,0,iccad3
NHSCAD33935.png,NHSCAD33935,NHS,4,iccad3
NHSCAD34187.png,NHSCAD34187,NHS,4,iccad3
NHSCAD33618.png,NHSCAD33618,NHS,1,iccad3
NHSCAD32637.png,NHSCAD32637,NHS,1,iccad3
NHSCAD32569.png,NHSCAD32569,NHS,4,iccad3
NHSCAD32691.png,NHSCAD32691,NHS,0,iccad3
NHSCAD32276.png,NHSCAD32276,NHS,0,iccad3
NHSCAD35036.png,NHSCAD35036,NHS,1,iccad3
NHSCAD32675.png,NHSCAD32675,NHS,4,iccad3
NHSCAD34283.png,NHSCAD34283,NHS,1,iccad3
NHSCAD33654.png,NHSCAD33654,NHS,1,iccad3
NHSCAD31119.png,NHSCAD31119,NHS,4,iccad3
HSCAD3513.png,HSCAD3513,HS,1,iccad3
NHSCAD31170.png,NHSCAD31170,NHS,4,iccad3
NHSCAD33013.png,NHSCAD33013,NHS,4,iccad3
HSCAD384.png,HSCAD384,HS,3,iccad3
NHSCAD32746.png,NHSCAD32746,NHS,0,iccad3
NHSCAD32249.png,NHSCAD32249,NHS,0,iccad3
NHSCAD31973.png,NHSCAD31973,NHS,4,iccad3
NHSCAD31138.png,NHSCAD31138,NHS,2,iccad3
NHSCAD35106.png,NHSCAD35106,NHS,0,iccad3
NHSCAD31750.png,NHSCAD31750,NHS,4,iccad3
NHSCAD32860.png,NHSCAD32860,NHS,4,iccad3
NHSCAD34464.png,NHSCAD34464,NHS,3,iccad3
NHSCAD35168.png,NHSCAD35168,NHS,0,iccad3
NHSCAD35340.png,NHSCAD35340,NHS,3,iccad3
NHSCAD33604.png,NHSCAD33604,NHS,2,iccad3
NHSCAD31702.png,NHSCAD31702,NHS,0,iccad3
NHSCAD34400.png,NHSCAD34400,NHS,4,iccad3
NHSCAD31544.png,NHSCAD31544,NHS,1,iccad3
HSCAD3277.png,HSCAD3277,HS,3,iccad3
NHSCAD33139.png,NHSCAD33139,NHS,2,iccad3
NHSCAD34127.png,NHSCAD34127,NHS,1,iccad3
NHSCAD35013.png,NHSCAD35013,NHS,2,iccad3
NHSCAD34942.png,NHSCAD34942,NHS,2,iccad3
NHSCAD35246.png,NHSCAD35246,NHS,3,iccad3
HSCAD3301.png,HSCAD3301,HS,1,iccad3
NHSCAD34594.png,NHSCAD34594,NHS,3,iccad3
NHSCAD34098.png,NHSCAD34098,NHS,2,iccad3
NHSCAD34611.png,NHSCAD34611,NHS,1,iccad3
NHSCAD34572.png,NHSCAD34572,NHS,3,iccad3
NHSCAD31833.png,NHSCAD31833,NHS,0,iccad3
NHSCAD31614.png,NHSCAD31614,NHS,3,iccad3
NHSCAD34237.png,NHSCAD34237,NHS,0,iccad3
NHSCAD31847.png,NHSCAD31847,NHS,2,iccad3
NHSCAD33290.png,NHSCAD33290,NHS,4,iccad3
NHSCAD31165.png,NHSCAD31165,NHS,1,iccad3
NHSCAD32403.png,NHSCAD32403,NHS,2,iccad3
HSCAD3609.png,HSCAD3609,HS,2,iccad3
NHSCAD32151.png,NHSCAD32151,NHS,2,iccad3
NHSCAD31672.png,NHSCAD31672,NHS,1,iccad3
HSCAD3356.png,HSCAD3356,HS,1,iccad3
NHSCAD32631.png,NHSCAD32631,NHS,0,iccad3
HSCAD3120.png,HSCAD3120,HS,4,iccad3
NHSCAD32030.png,NHSCAD32030,NHS,3,iccad3
NHSCAD34602.png,NHSCAD34602,NHS,3,iccad3
HSCAD3839.png,HSCAD3839,HS,2,iccad3
NHSCAD32065.png,NHSCAD32065,NHS,4,iccad3
NHSCAD35026.png,NHSCAD35026,NHS,1,iccad3
NHSCAD33325.png,NHSCAD33325,NHS,4,iccad3
NHSCAD32664.png,NHSCAD32664,NHS,3,iccad3
NHSCAD34142.png,NHSCAD34142,NHS,1,iccad3
NHSCAD33580.png,NHSCAD33580,NHS,3,iccad3
NHSCAD35004.png,NHSCAD35004,NHS,4,iccad3
NHSCAD3921.png,NHSCAD3921,NHS,1,iccad3
NHSCAD32678.png,NHSCAD32678,NHS,0,iccad3
HSCAD3274.png,HSCAD3274,HS,2,iccad3
NHSCAD33931.png,NHSCAD33931,NHS,0,iccad3
NHSCAD33627.png,NHSCAD33627,NHS,4,iccad3
NHSCAD3913.png,NHSCAD3913,NHS,0,iccad3
NHSCAD33572.png,NHSCAD33572,NHS,4,iccad3
NHSCAD34304.png,NHSCAD34304,NHS,3,iccad3
HSCAD3673.png,HSCAD3673,HS,3,iccad3
NHSCAD32811.png,NHSCAD32811,NHS,4,iccad3
HSCAD3352.png,HSCAD3352,HS,4,iccad3
NHSCAD33484.png,NHSCAD33484,NHS,1,iccad3
NHSCAD33953.png,NHSCAD33953,NHS,2,iccad3
HSCAD3434.png,HSCAD3434,HS,3,iccad3
HSCAD3330.png,HSCAD3330,HS,3,iccad3
HSCAD3798.png,HSCAD3798,HS,2,iccad3
NHSCAD34411.png,NHSCAD34411,NHS,2,iccad3
NHSCAD34889.png,NHSCAD34889,NHS,3,iccad3
NHSCAD31627.png,NHSCAD31627,NHS,2,iccad3
NHSCAD34796.png,NHSCAD34796,NHS,0,iccad3
NHSCAD31739.png,NHSCAD31739,NHS,1,iccad3
NHSCAD34045.png,NHSCAD34045,NHS,4,iccad3
NHSCAD34926.png,NHSCAD34926,NHS,0,iccad3
NHSCAD34341.png,NHSCAD34341,NHS,3,iccad3
NHSCAD34476.png,NHSCAD34476,NHS,0,iccad3
HSCAD3818.png,HSCAD3818,HS,4,iccad3
NHSCAD31890.png,NHSCAD31890,NHS,4,iccad3
NHSCAD33761.png,NHSCAD33761,NHS,1,iccad3
HSCAD386.png,HSCAD386,HS,3,iccad3
NHSCAD35156.png,NHSCAD35156,NHS,0,iccad3
NHSCAD31381.png,NHSCAD31381,NHS,0,iccad3
NHSCAD33873.png,NHSCAD33873,NHS,2,iccad3
NHSCAD31800.png,NHSCAD31800,NHS,4,iccad3
NHSCAD32442.png,NHSCAD32442,NHS,1,iccad3
NHSCAD32927.png,NHSCAD32927,NHS,0,iccad3
NHSCAD34615.png,NHSCAD34615,NHS,4,iccad3
NHSCAD31576.png,NHSCAD31576,NHS,0,iccad3
NHSCAD32364.png,NHSCAD32364,NHS,1,iccad3
NHSCAD35530.png,NHSCAD35530,NHS,2,iccad3
NHSCAD35330.png,NHSCAD35330,NHS,4,iccad3
NHSCAD3960.png,NHSCAD3960,NHS,4,iccad3
NHSCAD32724.png,NHSCAD32724,NHS,3,iccad3
NHSCAD31510.png,NHSCAD31510,NHS,4,iccad3
NHSCAD32803.png,NHSCAD32803,NHS,2,iccad3
NHSCAD32164.png,NHSCAD32164,NHS,2,iccad3
NHSCAD31813.png,NHSCAD31813,NHS,1,iccad3
NHSCAD35105.png,NHSCAD35105,NHS,4,iccad3
HSCAD3699.png,HSCAD3699,HS,2,iccad3
NHSCAD35541.png,NHSCAD35541,NHS,0,iccad3
NHSCAD35524.png,NHSCAD35524,NHS,4,iccad3
NHSCAD34429.png,NHSCAD34429,NHS,3,iccad3
NHSCAD35160.png,NHSCAD35160,NHS,4,iccad3
NHSCAD34199.png,NHSCAD34199,NHS,4,iccad3
NHSCAD3979.png,NHSCAD3979,NHS,1,iccad3
HSCAD3640.png,HSCAD3640,HS,3,iccad3
NHSCAD34419.png,NHSCAD34419,NHS,3,iccad3
NHSCAD32642.png,NHSCAD32642,NHS,1,iccad3
NHSCAD34347.png,NHSCAD34347,NHS,3,iccad3
NHSCAD31074.png,NHSCAD31074,NHS,3,iccad3
NHSCAD31031.png,NHSCAD31031,NHS,0,iccad3
NHSCAD34441.png,NHSCAD34441,NHS,1,iccad3
NHSCAD32984.png,NHSCAD32984,NHS,4,iccad3
NHSCAD31032.png,NHSCAD31032,NHS,1,iccad3
NHSCAD34663.png,NHSCAD34663,NHS,3,iccad3
NHSCAD33729.png,NHSCAD33729,NHS,3,iccad3
NHSCAD32193.png,NHSCAD32193,NHS,2,iccad3
HSCAD3489.png,HSCAD3489,HS,2,iccad3
HSCAD347.png,HSCAD347,HS,1,iccad3
HSCAD3626.png,HSCAD3626,HS,1,iccad3
NHSCAD32603.png,NHSCAD32603,NHS,0,iccad3
NHSCAD35118.png,NHSCAD35118,NHS,1,iccad3
NHSCAD33766.png,NHSCAD33766,NHS,0,iccad3
NHSCAD32134.png,NHSCAD32134,NHS,1,iccad3
NHSCAD32961.png,NHSCAD32961,NHS,0,iccad3
NHSCAD34354.png,NHSCAD34354,NHS,4,iccad3
NHSCAD34209.png,NHSCAD34209,NHS,4,iccad3
HSCAD3299.png,HSCAD3299,HS,0,iccad3
NHSCAD34888.png,NHSCAD34888,NHS,2,iccad3
NHSCAD35486.png,NHSCAD35486,NHS,0,iccad3
NHSCAD32834.png,NHSCAD32834,NHS,3,iccad3
NHSCAD35117.png,NHSCAD35117,NHS,0,iccad3
NHSCAD31766.png,NHSCAD31766,NHS,0,iccad3
NHSCAD32013.png,NHSCAD32013,NHS,3,iccad3
HSCAD3809.png,HSCAD3809,HS,4,iccad3
NHSCAD32542.png,NHSCAD32542,NHS,2,iccad3
NHSCAD33807.png,NHSCAD33807,NHS,0,iccad3
NHSCAD32223.png,NHSCAD32223,NHS,4,iccad3
NHSCAD35337.png,NHSCAD35337,NHS,1,iccad3
NHSCAD31469.png,NHSCAD31469,NHS,2,iccad3
NHSCAD32976.png,NHSCAD32976,NHS,0,iccad3
NHSCAD32545.png,NHSCAD32545,NHS,3,iccad3
NHSCAD34977.png,NHSCAD34977,NHS,2,iccad3
NHSCAD31148.png,NHSCAD31148,NHS,2,iccad3
NHSCAD31034.png,NHSCAD31034,NHS,3,iccad3
NHSCAD34296.png,NHSCAD34296,NHS,3,iccad3
NHSCAD32388.png,NHSCAD32388,NHS,3,iccad3
HSCAD3152.png,HSCAD3152,HS,4,iccad3
HSCAD3858.png,HSCAD3858,HS,4,iccad3
NHSCAD31331.png,NHSCAD31331,NHS,0,iccad3
NHSCAD34694.png,NHSCAD34694,NHS,3,iccad3
NHSCAD31010.png,NHSCAD31010,NHS,4,iccad3
NHSCAD33374.png,NHSCAD33374,NHS,4,iccad3
NHSCAD34595.png,NHSCAD34595,NHS,4,iccad3
NHSCAD32253.png,NHSCAD32253,NHS,2,iccad3
NHSCAD32352.png,NHSCAD32352,NHS,0,iccad3
NHSCAD3956.png,NHSCAD3956,NHS,1,iccad3
NHSCAD33795.png,NHSCAD33795,NHS,4,iccad3
NHSCAD33980.png,NHSCAD33980,NHS,4,iccad3
NHSCAD31516.png,NHSCAD31516,NHS,0,iccad3
NHSCAD32552.png,NHSCAD32552,NHS,0,iccad3
NHSCAD33675.png,NHSCAD33675,NHS,4,iccad3
NHSCAD33156.png,NHSCAD33156,NHS,2,iccad3
HSCAD3662.png,HSCAD3662,HS,1,iccad3
HSCAD3505.png,HSCAD3505,HS,4,iccad3
NHSCAD35192.png,NHSCAD35192,NHS,4,iccad3
NHSCAD34129.png,NHSCAD34129,NHS,3,iccad3
NHSCAD31768.png,NHSCAD31768,NHS,1,iccad3
NHSCAD31940.png,NHSCAD31940,NHS,4,iccad3
NHSCAD34047.png,NHSCAD34047,NHS,1,iccad3
NHSCAD35538.png,NHSCAD35538,NHS,2,iccad3
NHSCAD33169.png,NHSCAD33169,NHS,1,iccad3
NHSCAD31442.png,NHSCAD31442,NHS,2,iccad3
NHSCAD34362.png,NHSCAD34362,NHS,1,iccad3
HSCAD3682.png,HSCAD3682,HS,4,iccad3
HSCAD3275.png,HSCAD3275,HS,0,iccad3
NHSCAD34819.png,NHSCAD34819,NHS,3,iccad3
HSCAD3113.png,HSCAD3113,HS,1,iccad3
NHSCAD35303.png,NHSCAD35303,NHS,3,iccad3
NHSCAD3936.png,NHSCAD3936,NHS,0,iccad3
HSCAD3778.png,HSCAD3778,HS,2,iccad3
NHSCAD33513.png,NHSCAD33513,NHS,3,iccad3
NHSCAD35177.png,NHSCAD35177,NHS,2,iccad3
NHSCAD34217.png,NHSCAD34217,NHS,2,iccad3
NHSCAD3991.png,NHSCAD3991,NHS,1,iccad3
NHSCAD34511.png,NHSCAD34511,NHS,4,iccad3
NHSCAD34713.png,NHSCAD34713,NHS,1,iccad3
HSCAD3400.png,HSCAD3400,HS,2,iccad3
NHSCAD35054.png,NHSCAD35054,NHS,3,iccad3
NHSCAD33895.png,NHSCAD33895,NHS,4,iccad3
NHSCAD31591.png,NHSCAD31591,NHS,0,iccad3
NHSCAD33926.png,NHSCAD33926,NHS,0,iccad3
NHSCAD32234.png,NHSCAD32234,NHS,4,iccad3
NHSCAD34121.png,NHSCAD34121,NHS,0,iccad3
NHSCAD34551.png,NHSCAD34551,NHS,1,iccad3
NHSCAD35405.png,NHSCAD35405,NHS,4,iccad3
HSCAD361.png,HSCAD361,HS,3,iccad3
NHSCAD34000.png,NHSCAD34000,NHS,3,iccad3
NHSCAD31554.png,NHSCAD31554,NHS,4,iccad3
NHSCAD32772.png,NHSCAD32772,NHS,1,iccad3
NHSCAD33509.png,NHSCAD33509,NHS,4,iccad3
NHSCAD32829.png,NHSCAD32829,NHS,3,iccad3
NHSCAD33322.png,NHSCAD33322,NHS,3,iccad3
NHSCAD34315.png,NHSCAD34315,NHS,4,iccad3
NHSCAD31824.png,NHSCAD31824,NHS,2,iccad3
NHSCAD34672.png,NHSCAD34672,NHS,1,iccad3
NHSCAD33100.png,NHSCAD33100,NHS,4,iccad3
HSCAD3308.png,HSCAD3308,HS,3,iccad3
NHSCAD32892.png,NHSCAD32892,NHS,0,iccad3
NHSCAD35081.png,NHSCAD35081,NHS,0,iccad3
NHSCAD33430.png,NHSCAD33430,NHS,4,iccad3
NHSCAD33741.png,NHSCAD33741,NHS,0,iccad3
HSCAD3561.png,HSCAD3561,HS,3,iccad3
NHSCAD33869.png,NHSCAD33869,NHS,3,iccad3
NHSCAD31277.png,NHSCAD31277,NHS,0,iccad3
NHSCAD3925.png,NHSCAD3925,NHS,0,iccad3
NHSCAD32731.png,NHSCAD32731,NHS,2,iccad3
NHSCAD31295.png,NHSCAD31295,NHS,3,iccad3
NHSCAD31932.png,NHSCAD31932,NHS,1,iccad3
NHSCAD32832.png,NHSCAD32832,NHS,1,iccad3
NHSCAD32865.png,NHSCAD32865,NHS,3,iccad3
NHSCAD34604.png,NHSCAD34604,NHS,2,iccad3
NHSCAD33369.png,NHSCAD33369,NHS,4,iccad3
NHSCAD33460.png,NHSCAD33460,NHS,4,iccad3
NHSCAD32487.png,NHSCAD32487,NHS,0,iccad3
NHSCAD35277.png,NHSCAD35277,NHS,0,iccad3
NHSCAD34641.png,NHSCAD34641,NHS,0,iccad3
NHSCAD31230.png,NHSCAD31230,NHS,4,iccad3
NHSCAD34372.png,NHSCAD34372,NHS,3,iccad3
NHSCAD32801.png,NHSCAD32801,NHS,0,iccad3
HSCAD3268.png,HSCAD3268,HS,2,iccad3
NHSCAD33872.png,NHSCAD33872,NHS,1,iccad3
NHSCAD31104.png,NHSCAD31104,NHS,3,iccad3
NHSCAD32933.png,NHSCAD32933,NHS,4,iccad3
NHSCAD34394.png,NHSCAD34394,NHS,3,iccad3
NHSCAD33680.png,NHSCAD33680,NHS,4,iccad3
NHSCAD32152.png,NHSCAD32152,NHS,0,iccad3
NHSCAD33862.png,NHSCAD33862,NHS,1,iccad3
NHSCAD32790.png,NHSCAD32790,NHS,4,iccad3
NHSCAD35503.png,NHSCAD35503,NHS,3,iccad3
NHSCAD33027.png,NHSCAD33027,NHS,2,iccad3
NHSCAD33628.png,NHSCAD33628,NHS,0,iccad3
NHSCAD35067.png,NHSCAD35067,NHS,1,iccad3
NHSCAD33734.png,NHSCAD33734,NHS,3,iccad3
NHSCAD31982.png,NHSCAD31982,NHS,2,iccad3
NHSCAD31738.png,NHSCAD31738,NHS,3,iccad3
HSCAD3687.png,HSCAD3687,HS,3,iccad3
HSCAD3205.png,HSCAD3205,HS,3,iccad3
NHSCAD32458.png,NHSCAD32458,NHS,3,iccad3
NHSCAD33773.png,NHSCAD33773,NHS,2,iccad3
NHSCAD32669.png,NHSCAD32669,NHS,3,iccad3
HSCAD3181.png,HSCAD3181,HS,0,iccad3
HSCAD3874.png,HSCAD3874,HS,4,iccad3
NHSCAD34469.png,NHSCAD34469,NHS,2,iccad3
NHSCAD31841.png,NHSCAD31841,NHS,0,iccad3
NHSCAD32797.png,NHSCAD32797,NHS,1,iccad3
HSCAD3168.png,HSCAD3168,HS,2,iccad3
NHSCAD35383.png,NHSCAD35383,NHS,2,iccad3
NHSCAD35044.png,NHSCAD35044,NHS,0,iccad3
NHSCAD31265.png,NHSCAD31265,NHS,4,iccad3
NHSCAD32042.png,NHSCAD32042,NHS,1,iccad3
NHSCAD33056.png,NHSCAD33056,NHS,0,iccad3
NHSCAD31203.png,NHSCAD31203,NHS,4,iccad3
NHSCAD31078.png,NHSCAD31078,NHS,4,iccad3
NHSCAD34804.png,NHSCAD34804,NHS,1,iccad3
NHSCAD34970.png,NHSCAD34970,NHS,3,iccad3
NHSCAD31512.png,NHSCAD31512,NHS,4,iccad3
NHSCAD31678.png,NHSCAD31678,NHS,2,iccad3
NHSCAD31116.png,NHSCAD31116,NHS,0,iccad3
NHSCAD34235.png,NHSCAD34235,NHS,3,iccad3
NHSCAD3963.png,NHSCAD3963,NHS,2,iccad3
NHSCAD32715.png,NHSCAD32715,NHS,4,iccad3
NHSCAD32856.png,NHSCAD32856,NHS,0,iccad3
NHSCAD31033.png,NHSCAD31033,NHS,2,iccad3
NHSCAD35137.png,NHSCAD35137,NHS,0,iccad3
NHSCAD34230.png,NHSCAD34230,NHS,4,iccad3
NHSCAD33836.png,NHSCAD33836,NHS,0,iccad3
NHSCAD32725.png,NHSCAD32725,NHS,4,iccad3
NHSCAD33015.png,NHSCAD33015,NHS,2,iccad3
NHSCAD31430.png,NHSCAD31430,NHS,4,iccad3
NHSCAD34068.png,NHSCAD34068,NHS,2,iccad3
NHSCAD34839.png,NHSCAD34839,NHS,3,iccad3
NHSCAD33957.png,NHSCAD33957,NHS,1,iccad3
NHSCAD34128.png,NHSCAD34128,NHS,2,iccad3
NHSCAD31411.png,NHSCAD31411,NHS,1,iccad3
HSCAD3377.png,HSCAD3377,HS,3,iccad3
NHSCAD31005.png,NHSCAD31005,NHS,4,iccad3
NHSCAD32476.png,NHSCAD32476,NHS,0,iccad3
NHSCAD34953.png,NHSCAD34953,NHS,2,iccad3
NHSCAD34522.png,NHSCAD34522,NHS,0,iccad3
NHSCAD34173.png,NHSCAD34173,NHS,2,iccad3
NHSCAD31161.png,NHSCAD31161,NHS,2,iccad3
NHSCAD33477.png,NHSCAD33477,NHS,0,iccad3
NHSCAD34646.png,NHSCAD34646,NHS,0,iccad3
NHSCAD35158.png,NHSCAD35158,NHS,2,iccad3
NHSCAD33517.png,NHSCAD33517,NHS,3,iccad3
NHSCAD32681.png,NHSCAD32681,NHS,0,iccad3
NHSCAD31727.png,NHSCAD31727,NHS,0,iccad3
NHSCAD34037.png,NHSCAD34037,NHS,2,iccad3
HSCAD32.png,HSCAD32,HS,1,iccad3
NHSCAD35435.png,NHSCAD35435,NHS,4,iccad3
NHSCAD35307.png,NHSCAD35307,NHS,2,iccad3
NHSCAD34274.png,NHSCAD34274,NHS,3,iccad3
NHSCAD33642.png,NHSCAD33642,NHS,2,iccad3
HSCAD355.png,HSCAD355,HS,1,iccad3
NHSCAD34306.png,NHSCAD34306,NHS,3,iccad3
NHSCAD31538.png,NHSCAD31538,NHS,0,iccad3
NHSCAD31725.png,NHSCAD31725,NHS,3,iccad3
HSCAD3108.png,HSCAD3108,HS,4,iccad3
NHSCAD34364.png,NHSCAD34364,NHS,3,iccad3
NHSCAD31992.png,NHSCAD31992,NHS,0,iccad3
HSCAD3444.png,HSCAD3444,HS,3,iccad3
NHSCAD35247.png,NHSCAD35247,NHS,4,iccad3
NHSCAD31436.png,NHSCAD31436,NHS,1,iccad3
NHSCAD33984.png,NHSCAD33984,NHS,3,iccad3
NHSCAD33028.png,NHSCAD33028,NHS,1,iccad3
HSCAD3888.png,HSCAD3888,HS,2,iccad3
NHSCAD34403.png,NHSCAD34403,NHS,1,iccad3
NHSCAD32397.png,NHSCAD32397,NHS,0,iccad3
NHSCAD34204.png,NHSCAD34204,NHS,4,iccad3
NHSCAD31038.png,NHSCAD31038,NHS,2,iccad3
NHSCAD33195.png,NHSCAD33195,NHS,4,iccad3
NHSCAD3967.png,NHSCAD3967,NHS,1,iccad3
NHSCAD31691.png,NHSCAD31691,NHS,3,iccad3
NHSCAD35305.png,NHSCAD35305,NHS,4,iccad3
NHSCAD34190.png,NHSCAD34190,NHS,3,iccad3
NHSCAD34685.png,NHSCAD34685,NHS,4,iccad3
NHSCAD33388.png,NHSCAD33388,NHS,2,iccad3
HSCAD3633.png,HSCAD3633,HS,4,iccad3
NHSCAD32020.png,NHSCAD32020,NHS,4,iccad3
NHSCAD35059.png,NHSCAD35059,NHS,3,iccad3
NHSCAD33684.png,NHSCAD33684,NHS,2,iccad3
NHSCAD33471.png,NHSCAD33471,NHS,2,iccad3
NHSCAD34222.png,NHSCAD34222,NHS,1,iccad3
NHSCAD31679.png,NHSCAD31679,NHS,3,iccad3
NHSCAD34606.png,NHSCAD34606,NHS,1,iccad3
HSCAD3334.png,HSCAD3334,HS,1,iccad3
NHSCAD33427.png,NHSCAD33427,NHS,1,iccad3
NHSCAD33977.png,NHSCAD33977,NHS,1,iccad3
NHSCAD32665.png,NHSCAD32665,NHS,4,iccad3
HSCAD3576.png,HSCAD3576,HS,0,iccad3
HSCAD3692.png,HSCAD3692,HS,4,iccad3
NHSCAD32050.png,NHSCAD32050,NHS,3,iccad3
NHSCAD33892.png,NHSCAD33892,NHS,1,iccad3
NHSCAD32182.png,NHSCAD32182,NHS,1,iccad3
NHSCAD33723.png,NHSCAD33723,NHS,2,iccad3
NHSCAD33806.png,NHSCAD33806,NHS,1,iccad3
NHSCAD32523.png,NHSCAD32523,NHS,2,iccad3
HSCAD3755.png,HSCAD3755,HS,4,iccad3
NHSCAD31730.png,NHSCAD31730,NHS,4,iccad3
NHSCAD32084.png,NHSCAD32084,NHS,1,iccad3
HSCAD3189.png,HSCAD3189,HS,0,iccad3
NHSCAD33147.png,NHSCAD33147,NHS,1,iccad3
NHSCAD33412.png,NHSCAD33412,NHS,0,iccad3
NHSCAD32443.png,NHSCAD32443,NHS,2,iccad3
NHSCAD34817.png,NHSCAD34817,NHS,1,iccad3
NHSCAD32424.png,NHSCAD32424,NHS,3,iccad3
HSCAD3877.png,HSCAD3877,HS,3,iccad3
HSCAD337.png,HSCAD337,HS,1,iccad3
NHSCAD32484.png,NHSCAD32484,NHS,3,iccad3
NHSCAD33745.png,NHSCAD33745,NHS,4,iccad3
HSCAD3293.png,HSCAD3293,HS,0,iccad3
NHSCAD32023.png,NHSCAD32023,NHS,1,iccad3
NHSCAD31780.png,NHSCAD31780,NHS,3,iccad3
HSCAD3319.png,HSCAD3319,HS,4,iccad3
NHSCAD31186.png,NHSCAD31186,NHS,3,iccad3
NHSCAD31654.png,NHSCAD31654,NHS,3,iccad3
NHSCAD33284.png,NHSCAD33284,NHS,2,iccad3
NHSCAD32735.png,NHSCAD32735,NHS,4,iccad3
NHSCAD34413.png,NHSCAD34413,NHS,1,iccad3
NHSCAD31365.png,NHSCAD31365,NHS,4,iccad3
NHSCAD33571.png,NHSCAD33571,NHS,0,iccad3
NHSCAD31115.png,NHSCAD31115,NHS,3,iccad3
NHSCAD32395.png,NHSCAD32395,NHS,2,iccad3
NHSCAD33764.png,NHSCAD33764,NHS,3,iccad3
NHSCAD33501.png,NHSCAD33501,NHS,0,iccad3
NHSCAD33641.png,NHSCAD33641,NHS,0,iccad3
NHSCAD31995.png,NHSCAD31995,NHS,3,iccad3
HSCAD3407.png,HSCAD3407,HS,4,iccad3
NHSCAD35025.png,NHSCAD35025,NHS,3,iccad3
NHSCAD33585.png,NHSCAD33585,NHS,3,iccad3
NHSCAD3923.png,NHSCAD3923,NHS,3,iccad3
NHSCAD33493.png,NHSCAD33493,NHS,0,iccad3
NHSCAD33506.png,NHSCAD33506,NHS,0,iccad3
NHSCAD31043.png,NHSCAD31043,NHS,4,iccad3
NHSCAD32188.png,NHSCAD32188,NHS,1,iccad3
NHSCAD31908.png,NHSCAD31908,NHS,1,iccad3
NHSCAD35227.png,NHSCAD35227,NHS,2,iccad3
NHSCAD33463.png,NHSCAD33463,NHS,2,iccad3
HSCAD3396.png,HSCAD3396,HS,0,iccad3
NHSCAD34582.png,NHSCAD34582,NHS,1,iccad3
NHSCAD35316.png,NHSCAD35316,NHS,0,iccad3
NHSCAD32641.png,NHSCAD32641,NHS,0,iccad3
NHSCAD31797.png,NHSCAD31797,NHS,0,iccad3
NHSCAD32221.png,NHSCAD32221,NHS,0,iccad3
NHSCAD32680.png,NHSCAD32680,NHS,4,iccad3
NHSCAD31035.png,NHSCAD31035,NHS,4,iccad3
NHSCAD32765.png,NHSCAD32765,NHS,4,iccad3
NHSCAD34634.png,NHSCAD34634,NHS,3,iccad3
NHSCAD31199.png,NHSCAD31199,NHS,1,iccad3
HSCAD3215.png,HSCAD3215,HS,4,iccad3
NHSCAD32301.png,NHSCAD32301,NHS,1,iccad3
NHSCAD32410.png,NHSCAD32410,NHS,4,iccad3
NHSCAD34236.png,NHSCAD34236,NHS,3,iccad3
NHSCAD33972.png,NHSCAD33972,NHS,1,iccad3
NHSCAD35460.png,NHSCAD35460,NHS,4,iccad3
NHSCAD33666.png,NHSCAD33666,NHS,1,iccad3
NHSCAD32890.png,NHSCAD32890,NHS,0,iccad3
NHSCAD34210.png,NHSCAD34210,NHS,1,iccad3
NHSCAD31444.png,NHSCAD31444,NHS,4,iccad3
NHSCAD33033.png,NHSCAD33033,NHS,1,iccad3
NHSCAD33788.png,NHSCAD33788,NHS,2,iccad3
NHSCAD32934.png,NHSCAD32934,NHS,2,iccad3
NHSCAD31827.png,NHSCAD31827,NHS,4,iccad3
NHSCAD31136.png,NHSCAD31136,NHS,0,iccad3
NHSCAD34700.png,NHSCAD34700,NHS,4,iccad3
HSCAD3565.png,HSCAD3565,HS,4,iccad3
HSCAD362.png,HSCAD362,HS,4,iccad3
HSCAD3133.png,HSCAD3133,HS,3,iccad3
NHSCAD32210.png,NHSCAD32210,NHS,3,iccad3
NHSCAD35400.png,NHSCAD35400,NHS,4,iccad3
HSCAD367.png,HSCAD367,HS,4,iccad3
NHSCAD31882.png,NHSCAD31882,NHS,2,iccad3
NHSCAD33465.png,NHSCAD33465,NHS,3,iccad3
NHSCAD34711.png,NHSCAD34711,NHS,0,iccad3
NHSCAD33423.png,NHSCAD33423,NHS,2,iccad3
HSCAD3252.png,HSCAD3252,HS,0,iccad3
NHSCAD35415.png,NHSCAD35415,NHS,4,iccad3
HSCAD3263.png,HSCAD3263,HS,3,iccad3
HSCAD3757.png,HSCAD3757,HS,1,iccad3
NHSCAD32876.png,NHSCAD32876,NHS,1,iccad3
NHSCAD33831.png,NHSCAD33831,NHS,0,iccad3
HSCAD3891.png,HSCAD3891,HS,0,iccad3
NHSCAD32390.png,NHSCAD32390,NHS,2,iccad3
NHSCAD34090.png,NHSCAD34090,NHS,4,iccad3
NHSCAD35468.png,NHSCAD35468,NHS,0,iccad3
NHSCAD34252.png,NHSCAD34252,NHS,0,iccad3
NHSCAD32302.png,NHSCAD32302,NHS,0,iccad3
NHSCAD31253.png,NHSCAD31253,NHS,2,iccad3
NHSCAD33755.png,NHSCAD33755,NHS,4,iccad3
NHSCAD32944.png,NHSCAD32944,NHS,2,iccad3
NHSCAD32073.png,NHSCAD32073,NHS,1,iccad3
HSCAD3248.png,HSCAD3248,HS,1,iccad3
NHSCAD32904.png,NHSCAD32904,NHS,3,iccad3
HSCAD3600.png,HSCAD3600,HS,3,iccad3
NHSCAD31159.png,NHSCAD31159,NHS,3,iccad3
NHSCAD33154.png,NHSCAD33154,NHS,2,iccad3
NHSCAD31194.png,NHSCAD31194,NHS,1,iccad3
NHSCAD32574.png,NHSCAD32574,NHS,4,iccad3
NHSCAD31714.png,NHSCAD31714,NHS,3,iccad3
NHSCAD33091.png,NHSCAD33091,NHS,3,iccad3
NHSCAD31050.png,NHSCAD31050,NHS,4,iccad3
NHSCAD31969.png,NHSCAD31969,NHS,1,iccad3
NHSCAD34405.png,NHSCAD34405,NHS,3,iccad3
NHSCAD3929.png,NHSCAD3929,NHS,3,iccad3
NHSCAD32011.png,NHSCAD32011,NHS,0,iccad3
NHSCAD35492.png,NHSCAD35492,NHS,2,iccad3
NHSCAD34923.png,NHSCAD34923,NHS,1,iccad3
NHSCAD33551.png,NHSCAD33551,NHS,0,iccad3
HSCAD3529.png,HSCAD3529,HS,2,iccad3
NHSCAD35461.png,NHSCAD35461,NHS,2,iccad3
NHSCAD33578.png,NHSCAD33578,NHS,4,iccad3
HSCAD3843.png,HSCAD3843,HS,2,iccad3
HSCAD3680.png,HSCAD3680,HS,0,iccad3
NHSCAD33440.png,NHSCAD33440,NHS,4,iccad3
NHSCAD32639.png,NHSCAD32639,NHS,3,iccad3
HSCAD3159.png,HSCAD3159,HS,4,iccad3
NHSCAD33409.png,NHSCAD33409,NHS,0,iccad3
NHSCAD3996.png,NHSCAD3996,NHS,1,iccad3
NHSCAD34141.png,NHSCAD34141,NHS,0,iccad3
NHSCAD34695.png,NHSCAD34695,NHS,4,iccad3
NHSCAD32757.png,NHSCAD32757,NHS,0,iccad3
NHSCAD3920.png,NHSCAD3920,NHS,0,iccad3
NHSCAD31098.png,NHSCAD31098,NHS,0,iccad3
NHSCAD33338.png,NHSCAD33338,NHS,1,iccad3
NHSCAD3952.png,NHSCAD3952,NHS,4,iccad3
NHSCAD35255.png,NHSCAD35255,NHS,4,iccad3
NHSCAD35414.png,NHSCAD35414,NHS,0,iccad3
NHSCAD31245.png,NHSCAD31245,NHS,3,iccad3
NHSCAD35444.png,NHSCAD35444,NHS,3,iccad3
HSCAD3903.png,HSCAD3903,HS,4,iccad3
NHSCAD33726.png,NHSCAD33726,NHS,0,iccad3
NHSCAD32851.png,NHSCAD32851,NHS,0,iccad3
NHSCAD32022.png,NHSCAD32022,NHS,0,iccad3
NHSCAD33205.png,NHSCAD33205,NHS,4,iccad3
HSCAD3140.png,HSCAD3140,HS,2,iccad3
NHSCAD34725.png,NHSCAD34725,NHS,4,iccad3
NHSCAD31792.png,NHSCAD31792,NHS,1,iccad3
HSCAD3207.png,HSCAD3207,HS,3,iccad3
NHSCAD35113.png,NHSCAD35113,NHS,2,iccad3
NHSCAD34834.png,NHSCAD34834,NHS,3,iccad3
NHSCAD32946.png,NHSCAD32946,NHS,3,iccad3
NHSCAD3932.png,NHSCAD3932,NHS,1,iccad3
NHSCAD31014.png,NHSCAD31014,NHS,3,iccad3
NHSCAD35514.png,NHSCAD35514,NHS,3,iccad3
NHSCAD34790.png,NHSCAD34790,NHS,3,iccad3
NHSCAD31757.png,NHSCAD31757,NHS,4,iccad3
NHSCAD34443.png,NHSCAD34443,NHS,3,iccad3
NHSCAD35139.png,NHSCAD35139,NHS,2,iccad3
HSCAD397.png,HSCAD397,HS,1,iccad3
HSCAD3209.png,HSCAD3209,HS,1,iccad3
NHSCAD34517.png,NHSCAD34517,NHS,1,iccad3
NHSCAD32633.png,NHSCAD32633,NHS,2,iccad3
NHSCAD34764.png,NHSCAD34764,NHS,3,iccad3
NHSCAD32475.png,NHSCAD32475,NHS,4,iccad3
NHSCAD32463.png,NHSCAD32463,NHS,3,iccad3
NHSCAD35345.png,NHSCAD35345,NHS,4,iccad3
NHSCAD31013.png,NHSCAD31013,NHS,2,iccad3
NHSCAD31185.png,NHSCAD31185,NHS,2,iccad3
HSCAD3329.png,HSCAD3329,HS,0,iccad3
NHSCAD3934.png,NHSCAD3934,NHS,3,iccad3
NHSCAD31388.png,NHSCAD31388,NHS,1,iccad3
NHSCAD32309.png,NHSCAD32309,NHS,3,iccad3
NHSCAD32119.png,NHSCAD32119,NHS,1,iccad3
NHSCAD34716.png,NHSCAD34716,NHS,0,iccad3
NHSCAD34169.png,NHSCAD34169,NHS,3,iccad3
NHSCAD32732.png,NHSCAD32732,NHS,0,iccad3
NHSCAD31601.png,NHSCAD31601,NHS,1,iccad3
HSCAD3195.png,HSCAD3195,HS,2,iccad3
NHSCAD31743.png,NHSCAD31743,NHS,1,iccad3
NHSCAD31499.png,NHSCAD31499,NHS,4,iccad3
NHSCAD32707.png,NHSCAD32707,NHS,1,iccad3
NHSCAD34202.png,NHSCAD34202,NHS,2,iccad3
HSCAD323.png,HSCAD323,HS,0,iccad3
NHSCAD31786.png,NHSCAD31786,NHS,0,iccad3
HSCAD3354.png,HSCAD3354,HS,2,iccad3
HSCAD345.png,HSCAD345,HS,2,iccad3
NHSCAD33777.png,NHSCAD33777,NHS,0,iccad3
HSCAD356.png,HSCAD356,HS,4,iccad3
NHSCAD34669.png,NHSCAD34669,NHS,3,iccad3
NHSCAD31096.png,NHSCAD31096,NHS,2,iccad3
NHSCAD34681.png,NHSCAD34681,NHS,0,iccad3
NHSCAD31492.png,NHSCAD31492,NHS,0,iccad3
NHSCAD33981.png,NHSCAD33981,NHS,0,iccad3
HSCAD343.png,HSCAD343,HS,3,iccad3
NHSCAD33728.png,NHSCAD33728,NHS,2,iccad3
NHSCAD32230.png,NHSCAD32230,NHS,3,iccad3
NHSCAD35455.png,NHSCAD35455,NHS,4,iccad3
NHSCAD33370.png,NHSCAD33370,NHS,1,iccad3
NHSCAD32106.png,NHSCAD32106,NHS,0,iccad3
NHSCAD33345.png,NHSCAD33345,NHS,4,iccad3
NHSCAD32511.png,NHSCAD32511,NHS,0,iccad3
NHSCAD31440.png,NHSCAD31440,NHS,4,iccad3
NHSCAD35362.png,NHSCAD35362,NHS,1,iccad3
NHSCAD34489.png,NHSCAD34489,NHS,3,iccad3
NHSCAD35145.png,NHSCAD35145,NHS,3,iccad3
NHSCAD33425.png,NHSCAD33425,NHS,4,iccad3
NHSCAD34280.png,NHSCAD34280,NHS,4,iccad3
NHSCAD32918.png,NHSCAD32918,NHS,2,iccad3
NHSCAD33408.png,NHSCAD33408,NHS,4,iccad3
HSCAD3744.png,HSCAD3744,HS,1,iccad3
NHSCAD34828.png,NHSCAD34828,NHS,2,iccad3
HSCAD3639.png,HSCAD3639,HS,0,iccad3
NHSCAD31523.png,NHSCAD31523,NHS,2,iccad3
NHSCAD31134.png,NHSCAD31134,NHS,2,iccad3
HSCAD3522.png,HSCAD3522,HS,0,iccad3
HSCAD3824.png,HSCAD3824,HS,2,iccad3
HSCAD3542.png,HSCAD3542,HS,3,iccad3
NHSCAD32978.png,NHSCAD32978,NHS,3,iccad3
HSCAD3545.png,HSCAD3545,HS,4,iccad3
NHSCAD31553.png,NHSCAD31553,NHS,1,iccad3
NHSCAD31692.png,NHSCAD31692,NHS,0,iccad3
HSCAD3236.png,HSCAD3236,HS,1,iccad3
HSCAD3238.png,HSCAD3238,HS,4,iccad3
NHSCAD32232.png,NHSCAD32232,NHS,1,iccad3
NHSCAD35549.png,NHSCAD35549,NHS,4,iccad3
NHSCAD31999.png,NHSCAD31999,NHS,2,iccad3
NHSCAD35272.png,NHSCAD35272,NHS,0,iccad3
NHSCAD33938.png,NHSCAD33938,NHS,2,iccad3
NHSCAD34453.png,NHSCAD34453,NHS,3,iccad3
HSCAD3291.png,HSCAD3291,HS,4,iccad3
HSCAD3509.png,HSCAD3509,HS,1,iccad3
NHSCAD33982.png,NHSCAD33982,NHS,1,iccad3
NHSCAD33555.png,NHSCAD33555,NHS,4,iccad3
NHSCAD3930.png,NHSCAD3930,NHS,4,iccad3
NHSCAD32534.png,NHSCAD32534,NHS,3,iccad3
NHSCAD35523.png,NHSCAD35523,NHS,3,iccad3
NHSCAD34734.png,NHSCAD34734,NHS,3,iccad3
NHSCAD34814.png,NHSCAD34814,NHS,3,iccad3
NHSCAD33481.png,NHSCAD33481,NHS,2,iccad3
HSCAD3864.png,HSCAD3864,HS,0,iccad3
NHSCAD34999.png,NHSCAD34999,NHS,1,iccad3
HSCAD3861.png,HSCAD3861,HS,1,iccad3
HSCAD350.png,HSCAD350,HS,1,iccad3
NHSCAD33014.png,NHSCAD33014,NHS,0,iccad3
NHSCAD34053.png,NHSCAD34053,NHS,2,iccad3
NHSCAD34039.png,NHSCAD34039,NHS,3,iccad3
NHSCAD33256.png,NHSCAD33256,NHS,0,iccad3
NHSCAD35413.png,NHSCAD35413,NHS,3,iccad3
HSCAD3420.png,HSCAD3420,HS,2,iccad3
NHSCAD32751.png,NHSCAD32751,NHS,0,iccad3
NHSCAD3914.png,NHSCAD3914,NHS,1,iccad3
NHSCAD31722.png,NHSCAD31722,NHS,0,iccad3
NHSCAD32582.png,NHSCAD32582,NHS,2,iccad3
NHSCAD33683.png,NHSCAD33683,NHS,1,iccad3
NHSCAD3944.png,NHSCAD3944,NHS,1,iccad3
HSCAD3678.png,HSCAD3678,HS,4,iccad3
NHSCAD35430.png,NHSCAD35430,NHS,4,iccad3
NHSCAD31728.png,NHSCAD31728,NHS,1,iccad3
NHSCAD31674.png,NHSCAD31674,NHS,4,iccad3
NHSCAD33393.png,NHSCAD33393,NHS,0,iccad3
NHSCAD35548.png,NHSCAD35548,NHS,2,iccad3
NHSCAD33835.png,NHSCAD33835,NHS,4,iccad3
NHSCAD34894.png,NHSCAD34894,NHS,2,iccad3
NHSCAD31336.png,NHSCAD31336,NHS,0,iccad3
NHSCAD32781.png,NHSCAD32781,NHS,0,iccad3
NHSCAD31460.png,NHSCAD31460,NHS,4,iccad3
NHSCAD33825.png,NHSCAD33825,NHS,2,iccad3
NHSCAD33525.png,NHSCAD33525,NHS,4,iccad3
NHSCAD31205.png,NHSCAD31205,NHS,1,iccad3
NHSCAD34418.png,NHSCAD34418,NHS,1,iccad3
NHSCAD31308.png,NHSCAD31308,NHS,2,iccad3
NHSCAD31198.png,NHSCAD31198,NHS,0,iccad3
NHSCAD31959.png,NHSCAD31959,NHS,2,iccad3
HSCAD3302.png,HSCAD3302,HS,2,iccad3
HSCAD3382.png,HSCAD3382,HS,0,iccad3
NHSCAD32929.png,NHSCAD32929,NHS,2,iccad3
NHSCAD33667.png,NHSCAD33667,NHS,0,iccad3
NHSCAD31176.png,NHSCAD31176,NHS,3,iccad3
NHSCAD34827.png,NHSCAD34827,NHS,1,iccad3
NHSCAD32766.png,NHSCAD32766,NHS,0,iccad3
NHSCAD34086.png,NHSCAD34086,NHS,0,iccad3
NHSCAD33691.png,NHSCAD33691,NHS,0,iccad3
NHSCAD32377.png,NHSCAD32377,NHS,1,iccad3
NHSCAD35148.png,NHSCAD35148,NHS,1,iccad3
NHSCAD33577.png,NHSCAD33577,NHS,2,iccad3
HSCAD3857.png,HSCAD3857,HS,2,iccad3
NHSCAD31211.png,NHSCAD31211,NHS,0,iccad3
HSCAD3558.png,HSCAD3558,HS,0,iccad3
NHSCAD34351.png,NHSCAD34351,NHS,2,iccad3
NHSCAD31232.png,NHSCAD31232,NHS,1,iccad3
NHSCAD31967.png,NHSCAD31967,NHS,2,iccad3
NHSCAD31946.png,NHSCAD31946,NHS,0,iccad3
NHSCAD33226.png,NHSCAD33226,NHS,0,iccad3
NHSCAD33617.png,NHSCAD33617,NHS,0,iccad3
NHSCAD34477.png,NHSCAD34477,NHS,1,iccad3
NHSCAD34293.png,NHSCAD34293,NHS,2,iccad3
NHSCAD35263.png,NHSCAD35263,NHS,0,iccad3
NHSCAD35267.png,NHSCAD35267,NHS,4,iccad3
NHSCAD32153.png,NHSCAD32153,NHS,1,iccad3
NHSCAD33886.png,NHSCAD33886,NHS,0,iccad3
NHSCAD33845.png,NHSCAD33845,NHS,4,iccad3
NHSCAD33104.png,NHSCAD33104,NHS,2,iccad3
NHSCAD33094.png,NHSCAD33094,NHS,1,iccad3
HSCAD329.png,HSCAD329,HS,3,iccad3
NHSCAD34467.png,NHSCAD34467,NHS,0,iccad3
NHSCAD31149.png,NHSCAD31149,NHS,1,iccad3
NHSCAD34930.png,NHSCAD34930,NHS,4,iccad3
HSCAD3502.png,HSCAD3502,HS,4,iccad3
NHSCAD34292.png,NHSCAD34292,NHS,1,iccad3
NHSCAD31866.png,NHSCAD31866,NHS,2,iccad3
NHSCAD31779.png,NHSCAD31779,NHS,4,iccad3
NHSCAD34473.png,NHSCAD34473,NHS,1,iccad3
NHSCAD32184.png,NHSCAD32184,NHS,3,iccad3
NHSCAD32486.png,NHSCAD32486,NHS,4,iccad3
HSCAD3751.png,HSCAD3751,HS,2,iccad3
NHSCAD34627.png,NHSCAD34627,NHS,1,iccad3
NHSCAD33996.png,NHSCAD33996,NHS,4,iccad3
NHSCAD32571.png,NHSCAD32571,NHS,0,iccad3
HSCAD3823.png,HSCAD3823,HS,0,iccad3
NHSCAD32822.png,NHSCAD32822,NHS,3,iccad3
NHSCAD35244.png,NHSCAD35244,NHS,3,iccad3
NHSCAD34028.png,NHSCAD34028,NHS,4,iccad3
NHSCAD34603.png,NHSCAD34603,NHS,0,iccad3
NHSCAD33161.png,NHSCAD33161,NHS,0,iccad3
HSCAD3593.png,HSCAD3593,HS,2,iccad3
NHSCAD33985.png,NHSCAD33985,NHS,4,iccad3
NHSCAD33085.png,NHSCAD33085,NHS,4,iccad3
HSCAD3374.png,HSCAD3374,HS,2,iccad3
HSCAD3554.png,HSCAD3554,HS,1,iccad3
NHSCAD33455.png,NHSCAD33455,NHS,4,iccad3
NHSCAD31694.png,NHSCAD31694,NHS,2,iccad3
NHSCAD35253.png,NHSCAD35253,NHS,2,iccad3
HSCAD3435.png,HSCAD3435,HS,2,iccad3
HSCAD3828.png,HSCAD3828,HS,1,iccad3
HSCAD3612.png,HSCAD3612,HS,1,iccad3
NHSCAD33656.png,NHSCAD33656,NHS,0,iccad3
NHSCAD31422.png,NHSCAD31422,NHS,2,iccad3
NHSCAD33126.png,NHSCAD33126,NHS,4,iccad3
NHSCAD35057.png,NHSCAD35057,NHS,1,iccad3
NHSCAD35242.png,NHSCAD35242,NHS,1,iccad3
NHSCAD31227.png,NHSCAD31227,NHS,1,iccad3
NHSCAD34124.png,NHSCAD34124,NHS,3,iccad3
NHSCAD34699.png,NHSCAD34699,NHS,3,iccad3
NHSCAD32948.png,NHSCAD32948,NHS,1,iccad3
NHSCAD33448.png,NHSCAD33448,NHS,0,iccad3
NHSCAD32333.png,NHSCAD32333,NHS,1,iccad3
NHSCAD34884.png,NHSCAD34884,NHS,3,iccad3
NHSCAD31566.png,NHSCAD31566,NHS,0,iccad3
NHSCAD31369.png,NHSCAD31369,NHS,3,iccad3
NHSCAD34567.png,NHSCAD34567,NHS,0,iccad3
NHSCAD35003.png,NHSCAD35003,NHS,3,iccad3
NHSCAD34540.png,NHSCAD34540,NHS,4,iccad3
NHSCAD32983.png,NHSCAD32983,NHS,3,iccad3
NHSCAD32561.png,NHSCAD32561,NHS,0,iccad3
NHSCAD31977.png,NHSCAD31977,NHS,3,iccad3
NHSCAD33908.png,NHSCAD33908,NHS,2,iccad3
NHSCAD33813.png,NHSCAD33813,NHS,3,iccad3
HSCAD3625.png,HSCAD3625,HS,0,iccad3
HSCAD3550.png,HSCAD3550,HS,4,iccad3
HSCAD3578.png,HSCAD3578,HS,2,iccad3
NHSCAD31636.png,NHSCAD31636,NHS,0,iccad3
NHSCAD32481.png,NHSCAD32481,NHS,0,iccad3
NHSCAD33432.png,NHSCAD33432,NHS,0,iccad3
NHSCAD32238.png,NHSCAD32238,NHS,1,iccad3
NHSCAD34589.png,NHSCAD34589,NHS,4,iccad3
NHSCAD31518.png,NHSCAD31518,NHS,2,iccad3
NHSCAD35338.png,NHSCAD35338,NHS,4,iccad3
NHSCAD31471.png,NHSCAD31471,NHS,4,iccad3
HSCAD3449.png,HSCAD3449,HS,4,iccad3
NHSCAD34009.png,NHSCAD34009,NHS,3,iccad3
NHSCAD34342.png,NHSCAD34342,NHS,0,iccad3
NHSCAD33299.png,NHSCAD33299,NHS,3,iccad3
NHSCAD31597.png,NHSCAD31597,NHS,2,iccad3
HSCAD3188.png,HSCAD3188,HS,4,iccad3
NHSCAD34586.png,NHSCAD34586,NHS,0,iccad3
HSCAD3244.png,HSCAD3244,HS,1,iccad3
NHSCAD31729.png,NHSCAD31729,NHS,2,iccad3
HSCAD370.png,HSCAD370,HS,3,iccad3
NHSCAD32129.png,NHSCAD32129,NHS,1,iccad3
NHSCAD35120.png,NHSCAD35120,NHS,4,iccad3
NHSCAD32604.png,NHSCAD32604,NHS,3,iccad3
NHSCAD33264.png,NHSCAD33264,NHS,3,iccad3
NHSCAD32914.png,NHSCAD32914,NHS,3,iccad3
NHSCAD31567.png,NHSCAD31567,NHS,1,iccad3
NHSCAD32054.png,NHSCAD32054,NHS,2,iccad3
NHSCAD31057.png,NHSCAD31057,NHS,1,iccad3
NHSCAD31238.png,NHSCAD31238,NHS,1,iccad3
NHSCAD33404.png,NHSCAD33404,NHS,3,iccad3
NHSCAD32163.png,NHSCAD32163,NHS,1,iccad3
NHSCAD32739.png,NHSCAD32739,NHS,3,iccad3
NHSCAD32599.png,NHSCAD32599,NHS,3,iccad3
NHSCAD34563.png,NHSCAD34563,NHS,1,iccad3
HSCAD3606.png,HSCAD3606,HS,2,iccad3
NHSCAD34557.png,NHSCAD34557,NHS,3,iccad3
NHSCAD35304.png,NHSCAD35304,NHS,1,iccad3
NHSCAD31260.png,NHSCAD31260,NHS,4,iccad3
NHSCAD34186.png,NHSCAD34186,NHS,0,iccad3
NHSCAD31091.png,NHSCAD31091,NHS,2,iccad3
NHSCAD32391.png,NHSCAD32391,NHS,0,iccad3
HSCAD3138.png,HSCAD3138,HS,3,iccad3
NHSCAD32611.png,NHSCAD32611,NHS,1,iccad3
NHSCAD32919.png,NHSCAD32919,NHS,3,iccad3
NHSCAD31837.png,NHSCAD31837,NHS,0,iccad3
NHSCAD32555.png,NHSCAD32555,NHS,4,iccad3
HSCAD3868.png,HSCAD3868,HS,3,iccad3
HSCAD3729.png,HSCAD3729,HS,1,iccad3
HSCAD3358.png,HSCAD3358,HS,4,iccad3
NHSCAD33612.png,NHSCAD33612,NHS,0,iccad3
HSCAD3371.png,HSCAD3371,HS,3,iccad3
NHSCAD33870.png,NHSCAD33870,NHS,4,iccad3
NHSCAD34307.png,NHSCAD34307,NHS,0,iccad3
NHSCAD34078.png,NHSCAD34078,NHS,1,iccad3
NHSCAD35030.png,NHSCAD35030,NHS,3,iccad3
NHSCAD31618.png,NHSCAD31618,NHS,2,iccad3
HSCAD3560.png,HSCAD3560,HS,2,iccad3
HSCAD3860.png,HSCAD3860,HS,0,iccad3
NHSCAD33674.png,NHSCAD33674,NHS,3,iccad3
NHSCAD34251.png,NHSCAD34251,NHS,3,iccad3
HSCAD3491.png,HSCAD3491,HS,3,iccad3
NHSCAD31904.png,NHSCAD31904,NHS,3,iccad3
HSCAD3608.png,HSCAD3608,HS,1,iccad3
NHSCAD32783.png,NHSCAD32783,NHS,2,iccad3
HSCAD3278.png,HSCAD3278,HS,4,iccad3
NHSCAD31326.png,NHSCAD31326,NHS,2,iccad3
NHSCAD35489.png,NHSCAD35489,NHS,4,iccad3
NHSCAD34654.png,NHSCAD34654,NHS,3,iccad3
NHSCAD33561.png,NHSCAD33561,NHS,0,iccad3
NHSCAD34648.png,NHSCAD34648,NHS,2,iccad3
NHSCAD33281.png,NHSCAD33281,NHS,3,iccad3
NHSCAD32339.png,NHSCAD32339,NHS,4,iccad3
NHSCAD34352.png,NHSCAD34352,NHS,0,iccad3
NHSCAD34662.png,NHSCAD34662,NHS,1,iccad3
NHSCAD34218.png,NHSCAD34218,NHS,1,iccad3
NHSCAD35390.png,NHSCAD35390,NHS,4,iccad3
NHSCAD33507.png,NHSCAD33507,NHS,2,iccad3
NHSCAD34621.png,NHSCAD34621,NHS,0,iccad3
NHSCAD3983.png,NHSCAD3983,NHS,0,iccad3
NHSCAD35300.png,NHSCAD35300,NHS,4,iccad3
NHSCAD31395.png,NHSCAD31395,NHS,4,iccad3
NHSCAD35147.png,NHSCAD35147,NHS,0,iccad3
NHSCAD33181.png,NHSCAD33181,NHS,0,iccad3
HSCAD3589.png,HSCAD3589,HS,3,iccad3
NHSCAD32041.png,NHSCAD32041,NHS,0,iccad3
HSCAD3604.png,HSCAD3604,HS,3,iccad3
NHSCAD31650.png,NHSCAD31650,NHS,3,iccad3
NHSCAD34998.png,NHSCAD34998,NHS,3,iccad3
NHSCAD34303.png,NHSCAD34303,NHS,2,iccad3
NHSCAD35318.png,NHSCAD35318,NHS,2,iccad3
NHSCAD34182.png,NHSCAD34182,NHS,1,iccad3
NHSCAD32380.png,NHSCAD32380,NHS,2,iccad3
NHSCAD31302.png,NHSCAD31302,NHS,0,iccad3
HSCAD3332.png,HSCAD3332,HS,3,iccad3
NHSCAD33531.png,NHSCAD33531,NHS,0,iccad3
NHSCAD34063.png,NHSCAD34063,NHS,3,iccad3
NHSCAD33360.png,NHSCAD33360,NHS,1,iccad3
NHSCAD33685.png,NHSCAD33685,NHS,4,iccad3
NHSCAD34555.png,NHSCAD34555,NHS,3,iccad3
HSCAD3250.png,HSCAD3250,HS,3,iccad3
NHSCAD33769.png,NHSCAD33769,NHS,3,iccad3
NHSCAD33846.png,NHSCAD33846,NHS,2,iccad3
NHSCAD34485.png,NHSCAD34485,NHS,4,iccad3
NHSCAD31299.png,NHSCAD31299,NHS,3,iccad3
NHSCAD31271.png,NHSCAD31271,NHS,0,iccad3
NHSCAD35355.png,NHSCAD35355,NHS,3,iccad3
NHSCAD31737.png,NHSCAD31737,NHS,2,iccad3
NHSCAD32356.png,NHSCAD32356,NHS,0,iccad3
NHSCAD35522.png,NHSCAD35522,NHS,0,iccad3
NHSCAD33640.png,NHSCAD33640,NHS,3,iccad3
NHSCAD34279.png,NHSCAD34279,NHS,3,iccad3
NHSCAD31361.png,NHSCAD31361,NHS,2,iccad3
NHSCAD34718.png,NHSCAD34718,NHS,1,iccad3
NHSCAD32496.png,NHSCAD32496,NHS,0,iccad3
NHSCAD34020.png,NHSCAD34020,NHS,4,iccad3
HSCAD310.png,HSCAD310,HS,1,iccad3
NHSCAD32392.png,NHSCAD32392,NHS,1,iccad3
HSCAD3465.png,HSCAD3465,HS,3,iccad3
NHSCAD32647.png,NHSCAD32647,NHS,1,iccad3
NHSCAD33896.png,NHSCAD33896,NHS,2,iccad3
NHSCAD33986.png,NHSCAD33986,NHS,0,iccad3
NHSCAD32401.png,NHSCAD32401,NHS,0,iccad3
NHSCAD33771.png,NHSCAD33771,NHS,0,iccad3
NHSCAD33722.png,NHSCAD33722,NHS,1,iccad3
NHSCAD32884.png,NHSCAD32884,NHS,0,iccad3
NHSCAD31775.png,NHSCAD31775,NHS,3,iccad3
NHSCAD34875.png,NHSCAD34875,NHS,4,iccad3
HSCAD3646.png,HSCAD3646,HS,3,iccad3
NHSCAD33890.png,NHSCAD33890,NHS,4,iccad3
NHSCAD32240.png,NHSCAD32240,NHS,4,iccad3
NHSCAD32336.png,NHSCAD32336,NHS,1,iccad3
HSCAD3703.png,HSCAD3703,HS,3,iccad3
NHSCAD31870.png,NHSCAD31870,NHS,4,iccad3
NHSCAD34026.png,NHSCAD34026,NHS,0,iccad3
NHSCAD34859.png,NHSCAD34859,NHS,3,iccad3
NHSCAD32365.png,NHSCAD32365,NHS,2,iccad3
NHSCAD31791.png,NHSCAD31791,NHS,0,iccad3
NHSCAD32471.png,NHSCAD32471,NHS,0,iccad3
NHSCAD35540.png,NHSCAD35540,NHS,4,iccad3
NHSCAD34575.png,NHSCAD34575,NHS,4,iccad3
NHSCAD34297.png,NHSCAD34297,NHS,0,iccad3
NHSCAD34946.png,NHSCAD34946,NHS,0,iccad3
HSCAD3452.png,HSCAD3452,HS,1,iccad3
NHSCAD34003.png,NHSCAD34003,NHS,2,iccad3
NHSCAD31856.png,NHSCAD31856,NHS,3,iccad3
NHSCAD32656.png,NHSCAD32656,NHS,3,iccad3
NHSCAD34892.png,NHSCAD34892,NHS,0,iccad3
NHSCAD33967.png,NHSCAD33967,NHS,1,iccad3
NHSCAD32902.png,NHSCAD32902,NHS,2,iccad3
NHSCAD31761.png,NHSCAD31761,NHS,0,iccad3
NHSCAD31868.png,NHSCAD31868,NHS,0,iccad3
NHSCAD3945.png,NHSCAD3945,NHS,2,iccad3
NHSCAD32016.png,NHSCAD32016,NHS,0,iccad3
HSCAD3256.png,HSCAD3256,HS,3,iccad3
NHSCAD33008.png,NHSCAD33008,NHS,4,iccad3
NHSCAD31659.png,NHSCAD31659,NHS,2,iccad3
HSCAD3265.png,HSCAD3265,HS,0,iccad3
NHSCAD31582.png,NHSCAD31582,NHS,3,iccad3
NHSCAD35536.png,NHSCAD35536,NHS,0,iccad3
NHSCAD32063.png,NHSCAD32063,NHS,2,iccad3
NHSCAD33724.png,NHSCAD33724,NHS,3,iccad3
HSCAD3251.png,HSCAD3251,HS,2,iccad3
NHSCAD32792.png,NHSCAD32792,NHS,0,iccad3
NHSCAD31082.png,NHSCAD31082,NHS,1,iccad3
NHSCAD31169.png,NHSCAD31169,NHS,1,iccad3
HSCAD3261.png,HSCAD3261,HS,1,iccad3
HSCAD3656.png,HSCAD3656,HS,4,iccad3
NHSCAD35061.png,NHSCAD35061,NHS,3,iccad3
NHSCAD31410.png,NHSCAD31410,NHS,4,iccad3
NHSCAD34812.png,NHSCAD34812,NHS,1,iccad3
NHSCAD33946.png,NHSCAD33946,NHS,0,iccad3
HSCAD3440.png,HSCAD3440,HS,4,iccad3
NHSCAD33121.png,NHSCAD33121,NHS,0,iccad3
NHSCAD35495.png,NHSCAD35495,NHS,1,iccad3
NHSCAD33138.png,NHSCAD33138,NHS,1,iccad3
NHSCAD33710.png,NHSCAD33710,NHS,3,iccad3
NHSCAD33865.png,NHSCAD33865,NHS,4,iccad3
NHSCAD34290.png,NHSCAD34290,NHS,4,iccad3
NHSCAD31427.png,NHSCAD31427,NHS,2,iccad3
NHSCAD33736.png,NHSCAD33736,NHS,1,iccad3
NHSCAD32684.png,NHSCAD32684,NHS,3,iccad3
NHSCAD34881.png,NHSCAD34881,NHS,0,iccad3
NHSCAD35292.png,NHSCAD35292,NHS,1,iccad3
NHSCAD34763.png,NHSCAD34763,NHS,2,iccad3
NHSCAD33581.png,NHSCAD33581,NHS,0,iccad3
NHSCAD32589.png,NHSCAD32589,NHS,3,iccad3
NHSCAD32828.png,NHSCAD32828,NHS,0,iccad3
NHSCAD31521.png,NHSCAD31521,NHS,0,iccad3
NHSCAD33336.png,NHSCAD33336,NHS,2,iccad3
NHSCAD33823.png,NHSCAD33823,NHS,3,iccad3
NHSCAD35029.png,NHSCAD35029,NHS,0,iccad3
NHSCAD33568.png,NHSCAD33568,NHS,2,iccad3
NHSCAD31918.png,NHSCAD31918,NHS,4,iccad3
HSCAD3781.png,HSCAD3781,HS,4,iccad3
NHSCAD34961.png,NHSCAD34961,NHS,1,iccad3
HSCAD3789.png,HSCAD3789,HS,3,iccad3
NHSCAD32027.png,NHSCAD32027,NHS,0,iccad3
NHSCAD31785.png,NHSCAD31785,NHS,3,iccad3
NHSCAD31731.png,NHSCAD31731,NHS,2,iccad3
NHSCAD31903.png,NHSCAD31903,NHS,2,iccad3
NHSCAD31715.png,NHSCAD31715,NHS,4,iccad3
NHSCAD33969.png,NHSCAD33969,NHS,3,iccad3
NHSCAD31112.png,NHSCAD31112,NHS,0,iccad3
NHSCAD33286.png,NHSCAD33286,NHS,0,iccad3
NHSCAD34552.png,NHSCAD34552,NHS,2,iccad3
NHSCAD31867.png,NHSCAD31867,NHS,3,iccad3
NHSCAD34409.png,NHSCAD34409,NHS,3,iccad3
NHSCAD32896.png,NHSCAD32896,NHS,3,iccad3
NHSCAD33647.png,NHSCAD33647,NHS,2,iccad3
NHSCAD33222.png,NHSCAD33222,NHS,1,iccad3
NHSCAD34149.png,NHSCAD34149,NHS,3,iccad3
HSCAD331.png,HSCAD331,HS,2,iccad3
NHSCAD35324.png,NHSCAD35324,NHS,3,iccad3
NHSCAD33109.png,NHSCAD33109,NHS,3,iccad3
NHSCAD32602.png,NHSCAD32602,NHS,2,iccad3
HSCAD3210.png,HSCAD3210,HS,4,iccad3
NHSCAD33209.png,NHSCAD33209,NHS,2,iccad3
NHSCAD33679.png,NHSCAD33679,NHS,3,iccad3
NHSCAD35550.png,NHSCAD35550,NHS,3,iccad3
NHSCAD32789.png,NHSCAD32789,NHS,2,iccad3
NHSCAD33632.png,NHSCAD33632,NHS,4,iccad3
NHSCAD34849.png,NHSCAD34849,NHS,3,iccad3
NHSCAD33436.png,NHSCAD33436,NHS,0,iccad3
NHSCAD34580.png,NHSCAD34580,NHS,4,iccad3
NHSCAD33796.png,NHSCAD33796,NHS,4,iccad3
NHSCAD33929.png,NHSCAD33929,NHS,3,iccad3
NHSCAD35431.png,NHSCAD35431,NHS,1,iccad3
NHSCAD33874.png,NHSCAD33874,NHS,3,iccad3
NHSCAD33197.png,NHSCAD33197,NHS,0,iccad3
NHSCAD31068.png,NHSCAD31068,NHS,0,iccad3
NHSCAD34262.png,NHSCAD34262,NHS,1,iccad3
NHSCAD32619.png,NHSCAD32619,NHS,0,iccad3
NHSCAD35465.png,NHSCAD35465,NHS,4,iccad3
NHSCAD33149.png,NHSCAD33149,NHS,2,iccad3
NHSCAD3975.png,NHSCAD3975,NHS,2,iccad3
NHSCAD31257.png,NHSCAD31257,NHS,1,iccad3
NHSCAD31629.png,NHSCAD31629,NHS,0,iccad3
NHSCAD31386.png,NHSCAD31386,NHS,2,iccad3
HSCAD3736.png,HSCAD3736,HS,3,iccad3
NHSCAD35410.png,NHSCAD35410,NHS,4,iccad3
NHSCAD32485.png,NHSCAD32485,NHS,4,iccad3
NHSCAD34512.png,NHSCAD34512,NHS,0,iccad3
NHSCAD32286.png,NHSCAD32286,NHS,0,iccad3
NHSCAD34934.png,NHSCAD34934,NHS,3,iccad3
NHSCAD31026.png,NHSCAD31026,NHS,0,iccad3
NHSCAD34693.png,NHSCAD34693,NHS,2,iccad3
HSCAD3723.png,HSCAD3723,HS,4,iccad3
HSCAD3321.png,HSCAD3321,HS,3,iccad3
NHSCAD31519.png,NHSCAD31519,NHS,4,iccad3
NHSCAD32780.png,NHSCAD32780,NHS,4,iccad3
NHSCAD32149.png,NHSCAD32149,NHS,3,iccad3
HSCAD3616.png,HSCAD3616,HS,1,iccad3
NHSCAD31173.png,NHSCAD31173,NHS,1,iccad3
NHSCAD33512.png,NHSCAD33512,NHS,2,iccad3
HSCAD3872.png,HSCAD3872,HS,3,iccad3
NHSCAD31300.png,NHSCAD31300,NHS,4,iccad3
NHSCAD32794.png,NHSCAD32794,NHS,2,iccad3
NHSCAD32213.png,NHSCAD32213,NHS,0,iccad3
NHSCAD32810.png,NHSCAD32810,NHS,4,iccad3
NHSCAD31204.png,NHSCAD31204,NHS,0,iccad3
NHSCAD32058.png,NHSCAD32058,NHS,2,iccad3
NHSCAD34703.png,NHSCAD34703,NHS,2,iccad3
NHSCAD32294.png,NHSCAD32294,NHS,2,iccad3
NHSCAD31606.png,NHSCAD31606,NHS,1,iccad3
NHSCAD33362.png,NHSCAD33362,NHS,2,iccad3
NHSCAD33669.png,NHSCAD33669,NHS,3,iccad3
NHSCAD34550.png,NHSCAD34550,NHS,3,iccad3
NHSCAD33175.png,NHSCAD33175,NHS,3,iccad3
NHSCAD33240.png,NHSCAD33240,NHS,4,iccad3
HSCAD332.png,HSCAD332,HS,0,iccad3
NHSCAD31900.png,NHSCAD31900,NHS,3,iccad3
NHSCAD33394.png,NHSCAD33394,NHS,2,iccad3
NHSCAD34097.png,NHSCAD34097,NHS,1,iccad3
NHSCAD31252.png,NHSCAD31252,NHS,0,iccad3
NHSCAD31611.png,NHSCAD31611,NHS,1,iccad3
NHSCAD35402.png,NHSCAD35402,NHS,0,iccad3
NHSCAD31600.png,NHSCAD31600,NHS,3,iccad3
NHSCAD32037.png,NHSCAD32037,NHS,3,iccad3
HSCAD3253.png,HSCAD3253,HS,1,iccad3
HSCAD3484.png,HSCAD3484,HS,2,iccad3
NHSCAD32820.png,NHSCAD32820,NHS,3,iccad3
NHSCAD34267.png,NHSCAD34267,NHS,2,iccad3
NHSCAD35426.png,NHSCAD35426,NHS,0,iccad3
NHSCAD34122.png,NHSCAD34122,NHS,1,iccad3
NHSCAD3964.png,NHSCAD3964,NHS,3,iccad3
NHSCAD34643.png,NHSCAD34643,NHS,2,iccad3
HSCAD358.png,HSCAD358,HS,3,iccad3
NHSCAD3970.png,NHSCAD3970,NHS,3,iccad3
NHSCAD32966.png,NHSCAD32966,NHS,0,iccad3
NHSCAD34878.png,NHSCAD34878,NHS,2,iccad3
NHSCAD33123.png,NHSCAD33123,NHS,2,iccad3
NHSCAD32350.png,NHSCAD32350,NHS,3,iccad3
NHSCAD31776.png,NHSCAD31776,NHS,0,iccad3
NHSCAD34249.png,NHSCAD34249,NHS,4,iccad3
NHSCAD35197.png,NHSCAD35197,NHS,4,iccad3
HSCAD3105.png,HSCAD3105,HS,3,iccad3
NHSCAD34428.png,NHSCAD34428,NHS,2,iccad3
NHSCAD31168.png,NHSCAD31168,NHS,3,iccad3
NHSCAD31823.png,NHSCAD31823,NHS,1,iccad3
NHSCAD34156.png,NHSCAD34156,NHS,0,iccad3
NHSCAD35389.png,NHSCAD35389,NHS,3,iccad3
NHSCAD33898.png,NHSCAD33898,NHS,1,iccad3
NHSCAD33959.png,NHSCAD33959,NHS,3,iccad3
HSCAD3598.png,HSCAD3598,HS,3,iccad3
NHSCAD32468.png,NHSCAD32468,NHS,1,iccad3
NHSCAD34317.png,NHSCAD34317,NHS,0,iccad3
NHSCAD35364.png,NHSCAD35364,NHS,2,iccad3
NHSCAD32008.png,NHSCAD32008,NHS,4,iccad3
NHSCAD31403.png,NHSCAD31403,NHS,3,iccad3
NHSCAD32655.png,NHSCAD32655,NHS,4,iccad3
NHSCAD34376.png,NHSCAD34376,NHS,0,iccad3
HSCAD3107.png,HSCAD3107,HS,2,iccad3
NHSCAD32867.png,NHSCAD32867,NHS,2,iccad3
NHSCAD32275.png,NHSCAD32275,NHS,4,iccad3
NHSCAD33497.png,NHSCAD33497,NHS,2,iccad3
NHSCAD34833.png,NHSCAD34833,NHS,2,iccad3
NHSCAD34618.png,NHSCAD34618,NHS,2,iccad3
NHSCAD34379.png,NHSCAD34379,NHS,1,iccad3
NHSCAD35350.png,NHSCAD35350,NHS,4,iccad3
NHSCAD33260.png,NHSCAD33260,NHS,3,iccad3
NHSCAD33998.png,NHSCAD33998,NHS,1,iccad3
NHSCAD32629.png,NHSCAD32629,NHS,2,iccad3
NHSCAD32911.png,NHSCAD32911,NHS,0,iccad3
NHSCAD32786.png,NHSCAD32786,NHS,3,iccad3
HSCAD3695.png,HSCAD3695,HS,1,iccad3
NHSCAD32029.png,NHSCAD32029,NHS,2,iccad3
NHSCAD33570.png,NHSCAD33570,NHS,4,iccad3
NHSCAD32689.png,NHSCAD32689,NHS,3,iccad3
NHSCAD33740.png,NHSCAD33740,NHS,4,iccad3
NHSCAD32843.png,NHSCAD32843,NHS,3,iccad3
NHSCAD33006.png,NHSCAD33006,NHS,1,iccad3
NHSCAD34657.png,NHSCAD34657,NHS,4,iccad3
NHSCAD31083.png,NHSCAD31083,NHS,2,iccad3
NHSCAD34312.png,NHSCAD34312,NHS,0,iccad3
NHSCAD33913.png,NHSCAD33913,NHS,1,iccad3
NHSCAD34497.png,NHSCAD34497,NHS,0,iccad3
NHSCAD34778.png,NHSCAD34778,NHS,2,iccad3
NHSCAD34022.png,NHSCAD34022,NHS,0,iccad3
NHSCAD33323.png,NHSCAD33323,NHS,1,iccad3
NHSCAD32154.png,NHSCAD32154,NHS,3,iccad3
NHSCAD33742.png,NHSCAD33742,NHS,1,iccad3
NHSCAD33818.png,NHSCAD33818,NHS,3,iccad3
NHSCAD32082.png,NHSCAD32082,NHS,3,iccad3
HSCAD3660.png,HSCAD3660,HS,4,iccad3
NHSCAD34114.png,NHSCAD34114,NHS,1,iccad3
NHSCAD34510.png,NHSCAD34510,NHS,4,iccad3
NHSCAD34534.png,NHSCAD34534,NHS,3,iccad3
HSCAD330.png,HSCAD330,HS,4,iccad3
NHSCAD35544.png,NHSCAD35544,NHS,3,iccad3
NHSCAD33194.png,NHSCAD33194,NHS,1,iccad3
HSCAD3191.png,HSCAD3191,HS,4,iccad3
NHSCAD33219.png,NHSCAD33219,NHS,4,iccad3
NHSCAD31342.png,NHSCAD31342,NHS,1,iccad3
NHSCAD31188.png,NHSCAD31188,NHS,0,iccad3
NHSCAD32662.png,NHSCAD32662,NHS,1,iccad3
NHSCAD31404.png,NHSCAD31404,NHS,2,iccad3
HSCAD3706.png,HSCAD3706,HS,0,iccad3
NHSCAD32586.png,NHSCAD32586,NHS,2,iccad3
NHSCAD34500.png,NHSCAD34500,NHS,4,iccad3
NHSCAD32701.png,NHSCAD32701,NHS,0,iccad3
NHSCAD32760.png,NHSCAD32760,NHS,4,iccad3
HSCAD3433.png,HSCAD3433,HS,1,iccad3
NHSCAD31121.png,NHSCAD31121,NHS,3,iccad3
NHSCAD3971.png,NHSCAD3971,NHS,4,iccad3
NHSCAD33310.png,NHSCAD33310,NHS,3,iccad3
NHSCAD31818.png,NHSCAD31818,NHS,1,iccad3
NHSCAD35374.png,NHSCAD35374,NHS,4,iccad3
NHSCAD32881.png,NHSCAD32881,NHS,1,iccad3
NHSCAD32597.png,NHSCAD32597,NHS,0,iccad3
NHSCAD33659.png,NHSCAD33659,NHS,4,iccad3
NHSCAD31609.png,NHSCAD31609,NHS,3,iccad3
NHSCAD32314.png,NHSCAD32314,NHS,3,iccad3
NHSCAD33397.png,NHSCAD33397,NHS,4,iccad3
NHSCAD35050.png,NHSCAD35050,NHS,4,iccad3
NHSCAD33166.png,NHSCAD33166,NHS,0,iccad3
NHSCAD31517.png,NHSCAD31517,NHS,1,iccad3
HSCAD3738.png,HSCAD3738,HS,0,iccad3
NHSCAD32796.png,NHSCAD32796,NHS,0,iccad3
NHSCAD31943.png,NHSCAD31943,NHS,1,iccad3
HSCAD3543.png,HSCAD3543,HS,4,iccad3
NHSCAD34521.png,NHSCAD34521,NHS,1,iccad3
NHSCAD31019.png,NHSCAD31019,NHS,3,iccad3
NHSCAD31137.png,NHSCAD31137,NHS,1,iccad3
NHSCAD32907.png,NHSCAD32907,NHS,1,iccad3
NHSCAD31283.png,NHSCAD31283,NHS,1,iccad3
HSCAD3292.png,HSCAD3292,HS,4,iccad3
NHSCAD33661.png,NHSCAD33661,NHS,1,iccad3
NHSCAD3989.png,NHSCAD3989,NHS,4,iccad3
HSCAD366.png,HSCAD366,HS,3,iccad3
HSCAD3528.png,HSCAD3528,HS,3,iccad3
NHSCAD34978.png,NHSCAD34978,NHS,4,iccad3
NHSCAD32220.png,NHSCAD32220,NHS,3,iccad3
NHSCAD31902.png,NHSCAD31902,NHS,1,iccad3
NHSCAD33558.png,NHSCAD33558,NHS,1,iccad3
NHSCAD35076.png,NHSCAD35076,NHS,0,iccad3
NHSCAD31218.png,NHSCAD31218,NHS,2,iccad3
NHSCAD33339.png,NHSCAD33339,NHS,3,iccad3
NHSCAD31044.png,NHSCAD31044,NHS,2,iccad3
HSCAD3422.png,HSCAD3422,HS,0,iccad3
HSCAD3136.png,HSCAD3136,HS,2,iccad3
NHSCAD32497.png,NHSCAD32497,NHS,4,iccad3
NHSCAD31187.png,NHSCAD31187,NHS,4,iccad3
NHSCAD34330.png,NHSCAD34330,NHS,4,iccad3
HSCAD3725.png,HSCAD3725,HS,2,iccad3
NHSCAD32100.png,NHSCAD32100,NHS,4,iccad3
NHSCAD35155.png,NHSCAD35155,NHS,3,iccad3
NHSCAD33950.png,NHSCAD33950,NHS,4,iccad3
NHSCAD34365.png,NHSCAD34365,NHS,4,iccad3
NHSCAD34277.png,NHSCAD34277,NHS,1,iccad3
NHSCAD33548.png,NHSCAD33548,NHS,2,iccad3
NHSCAD34305.png,NHSCAD34305,NHS,4,iccad3
NHSCAD33366.png,NHSCAD33366,NHS,0,iccad3
NHSCAD33434.png,NHSCAD33434,NHS,3,iccad3
NHSCAD31640.png,NHSCAD31640,NHS,3,iccad3
NHSCAD34597.png,NHSCAD34597,NHS,0,iccad3
HSCAD3605.png,HSCAD3605,HS,4,iccad3
NHSCAD35334.png,NHSCAD35334,NHS,3,iccad3
NHSCAD31298.png,NHSCAD31298,NHS,2,iccad3
NHSCAD34765.png,NHSCAD34765,NHS,4,iccad3
NHSCAD35284.png,NHSCAD35284,NHS,4,iccad3
HSCAD3601.png,HSCAD3601,HS,4,iccad3
HSCAD3827.png,HSCAD3827,HS,3,iccad3
NHSCAD33881.png,NHSCAD33881,NHS,0,iccad3
NHSCAD33213.png,NHSCAD33213,NHS,1,iccad3
NHSCAD33426.png,NHSCAD33426,NHS,0,iccad3
NHSCAD33893.png,NHSCAD33893,NHS,2,iccad3
HSCAD3231.png,HSCAD3231,HS,2,iccad3
NHSCAD31755.png,NHSCAD31755,NHS,4,iccad3
NHSCAD32509.png,NHSCAD32509,NHS,1,iccad3
NHSCAD31393.png,NHSCAD31393,NHS,2,iccad3
NHSCAD34082.png,NHSCAD34082,NHS,3,iccad3
HSCAD3416.png,HSCAD3416,HS,3,iccad3
NHSCAD33689.png,NHSCAD33689,NHS,2,iccad3
HSCAD3734.png,HSCAD3734,HS,1,iccad3
NHSCAD33743.png,NHSCAD33743,NHS,3,iccad3
NHSCAD33341.png,NHSCAD33341,NHS,0,iccad3
NHSCAD32335.png,NHSCAD32335,NHS,3,iccad3
NHSCAD32848.png,NHSCAD32848,NHS,1,iccad3
NHSCAD33539.png,NHSCAD33539,NHS,3,iccad3
NHSCAD34135.png,NHSCAD34135,NHS,4,iccad3
HSCAD3783.png,HSCAD3783,HS,0,iccad3
NHSCAD35545.png,NHSCAD35545,NHS,4,iccad3
NHSCAD31704.png,NHSCAD31704,NHS,4,iccad3
NHSCAD32850.png,NHSCAD32850,NHS,3,iccad3
NHSCAD32667.png,NHSCAD32667,NHS,0,iccad3
NHSCAD34076.png,NHSCAD34076,NHS,2,iccad3
NHSCAD32520.png,NHSCAD32520,NHS,3,iccad3
NHSCAD34371.png,NHSCAD34371,NHS,0,iccad3
NHSCAD31726.png,NHSCAD31726,NHS,3,iccad3
NHSCAD34559.png,NHSCAD34559,NHS,2,iccad3
HSCAD3497.png,HSCAD3497,HS,3,iccad3
HSCAD3127.png,HSCAD3127,HS,4,iccad3
NHSCAD34138.png,NHSCAD34138,NHS,2,iccad3
NHSCAD33614.png,NHSCAD33614,NHS,2,iccad3
NHSCAD34750.png,NHSCAD34750,NHS,3,iccad3
NHSCAD32132.png,NHSCAD32132,NHS,3,iccad3
NHSCAD31158.png,NHSCAD31158,NHS,2,iccad3
NHSCAD3990.png,NHSCAD3990,NHS,0,iccad3
NHSCAD31216.png,NHSCAD31216,NHS,0,iccad3
NHSCAD31561.png,NHSCAD31561,NHS,0,iccad3
NHSCAD35122.png,NHSCAD35122,NHS,1,iccad3
NHSCAD31507.png,NHSCAD31507,NHS,1,iccad3
NHSCAD32871.png,NHSCAD32871,NHS,1,iccad3
NHSCAD33780.png,NHSCAD33780,NHS,3,iccad3
NHSCAD31990.png,NHSCAD31990,NHS,3,iccad3
HSCAD3774.png,HSCAD3774,HS,0,iccad3
NHSCAD32741.png,NHSCAD32741,NHS,0,iccad3
NHSCAD31192.png,NHSCAD31192,NHS,4,iccad3
NHSCAD31412.png,NHSCAD31412,NHS,0,iccad3
HSCAD3651.png,HSCAD3651,HS,3,iccad3
NHSCAD34635.png,NHSCAD34635,NHS,4,iccad3
HSCAD3643.png,HSCAD3643,HS,2,iccad3
HSCAD3170.png,HSCAD3170,HS,2,iccad3
NHSCAD34755.png,NHSCAD34755,NHS,4,iccad3
NHSCAD31425.png,NHSCAD31425,NHS,4,iccad3
NHSCAD34339.png,NHSCAD34339,NHS,3,iccad3
NHSCAD34032.png,NHSCAD34032,NHS,3,iccad3
NHSCAD33730.png,NHSCAD33730,NHS,4,iccad3
NHSCAD31796.png,NHSCAD31796,NHS,3,iccad3
NHSCAD34258.png,NHSCAD34258,NHS,2,iccad3
NHSCAD34548.png,NHSCAD34548,NHS,4,iccad3
NHSCAD32256.png,NHSCAD32256,NHS,0,iccad3
HSCAD3642.png,HSCAD3642,HS,2,iccad3
NHSCAD32144.png,NHSCAD32144,NHS,4,iccad3
HSCAD3442.png,HSCAD3442,HS,1,iccad3
NHSCAD34112.png,NHSCAD34112,NHS,3,iccad3
NHSCAD35149.png,NHSCAD35149,NHS,2,iccad3
NHSCAD31220.png,NHSCAD31220,NHS,4,iccad3
NHSCAD33664.png,NHSCAD33664,NHS,3,iccad3
HSCAD3254.png,HSCAD3254,HS,4,iccad3
NHSCAD33557.png,NHSCAD33557,NHS,3,iccad3
NHSCAD31250.png,NHSCAD31250,NHS,0,iccad3
NHSCAD34578.png,NHSCAD34578,NHS,2,iccad3
NHSCAD31309.png,NHSCAD31309,NHS,3,iccad3
NHSCAD31391.png,NHSCAD31391,NHS,1,iccad3
NHSCAD31327.png,NHSCAD31327,NHS,0,iccad3
NHSCAD34438.png,NHSCAD34438,NHS,2,iccad3
NHSCAD31233.png,NHSCAD31233,NHS,2,iccad3
HSCAD3584.png,HSCAD3584,HS,4,iccad3
HSCAD3698.png,HSCAD3698,HS,0,iccad3
NHSCAD34653.png,NHSCAD34653,NHS,2,iccad3
HSCAD3488.png,HSCAD3488,HS,1,iccad3
NHSCAD32490.png,NHSCAD32490,NHS,3,iccad3
HSCAD3645.png,HSCAD3645,HS,1,iccad3
NHSCAD34546.png,NHSCAD34546,NHS,1,iccad3
NHSCAD34179.png,NHSCAD34179,NHS,2,iccad3
NHSCAD31748.png,NHSCAD31748,NHS,2,iccad3
NHSCAD32355.png,NHSCAD32355,NHS,4,iccad3
NHSCAD31839.png,NHSCAD31839,NHS,1,iccad3
NHSCAD33454.png,NHSCAD33454,NHS,3,iccad3
NHSCAD34726.png,NHSCAD34726,NHS,0,iccad3
HSCAD3746.png,HSCAD3746,HS,2,iccad3
NHSCAD32775.png,NHSCAD32775,NHS,3,iccad3
HSCAD3663.png,HSCAD3663,HS,2,iccad3
NHSCAD32695.png,NHSCAD32695,NHS,4,iccad3
NHSCAD33592.png,NHSCAD33592,NHS,3,iccad3
HSCAD3652.png,HSCAD3652,HS,0,iccad3
NHSCAD34023.png,NHSCAD34023,NHS,4,iccad3
NHSCAD32090.png,NHSCAD32090,NHS,4,iccad3
NHSCAD31318.png,NHSCAD31318,NHS,4,iccad3
NHSCAD33681.png,NHSCAD33681,NHS,3,iccad3
NHSCAD31314.png,NHSCAD31314,NHS,2,iccad3
NHSCAD34383.png,NHSCAD34383,NHS,2,iccad3
NHSCAD35396.png,NHSCAD35396,NHS,2,iccad3
NHSCAD33311.png,NHSCAD33311,NHS,0,iccad3
NHSCAD31258.png,NHSCAD31258,NHS,2,iccad3
HSCAD3499.png,HSCAD3499,HS,4,iccad3
NHSCAD33504.png,NHSCAD33504,NHS,1,iccad3
NHSCAD33009.png,NHSCAD33009,NHS,0,iccad3
NHSCAD31339.png,NHSCAD31339,NHS,4,iccad3
NHSCAD32956.png,NHSCAD32956,NHS,0,iccad3
HSCAD3378.png,HSCAD3378,HS,1,iccad3
NHSCAD31925.png,NHSCAD31925,NHS,2,iccad3
NHSCAD34177.png,NHSCAD34177,NHS,1,iccad3
NHSCAD34168.png,NHSCAD34168,NHS,1,iccad3
NHSCAD35266.png,NHSCAD35266,NHS,2,iccad3
HSCAD3837.png,HSCAD3837,HS,0,iccad3
NHSCAD32880.png,NHSCAD32880,NHS,3,iccad3
NHSCAD32764.png,NHSCAD32764,NHS,3,iccad3
HSCAD3622.png,HSCAD3622,HS,3,iccad3
NHSCAD32910.png,NHSCAD32910,NHS,4,iccad3
HSCAD3169.png,HSCAD3169,HS,3,iccad3
NHSCAD33130.png,NHSCAD33130,NHS,3,iccad3
NHSCAD34678.png,NHSCAD34678,NHS,3,iccad3
NHSCAD32367.png,NHSCAD32367,NHS,3,iccad3
NHSCAD33140.png,NHSCAD33140,NHS,3,iccad3
HSCAD3443.png,HSCAD3443,HS,2,iccad3
HSCAD3339.png,HSCAD3339,HS,0,iccad3
HSCAD3463.png,HSCAD3463,HS,0,iccad3
HSCAD3865.png,HSCAD3865,HS,4,iccad3
NHSCAD34830.png,NHSCAD34830,NHS,4,iccad3
NHSCAD33379.png,NHSCAD33379,NHS,3,iccad3
NHSCAD31910.png,NHSCAD31910,NHS,4,iccad3
NHSCAD32737.png,NHSCAD32737,NHS,1,iccad3
NHSCAD31399.png,NHSCAD31399,NHS,3,iccad3
HSCAD3458.png,HSCAD3458,HS,1,iccad3
NHSCAD33911.png,NHSCAD33911,NHS,4,iccad3
NHSCAD35395.png,NHSCAD35395,NHS,4,iccad3
HSCAD3368.png,HSCAD3368,HS,4,iccad3
NHSCAD34402.png,NHSCAD34402,NHS,0,iccad3
NHSCAD34214.png,NHSCAD34214,NHS,4,iccad3
NHSCAD35132.png,NHSCAD35132,NHS,0,iccad3
NHSCAD31670.png,NHSCAD31670,NHS,3,iccad3
NHSCAD3948.png,NHSCAD3948,NHS,0,iccad3
NHSCAD33468.png,NHSCAD33468,NHS,1,iccad3
NHSCAD35219.png,NHSCAD35219,NHS,1,iccad3
NHSCAD34832.png,NHSCAD34832,NHS,1,iccad3
NHSCAD32836.png,NHSCAD32836,NHS,0,iccad3
NHSCAD33272.png,NHSCAD33272,NHS,1,iccad3
NHSCAD33274.png,NHSCAD33274,NHS,3,iccad3
NHSCAD31753.png,NHSCAD31753,NHS,2,iccad3
NHSCAD31400.png,NHSCAD31400,NHS,4,iccad3
NHSCAD33924.png,NHSCAD33924,NHS,3,iccad3
NHSCAD31706.png,NHSCAD31706,NHS,0,iccad3
NHSCAD33167.png,NHSCAD33167,NHS,2,iccad3
NHSCAD33173.png,NHSCAD33173,NHS,4,iccad3
NHSCAD34890.png,NHSCAD34890,NHS,4,iccad3
NHSCAD3986.png,NHSCAD3986,NHS,3,iccad3
NHSCAD31941.png,NHSCAD31941,NHS,2,iccad3
NHSCAD33239.png,NHSCAD33239,NHS,0,iccad3
NHSCAD35388.png,NHSCAD35388,NHS,1,iccad3
NHSCAD33151.png,NHSCAD33151,NHS,3,iccad3
HSCAD3186.png,HSCAD3186,HS,2,iccad3
NHSCAD31503.png,NHSCAD31503,NHS,2,iccad3
NHSCAD35273.png,NHSCAD35273,NHS,4,iccad3
NHSCAD34367.png,NHSCAD34367,NHS,3,iccad3
NHSCAD33233.png,NHSCAD33233,NHS,1,iccad3
NHSCAD33770.png,NHSCAD33770,NHS,4,iccad3
HSCAD3386.png,HSCAD3386,HS,4,iccad3
HSCAD3178.png,HSCAD3178,HS,3,iccad3
NHSCAD34649.png,NHSCAD34649,NHS,3,iccad3
NHSCAD31197.png,NHSCAD31197,NHS,4,iccad3
NHSCAD34674.png,NHSCAD34674,NHS,3,iccad3
NHSCAD31795.png,NHSCAD31795,NHS,3,iccad3
HSCAD3341.png,HSCAD3341,HS,1,iccad3
HSCAD3851.png,HSCAD3851,HS,1,iccad3
NHSCAD35401.png,NHSCAD35401,NHS,2,iccad3
NHSCAD3917.png,NHSCAD3917,NHS,4,iccad3
NHSCAD32462.png,NHSCAD32462,NHS,2,iccad3
NHSCAD32233.png,NHSCAD32233,NHS,2,iccad3
NHSCAD31763.png,NHSCAD31763,NHS,1,iccad3
NHSCAD35214.png,NHSCAD35214,NHS,1,iccad3
NHSCAD34549.png,NHSCAD34549,NHS,0,iccad3
NHSCAD31367.png,NHSCAD31367,NHS,1,iccad3
NHSCAD35167.png,NHSCAD35167,NHS,3,iccad3
HSCAD3896.png,HSCAD3896,HS,0,iccad3
NHSCAD32802.png,NHSCAD32802,NHS,1,iccad3
NHSCAD32940.png,NHSCAD32940,NHS,4,iccad3
NHSCAD31372.png,NHSCAD31372,NHS,1,iccad3
HSCAD3552.png,HSCAD3552,HS,3,iccad3
NHSCAD31178.png,NHSCAD31178,NHS,0,iccad3
NHSCAD31092.png,NHSCAD31092,NHS,3,iccad3
NHSCAD33231.png,NHSCAD33231,NHS,3,iccad3
NHSCAD33739.png,NHSCAD33739,NHS,3,iccad3
NHSCAD33907.png,NHSCAD33907,NHS,1,iccad3
NHSCAD32615.png,NHSCAD32615,NHS,3,iccad3
HSCAD3141.png,HSCAD3141,HS,3,iccad3
NHSCAD32085.png,NHSCAD32085,NHS,4,iccad3
NHSCAD32748.png,NHSCAD32748,NHS,4,iccad3
NHSCAD32716.png,NHSCAD32716,NHS,0,iccad3
NHSCAD32483.png,NHSCAD32483,NHS,2,iccad3
NHSCAD35443.png,NHSCAD35443,NHS,1,iccad3
HSCAD3177.png,HSCAD3177,HS,0,iccad3
NHSCAD32303.png,NHSCAD32303,NHS,2,iccad3
HSCAD3411.png,HSCAD3411,HS,3,iccad3
HSCAD3819.png,HSCAD3819,HS,0,iccad3
NHSCAD33217.png,NHSCAD33217,NHS,1,iccad3
NHSCAD32554.png,NHSCAD32554,NHS,3,iccad3
NHSCAD31893.png,NHSCAD31893,NHS,1,iccad3
NHSCAD33058.png,NHSCAD33058,NHS,1,iccad3
NHSCAD33378.png,NHSCAD33378,NHS,2,iccad3
NHSCAD32444.png,NHSCAD32444,NHS,3,iccad3
NHSCAD31565.png,NHSCAD31565,NHS,3,iccad3
NHSCAD34854.png,NHSCAD34854,NHS,3,iccad3
NHSCAD31585.png,NHSCAD31585,NHS,4,iccad3
NHSCAD33834.png,NHSCAD33834,NHS,3,iccad3
NHSCAD34081.png,NHSCAD34081,NHS,1,iccad3
HSCAD3406.png,HSCAD3406,HS,0,iccad3
NHSCAD32146.png,NHSCAD32146,NHS,0,iccad3
NHSCAD34282.png,NHSCAD34282,NHS,0,iccad3
NHSCAD35191.png,NHSCAD35191,NHS,2,iccad3
NHSCAD33725.png,NHSCAD33725,NHS,4,iccad3
NHSCAD31449.png,NHSCAD31449,NHS,3,iccad3
NHSCAD31208.png,NHSCAD31208,NHS,3,iccad3
HSCAD3686.png,HSCAD3686,HS,1,iccad3
NHSCAD35275.png,NHSCAD35275,NHS,3,iccad3
NHSCAD33966.png,NHSCAD33966,NHS,0,iccad3
NHSCAD3961.png,NHSCAD3961,NHS,0,iccad3
NHSCAD33011.png,NHSCAD33011,NHS,1,iccad3
NHSCAD35260.png,NHSCAD35260,NHS,4,iccad3
NHSCAD34465.png,NHSCAD34465,NHS,4,iccad3
NHSCAD32770.png,NHSCAD32770,NHS,4,iccad3
NHSCAD32535.png,NHSCAD32535,NHS,4,iccad3
NHSCAD31917.png,NHSCAD31917,NHS,3,iccad3
NHSCAD32038.png,NHSCAD32038,NHS,0,iccad3
HSCAD3183.png,HSCAD3183,HS,4,iccad3
NHSCAD34788.png,NHSCAD34788,NHS,4,iccad3
NHSCAD35151.png,NHSCAD35151,NHS,0,iccad3
HSCAD349.png,HSCAD349,HS,4,iccad3
HSCAD3521.png,HSCAD3521,HS,3,iccad3
NHSCAD32124.png,NHSCAD32124,NHS,1,iccad3
NHSCAD31048.png,NHSCAD31048,NHS,1,iccad3
NHSCAD34897.png,NHSCAD34897,NHS,0,iccad3
HSCAD344.png,HSCAD344,HS,2,iccad3
NHSCAD32014.png,NHSCAD32014,NHS,4,iccad3
NHSCAD34107.png,NHSCAD34107,NHS,0,iccad3
NHSCAD33774.png,NHSCAD33774,NHS,3,iccad3
HSCAD3539.png,HSCAD3539,HS,4,iccad3
NHSCAD35294.png,NHSCAD35294,NHS,3,iccad3
NHSCAD32228.png,NHSCAD32228,NHS,4,iccad3
NHSCAD33819.png,NHSCAD33819,NHS,4,iccad3
NHSCAD33815.png,NHSCAD33815,NHS,2,iccad3
NHSCAD32446.png,NHSCAD32446,NHS,0,iccad3
NHSCAD34742.png,NHSCAD34742,NHS,0,iccad3
NHSCAD33856.png,NHSCAD33856,NHS,3,iccad3
NHSCAD35315.png,NHSCAD35315,NHS,3,iccad3
NHSCAD33600.png,NHSCAD33600,NHS,3,iccad3
NHSCAD32448.png,NHSCAD32448,NHS,1,iccad3
NHSCAD35211.png,NHSCAD35211,NHS,2,iccad3
NHSCAD31832.png,NHSCAD31832,NHS,4,iccad3
NHSCAD33188.png,NHSCAD33188,NHS,2,iccad3
NHSCAD32384.png,NHSCAD32384,NHS,4,iccad3
NHSCAD32394.png,NHSCAD32394,NHS,4,iccad3
NHSCAD34658.png,NHSCAD34658,NHS,1,iccad3
NHSCAD32191.png,NHSCAD32191,NHS,0,iccad3
HSCAD3711.png,HSCAD3711,HS,1,iccad3
NHSCAD31012.png,NHSCAD31012,NHS,1,iccad3
HSCAD3496.png,HSCAD3496,HS,1,iccad3
NHSCAD33514.png,NHSCAD33514,NHS,1,iccad3
HSCAD3766.png,HSCAD3766,HS,3,iccad3
NHSCAD33954.png,NHSCAD33954,NHS,3,iccad3
NHSCAD31637.png,NHSCAD31637,NHS,4,iccad3
NHSCAD32975.png,NHSCAD32975,NHS,4,iccad3
NHSCAD32753.png,NHSCAD32753,NHS,1,iccad3
NHSCAD31286.png,NHSCAD31286,NHS,3,iccad3
NHSCAD32277.png,NHSCAD32277,NHS,2,iccad3
NHSCAD34119.png,NHSCAD34119,NHS,1,iccad3
NHSCAD33141.png,NHSCAD33141,NHS,0,iccad3
HSCAD3279.png,HSCAD3279,HS,0,iccad3
NHSCAD35501.png,NHSCAD35501,NHS,0,iccad3
NHSCAD32295.png,NHSCAD32295,NHS,3,iccad3
HSCAD3595.png,HSCAD3595,HS,1,iccad3
NHSCAD35436.png,NHSCAD35436,NHS,1,iccad3
NHSCAD31555.png,NHSCAD31555,NHS,3,iccad3
NHSCAD32175.png,NHSCAD32175,NHS,2,iccad3
NHSCAD33435.png,NHSCAD33435,NHS,4,iccad3
HSCAD314.png,HSCAD314,HS,1,iccad3
NHSCAD33381.png,NHSCAD33381,NHS,0,iccad3
NHSCAD32683.png,NHSCAD32683,NHS,2,iccad3
NHSCAD3916.png,NHSCAD3916,NHS,3,iccad3
NHSCAD33424.png,NHSCAD33424,NHS,1,iccad3
NHSCAD35532.png,NHSCAD35532,NHS,1,iccad3
NHSCAD31435.png,NHSCAD31435,NHS,4,iccad3
HSCAD3675.png,HSCAD3675,HS,0,iccad3
NHSCAD31053.png,NHSCAD31053,NHS,2,iccad3
NHSCAD33475.png,NHSCAD33475,NHS,4,iccad3
NHSCAD35457.png,NHSCAD35457,NHS,0,iccad3
NHSCAD32208.png,NHSCAD32208,NHS,0,iccad3
NHSCAD33491.png,NHSCAD33491,NHS,2,iccad3
NHSCAD31438.png,NHSCAD31438,NHS,0,iccad3
NHSCAD32310.png,NHSCAD32310,NHS,4,iccad3
NHSCAD31921.png,NHSCAD31921,NHS,0,iccad3
NHSCAD33016.png,NHSCAD33016,NHS,1,iccad3
NHSCAD31396.png,NHSCAD31396,NHS,0,iccad3
NHSCAD32895.png,NHSCAD32895,NHS,4,iccad3
NHSCAD34520.png,NHSCAD34520,NHS,4,iccad3
NHSCAD31055.png,NHSCAD31055,NHS,4,iccad3
NHSCAD32763.png,NHSCAD32763,NHS,2,iccad3
NHSCAD32963.png,NHSCAD32963,NHS,3,iccad3
NHSCAD32759.png,NHSCAD32759,NHS,2,iccad3
NHSCAD34846.png,NHSCAD34846,NHS,0,iccad3
NHSCAD33461.png,NHSCAD33461,NHS,0,iccad3
NHSCAD32009.png,NHSCAD32009,NHS,1,iccad3
NHSCAD34933.png,NHSCAD34933,NHS,1,iccad3
NHSCAD32879.png,NHSCAD32879,NHS,0,iccad3
NHSCAD35329.png,NHSCAD35329,NHS,3,iccad3
HSCAD3161.png,HSCAD3161,HS,0,iccad3
NHSCAD33054.png,NHSCAD33054,NHS,1,iccad3
HSCAD3314.png,HSCAD3314,HS,0,iccad3
NHSCAD33781.png,NHSCAD33781,NHS,0,iccad3
NHSCAD33758.png,NHSCAD33758,NHS,2,iccad3
NHSCAD34373.png,NHSCAD34373,NHS,4,iccad3
NHSCAD33367.png,NHSCAD33367,NHS,2,iccad3
NHSCAD32937.png,NHSCAD32937,NHS,0,iccad3
NHSCAD34270.png,NHSCAD34270,NHS,4,iccad3
NHSCAD32857.png,NHSCAD32857,NHS,1,iccad3
NHSCAD35085.png,NHSCAD35085,NHS,4,iccad3
NHSCAD33357.png,NHSCAD33357,NHS,2,iccad3
NHSCAD33330.png,NHSCAD33330,NHS,1,iccad3
NHSCAD33603.png,NHSCAD33603,NHS,1,iccad3
NHSCAD31441.png,NHSCAD31441,NHS,0,iccad3
NHSCAD31771.png,NHSCAD31771,NHS,0,iccad3
NHSCAD33605.png,NHSCAD33605,NHS,3,iccad3
NHSCAD32035.png,NHSCAD32035,NHS,2,iccad3
NHSCAD32197.png,NHSCAD32197,NHS,0,iccad3
NHSCAD33857.png,NHSCAD33857,NHS,0,iccad3
NHSCAD32709.png,NHSCAD32709,NHS,3,iccad3
NHSCAD31453.png,NHSCAD31453,NHS,1,iccad3
HSCAD3902.png,HSCAD3902,HS,3,iccad3
NHSCAD32920.png,NHSCAD32920,NHS,4,iccad3
NHSCAD32092.png,NHSCAD32092,NHS,2,iccad3
HSCAD346.png,HSCAD346,HS,2,iccad3
NHSCAD31572.png,NHSCAD31572,NHS,3,iccad3
NHSCAD34164.png,NHSCAD34164,NHS,3,iccad3
NHSCAD33244.png,NHSCAD33244,NHS,0,iccad3
HSCAD3826.png,HSCAD3826,HS,1,iccad3
HSCAD3119.png,HSCAD3119,HS,3,iccad3
NHSCAD34959.png,NHSCAD34959,NHS,3,iccad3
HSCAD3131.png,HSCAD3131,HS,4,iccad3
NHSCAD33952.png,NHSCAD33952,NHS,1,iccad3
NHSCAD35437.png,NHSCAD35437,NHS,0,iccad3
NHSCAD31445.png,NHSCAD31445,NHS,3,iccad3
NHSCAD33090.png,NHSCAD33090,NHS,4,iccad3
NHSCAD31261.png,NHSCAD31261,NHS,0,iccad3
NHSCAD32012.png,NHSCAD32012,NHS,2,iccad3
NHSCAD33961.png,NHSCAD33961,NHS,0,iccad3
NHSCAD31552.png,NHSCAD31552,NHS,2,iccad3
NHSCAD32842.png,NHSCAD32842,NHS,2,iccad3
HSCAD3705.png,HSCAD3705,HS,4,iccad3
NHSCAD32099.png,NHSCAD32099,NHS,1,iccad3
NHSCAD34286.png,NHSCAD34286,NHS,0,iccad3
NHSCAD31884.png,NHSCAD31884,NHS,1,iccad3
HSCAD3832.png,HSCAD3832,HS,0,iccad3
NHSCAD34504.png,NHSCAD34504,NHS,0,iccad3
NHSCAD31587.png,NHSCAD31587,NHS,3,iccad3
HSCAD3541.png,HSCAD3541,HS,2,iccad3
NHSCAD34206.png,NHSCAD34206,NHS,0,iccad3
NHSCAD33258.png,NHSCAD33258,NHS,4,iccad3
NHSCAD31574.png,NHSCAD31574,NHS,2,iccad3
NHSCAD34848.png,NHSCAD34848,NHS,2,iccad3
NHSCAD31122.png,NHSCAD31122,NHS,0,iccad3
NHSCAD31635.png,NHSCAD31635,NHS,4,iccad3
NHSCAD33246.png,NHSCAD33246,NHS,1,iccad3
HSCAD3167.png,HSCAD3167,HS,1,iccad3
NHSCAD34435.png,NHSCAD34435,NHS,4,iccad3
NHSCAD35208.png,NHSCAD35208,NHS,0,iccad3
NHSCAD33261.png,NHSCAD33261,NHS,0,iccad3
NHSCAD32835.png,NHSCAD32835,NHS,4,iccad3
HSCAD327.png,HSCAD327,HS,0,iccad3
NHSCAD35471.png,NHSCAD35471,NHS,2,iccad3
NHSCAD31758.png,NHSCAD31758,NHS,1,iccad3
HSCAD3570.png,HSCAD3570,HS,3,iccad3
NHSCAD32568.png,NHSCAD32568,NHS,2,iccad3
NHSCAD35123.png,NHSCAD35123,NHS,2,iccad3
HSCAD3126.png,HSCAD3126,HS,2,iccad3
NHSCAD32964.png,NHSCAD32964,NHS,2,iccad3
NHSCAD32838.png,NHSCAD32838,NHS,2,iccad3
NHSCAD32690.png,NHSCAD32690,NHS,4,iccad3
NHSCAD31390.png,NHSCAD31390,NHS,4,iccad3
NHSCAD31525.png,NHSCAD31525,NHS,4,iccad3
HSCAD3666.png,HSCAD3666,HS,0,iccad3
NHSCAD34384.png,NHSCAD34384,NHS,3,iccad3
HSCAD3287.png,HSCAD3287,HS,4,iccad3
NHSCAD32745.png,NHSCAD32745,NHS,4,iccad3
NHSCAD34982.png,NHSCAD34982,NHS,1,iccad3
NHSCAD35092.png,NHSCAD35092,NHS,0,iccad3
NHSCAD35279.png,NHSCAD35279,NHS,4,iccad3
NHSCAD31040.png,NHSCAD31040,NHS,4,iccad3
NHSCAD31353.png,NHSCAD31353,NHS,2,iccad3
HSCAD3588.png,HSCAD3588,HS,1,iccad3
NHSCAD31467.png,NHSCAD31467,NHS,0,iccad3
NHSCAD33747.png,NHSCAD33747,NHS,0,iccad3
HSCAD3557.png,HSCAD3557,HS,3,iccad3
NHSCAD34536.png,NHSCAD34536,NHS,1,iccad3
NHSCAD32362.png,NHSCAD32362,NHS,0,iccad3
NHSCAD35248.png,NHSCAD35248,NHS,0,iccad3
NHSCAD34231.png,NHSCAD34231,NHS,1,iccad3
NHSCAD33047.png,NHSCAD33047,NHS,4,iccad3
NHSCAD33174.png,NHSCAD33174,NHS,1,iccad3
HSCAD3130.png,HSCAD3130,HS,2,iccad3
NHSCAD34140.png,NHSCAD34140,NHS,4,iccad3
HSCAD3413.png,HSCAD3413,HS,0,iccad3
NHSCAD3939.png,NHSCAD3939,NHS,3,iccad3
NHSCAD35262.png,NHSCAD35262,NHS,4,iccad3
NHSCAD34299.png,NHSCAD34299,NHS,2,iccad3
NHSCAD31814.png,NHSCAD31814,NHS,4,iccad3
NHSCAD31931.png,NHSCAD31931,NHS,0,iccad3
NHSCAD34300.png,NHSCAD34300,NHS,4,iccad3
NHSCAD34564.png,NHSCAD34564,NHS,3,iccad3
NHSCAD32342.png,NHSCAD32342,NHS,1,iccad3
NHSCAD31897.png,NHSCAD31897,NHS,1,iccad3
NHSCAD32137.png,NHSCAD32137,NHS,1,iccad3
NHSCAD31677.png,NHSCAD31677,NHS,1,iccad3
NHSCAD31645.png,NHSCAD31645,NHS,4,iccad3
NHSCAD32824.png,NHSCAD32824,NHS,4,iccad3
NHSCAD34916.png,NHSCAD34916,NHS,2,iccad3
NHSCAD35189.png,NHSCAD35189,NHS,3,iccad3
NHSCAD33523.png,NHSCAD33523,NHS,2,iccad3
NHSCAD34785.png,NHSCAD34785,NHS,3,iccad3
NHSCAD35053.png,NHSCAD35053,NHS,2,iccad3
NHSCAD33220.png,NHSCAD33220,NHS,2,iccad3
NHSCAD32526.png,NHSCAD32526,NHS,0,iccad3
NHSCAD35295.png,NHSCAD35295,NHS,4,iccad3
NHSCAD32222.png,NHSCAD32222,NHS,1,iccad3
HSCAD3727.png,HSCAD3727,HS,3,iccad3
NHSCAD35121.png,NHSCAD35121,NHS,0,iccad3
NHSCAD32965.png,NHSCAD32965,NHS,4,iccad3
NHSCAD32579.png,NHSCAD32579,NHS,3,iccad3
HSCAD3820.png,HSCAD3820,HS,4,iccad3
NHSCAD3949.png,NHSCAD3949,NHS,1,iccad3
HSCAD3450.png,HSCAD3450,HS,4,iccad3
NHSCAD34640.png,NHSCAD34640,NHS,4,iccad3
NHSCAD35014.png,NHSCAD35014,NHS,3,iccad3
NHSCAD34925.png,NHSCAD34925,NHS,4,iccad3
NHSCAD32278.png,NHSCAD32278,NHS,1,iccad3
NHSCAD31029.png,NHSCAD31029,NHS,4,iccad3
NHSCAD34647.png,NHSCAD34647,NHS,1,iccad3
HSCAD3745.png,HSCAD3745,HS,3,iccad3
NHSCAD32331.png,NHSCAD32331,NHS,0,iccad3
NHSCAD34769.png,NHSCAD34769,NHS,3,iccad3
NHSCAD31861.png,NHSCAD31861,NHS,3,iccad3
NHSCAD35164.png,NHSCAD35164,NHS,0,iccad3
NHSCAD31965.png,NHSCAD31965,NHS,3,iccad3
NHSCAD35204.png,NHSCAD35204,NHS,1,iccad3
NHSCAD34900.png,NHSCAD34900,NHS,3,iccad3
NHSCAD32996.png,NHSCAD32996,NHS,1,iccad3
NHSCAD35546.png,NHSCAD35546,NHS,0,iccad3
NHSCAD33673.png,NHSCAD33673,NHS,2,iccad3
NHSCAD34749.png,NHSCAD34749,NHS,4,iccad3
NHSCAD32616.png,NHSCAD32616,NHS,1,iccad3
NHSCAD33112.png,NHSCAD33112,NHS,2,iccad3
NHSCAD32285.png,NHSCAD32285,NHS,4,iccad3
NHSCAD33841.png,NHSCAD33841,NHS,0,iccad3
NHSCAD34675.png,NHSCAD34675,NHS,4,iccad3
NHSCAD32283.png,NHSCAD32283,NHS,2,iccad3
NHSCAD34879.png,NHSCAD34879,NHS,3,iccad3
NHSCAD33229.png,NHSCAD33229,NHS,3,iccad3
NHSCAD34298.png,NHSCAD34298,NHS,1,iccad3
NHSCAD35074.png,NHSCAD35074,NHS,3,iccad3
NHSCAD31634.png,NHSCAD31634,NHS,3,iccad3
NHSCAD33948.png,NHSCAD33948,NHS,2,iccad3
HSCAD3240.png,HSCAD3240,HS,2,iccad3
NHSCAD32868.png,NHSCAD32868,NHS,4,iccad3
HSCAD342.png,HSCAD342,HS,1,iccad3
NHSCAD34029.png,NHSCAD34029,NHS,1,iccad3
NHSCAD31215.png,NHSCAD31215,NHS,4,iccad3
NHSCAD34605.png,NHSCAD34605,NHS,4,iccad3
HSCAD3708.png,HSCAD3708,HS,1,iccad3
NHSCAD32793.png,NHSCAD32793,NHS,1,iccad3
NHSCAD34772.png,NHSCAD34772,NHS,1,iccad3
NHSCAD34915.png,NHSCAD34915,NHS,4,iccad3
NHSCAD32925.png,NHSCAD32925,NHS,2,iccad3
NHSCAD32001.png,NHSCAD32001,NHS,2,iccad3
NHSCAD33189.png,NHSCAD33189,NHS,3,iccad3
NHSCAD33987.png,NHSCAD33987,NHS,1,iccad3
NHSCAD31742.png,NHSCAD31742,NHS,0,iccad3
NHSCAD35490.png,NHSCAD35490,NHS,1,iccad3
NHSCAD34160.png,NHSCAD34160,NHS,4,iccad3
NHSCAD31568.png,NHSCAD31568,NHS,2,iccad3
NHSCAD34067.png,NHSCAD34067,NHS,1,iccad3
NHSCAD35308.png,NHSCAD35308,NHS,3,iccad3
NHSCAD33319.png,NHSCAD33319,NHS,3,iccad3
HSCAD3697.png,HSCAD3697,HS,4,iccad3
NHSCAD35372.png,NHSCAD35372,NHS,1,iccad3
NHSCAD34948.png,NHSCAD34948,NHS,1,iccad3
NHSCAD35000.png,NHSCAD35000,NHS,4,iccad3
NHSCAD35165.png,NHSCAD35165,NHS,1,iccad3
NHSCAD32259.png,NHSCAD32259,NHS,3,iccad3
NHSCAD31266.png,NHSCAD31266,NHS,0,iccad3
NHSCAD34902.png,NHSCAD34902,NHS,2,iccad3
HSCAD3511.png,HSCAD3511,HS,3,iccad3
NHSCAD33267.png,NHSCAD33267,NHS,0,iccad3
NHSCAD35466.png,NHSCAD35466,NHS,2,iccad3
NHSCAD32083.png,NHSCAD32083,NHS,0,iccad3
NHSCAD34132.png,NHSCAD34132,NHS,1,iccad3
NHSCAD35515.png,NHSCAD35515,NHS,4,iccad3
NHSCAD34062.png,NHSCAD34062,NHS,0,iccad3
HSCAD3245.png,HSCAD3245,HS,2,iccad3
NHSCAD31906.png,NHSCAD31906,NHS,3,iccad3
NHSCAD35348.png,NHSCAD35348,NHS,2,iccad3
NHSCAD35271.png,NHSCAD35271,NHS,2,iccad3
NHSCAD33587.png,NHSCAD33587,NHS,2,iccad3
HSCAD3613.png,HSCAD3613,HS,2,iccad3
NHSCAD31084.png,NHSCAD31084,NHS,3,iccad3
NHSCAD34724.png,NHSCAD34724,NHS,3,iccad3
NHSCAD32002.png,NHSCAD32002,NHS,0,iccad3
NHSCAD32126.png,NHSCAD32126,NHS,0,iccad3
HSCAD3731.png,HSCAD3731,HS,3,iccad3
NHSCAD31426.png,NHSCAD31426,NHS,1,iccad3
NHSCAD34495.png,NHSCAD34495,NHS,4,iccad3
NHSCAD34077.png,NHSCAD34077,NHS,0,iccad3
NHSCAD31744.png,NHSCAD31744,NHS,2,iccad3
NHSCAD32508.png,NHSCAD32508,NHS,4,iccad3
NHSCAD33492.png,NHSCAD33492,NHS,4,iccad3
NHSCAD31500.png,NHSCAD31500,NHS,3,iccad3
NHSCAD33302.png,NHSCAD33302,NHS,3,iccad3
NHSCAD34417.png,NHSCAD34417,NHS,2,iccad3
HSCAD352.png,HSCAD352,HS,4,iccad3
NHSCAD34691.png,NHSCAD34691,NHS,0,iccad3
NHSCAD35236.png,NHSCAD35236,NHS,3,iccad3
NHSCAD31225.png,NHSCAD31225,NHS,4,iccad3
HSCAD3847.png,HSCAD3847,HS,1,iccad3
HSCAD3794.png,HSCAD3794,HS,4,iccad3
NHSCAD32950.png,NHSCAD32950,NHS,4,iccad3
NHSCAD33678.png,NHSCAD33678,NHS,2,iccad3
NHSCAD35288.png,NHSCAD35288,NHS,2,iccad3
HSCAD3890.png,HSCAD3890,HS,3,iccad3
HSCAD3533.png,HSCAD3533,HS,3,iccad3
NHSCAD3933.png,NHSCAD3933,NHS,2,iccad3
NHSCAD32887.png,NHSCAD32887,NHS,2,iccad3
NHSCAD35333.png,NHSCAD35333,NHS,2,iccad3
NHSCAD34710.png,NHSCAD34710,NHS,4,iccad3
NHSCAD33690.png,NHSCAD33690,NHS,3,iccad3
NHSCAD33124.png,NHSCAD33124,NHS,3,iccad3
HSCAD388.png,HSCAD388,HS,4,iccad3
NHSCAD33727.png,NHSCAD33727,NHS,1,iccad3
HSCAD3801.png,HSCAD3801,HS,0,iccad3
NHSCAD32991.png,NHSCAD32991,NHS,3,iccad3
NHSCAD35090.png,NHSCAD35090,NHS,4,iccad3
NHSCAD32711.png,NHSCAD32711,NHS,0,iccad3
HSCAD3732.png,HSCAD3732,HS,4,iccad3
HSCAD324.png,HSCAD324,HS,1,iccad3
NHSCAD33903.png,NHSCAD33903,NHS,1,iccad3
NHSCAD34103.png,NHSCAD34103,NHS,1,iccad3
NHSCAD32585.png,NHSCAD32585,NHS,4,iccad3
HSCAD3461.png,HSCAD3461,HS,4,iccad3
NHSCAD32674.png,NHSCAD32674,NHS,3,iccad3
NHSCAD35028.png,NHSCAD35028,NHS,4,iccad3
NHSCAD33687.png,NHSCAD33687,NHS,4,iccad3
NHSCAD33566.png,NHSCAD33566,NHS,0,iccad3
NHSCAD32203.png,NHSCAD32203,NHS,2,iccad3
NHSCAD33048.png,NHSCAD33048,NHS,1,iccad3
NHSCAD31424.png,NHSCAD31424,NHS,3,iccad3
NHSCAD34608.png,NHSCAD34608,NHS,0,iccad3
NHSCAD33563.png,NHSCAD33563,NHS,1,iccad3
NHSCAD32673.png,NHSCAD32673,NHS,1,iccad3
NHSCAD34541.png,NHSCAD34541,NHS,1,iccad3
NHSCAD32160.png,NHSCAD32160,NHS,4,iccad3
NHSCAD32019.png,NHSCAD32019,NHS,3,iccad3
NHSCAD33545.png,NHSCAD33545,NHS,4,iccad3
NHSCAD33847.png,NHSCAD33847,NHS,0,iccad3
NHSCAD34508.png,NHSCAD34508,NHS,2,iccad3
NHSCAD31120.png,NHSCAD31120,NHS,3,iccad3
NHSCAD34243.png,NHSCAD34243,NHS,4,iccad3
NHSCAD31717.png,NHSCAD31717,NHS,3,iccad3
NHSCAD31413.png,NHSCAD31413,NHS,2,iccad3
NHSCAD35422.png,NHSCAD35422,NHS,1,iccad3
HSCAD3219.png,HSCAD3219,HS,2,iccad3
HSCAD3679.png,HSCAD3679,HS,3,iccad3
NHSCAD33148.png,NHSCAD33148,NHS,3,iccad3
HSCAD3619.png,HSCAD3619,HS,3,iccad3
HSCAD3409.png,HSCAD3409,HS,1,iccad3
NHSCAD32402.png,NHSCAD32402,NHS,1,iccad3
HSCAD3142.png,HSCAD3142,HS,4,iccad3
HSCAD354.png,HSCAD354,HS,0,iccad3
NHSCAD34655.png,NHSCAD34655,NHS,4,iccad3
NHSCAD34370.png,NHSCAD34370,NHS,2,iccad3
NHSCAD35124.png,NHSCAD35124,NHS,4,iccad3
NHSCAD33297.png,NHSCAD33297,NHS,1,iccad3
NHSCAD32345.png,NHSCAD32345,NHS,3,iccad3
HSCAD3424.png,HSCAD3424,HS,3,iccad3
NHSCAD34437.png,NHSCAD34437,NHS,0,iccad3
NHSCAD35055.png,NHSCAD35055,NHS,4,iccad3
NHSCAD34690.png,NHSCAD34690,NHS,4,iccad3
NHSCAD34152.png,NHSCAD34152,NHS,1,iccad3
NHSCAD34775.png,NHSCAD34775,NHS,4,iccad3
NHSCAD31324.png,NHSCAD31324,NHS,4,iccad3
HSCAD3562.png,HSCAD3562,HS,0,iccad3
NHSCAD34087.png,NHSCAD34087,NHS,1,iccad3
NHSCAD32959.png,NHSCAD32959,NHS,2,iccad3
NHSCAD32623.png,NHSCAD32623,NHS,2,iccad3
NHSCAD32515.png,NHSCAD32515,NHS,3,iccad3
NHSCAD33203.png,NHSCAD33203,NHS,2,iccad3
HSCAD3534.png,HSCAD3534,HS,4,iccad3
NHSCAD35406.png,NHSCAD35406,NHS,2,iccad3
NHSCAD33003.png,NHSCAD33003,NHS,4,iccad3
HSCAD398.png,HSCAD398,HS,2,iccad3
NHSCAD31829.png,NHSCAD31829,NHS,1,iccad3
NHSCAD32400.png,NHSCAD32400,NHS,4,iccad3
HSCAD3234.png,HSCAD3234,HS,2,iccad3
NHSCAD31916.png,NHSCAD31916,NHS,0,iccad3
NHSCAD31242.png,NHSCAD31242,NHS,2,iccad3
NHSCAD31675.png,NHSCAD31675,NHS,3,iccad3
NHSCAD34523.png,NHSCAD34523,NHS,2,iccad3
HSCAD3143.png,HSCAD3143,HS,0,iccad3
NHSCAD31661.png,NHSCAD31661,NHS,4,iccad3
NHSCAD32858.png,NHSCAD32858,NHS,2,iccad3
NHSCAD31296.png,NHSCAD31296,NHS,0,iccad3
NHSCAD33518.png,NHSCAD33518,NHS,1,iccad3
HSCAD3347.png,HSCAD3347,HS,3,iccad3
NHSCAD33537.png,NHSCAD33537,NHS,1,iccad3
NHSCAD32202.png,NHSCAD32202,NHS,0,iccad3
NHSCAD33899.png,NHSCAD33899,NHS,3,iccad3
NHSCAD34487.png,NHSCAD34487,NHS,0,iccad3
NHSCAD32776.png,NHSCAD32776,NHS,0,iccad3
NHSCAD35064.png,NHSCAD35064,NHS,2,iccad3
NHSCAD31699.png,NHSCAD31699,NHS,1,iccad3
NHSCAD33324.png,NHSCAD33324,NHS,2,iccad3
HSCAD316.png,HSCAD316,HS,3,iccad3
NHSCAD33449.png,NHSCAD33449,NHS,3,iccad3
NHSCAD33352.png,NHSCAD33352,NHS,0,iccad3
NHSCAD33218.png,NHSCAD33218,NHS,3,iccad3
NHSCAD32905.png,NHSCAD32905,NHS,4,iccad3
NHSCAD33904.png,NHSCAD33904,NHS,2,iccad3
NHSCAD32374.png,NHSCAD32374,NHS,1,iccad3
HSCAD3811.png,HSCAD3811,HS,1,iccad3
NHSCAD35080.png,NHSCAD35080,NHS,4,iccad3
NHSCAD31616.png,NHSCAD31616,NHS,1,iccad3
NHSCAD31455.png,NHSCAD31455,NHS,4,iccad3
NHSCAD32453.png,NHSCAD32453,NHS,1,iccad3
NHSCAD35289.png,NHSCAD35289,NHS,4,iccad3
NHSCAD34027.png,NHSCAD34027,NHS,3,iccad3
NHSCAD34950.png,NHSCAD34950,NHS,4,iccad3
NHSCAD33837.png,NHSCAD33837,NHS,1,iccad3
NHSCAD31416.png,NHSCAD31416,NHS,1,iccad3
NHSCAD33588.png,NHSCAD33588,NHS,4,iccad3
NHSCAD33268.png,NHSCAD33268,NHS,2,iccad3
NHSCAD32322.png,NHSCAD32322,NHS,1,iccad3
NHSCAD32178.png,NHSCAD32178,NHS,3,iccad3
HSCAD37.png,HSCAD37,HS,1,iccad3
NHSCAD34445.png,NHSCAD34445,NHS,4,iccad3
NHSCAD31599.png,NHSCAD31599,NHS,1,iccad3
NHSCAD35354.png,NHSCAD35354,NHS,2,iccad3
NHSCAD31853.png,NHSCAD31853,NHS,2,iccad3
NHSCAD33731.png,NHSCAD33731,NHS,1,iccad3
NHSCAD34947.png,NHSCAD34947,NHS,2,iccad3
NHSCAD34545.png,NHSCAD34545,NHS,4,iccad3
HSCAD3563.png,HSCAD3563,HS,1,iccad3
NHSCAD34622.png,NHSCAD34622,NHS,1,iccad3
HSCAD3657.png,HSCAD3657,HS,1,iccad3
NHSCAD34308.png,NHSCAD34308,NHS,1,iccad3
NHSCAD31231.png,NHSCAD31231,NHS,0,iccad3
HSCAD3632.png,HSCAD3632,HS,2,iccad3
NHSCAD34163.png,NHSCAD34163,NHS,1,iccad3
NHSCAD35063.png,NHSCAD35063,NHS,1,iccad3
NHSCAD34865.png,NHSCAD34865,NHS,4,iccad3
NHSCAD35458.png,NHSCAD35458,NHS,2,iccad3
NHSCAD34692.png,NHSCAD34692,NHS,1,iccad3
NHSCAD32608.png,NHSCAD32608,NHS,0,iccad3
NHSCAD31157.png,NHSCAD31157,NHS,1,iccad3
HSCAD3546.png,HSCAD3546,HS,0,iccad3
NHSCAD35042.png,NHSCAD35042,NHS,2,iccad3
NHSCAD35001.png,NHSCAD35001,NHS,0,iccad3
HSCAD3702.png,HSCAD3702,HS,1,iccad3
NHSCAD34727.png,NHSCAD34727,NHS,2,iccad3
NHSCAD33429.png,NHSCAD33429,NHS,3,iccad3
NHSCAD33469.png,NHSCAD33469,NHS,2,iccad3
NHSCAD34836.png,NHSCAD34836,NHS,0,iccad3
NHSCAD34143.png,NHSCAD34143,NHS,3,iccad3
NHSCAD32756.png,NHSCAD32756,NHS,3,iccad3
NHSCAD32693.png,NHSCAD32693,NHS,2,iccad3
NHSCAD33019.png,NHSCAD33019,NHS,4,iccad3
NHSCAD31362.png,NHSCAD31362,NHS,0,iccad3
NHSCAD32257.png,NHSCAD32257,NHS,2,iccad3
HSCAD3264.png,HSCAD3264,HS,4,iccad3
NHSCAD33055.png,NHSCAD33055,NHS,2,iccad3
NHSCAD32466.png,NHSCAD32466,NHS,0,iccad3
NHSCAD35442.png,NHSCAD35442,NHS,0,iccad3
HSCAD3840.png,HSCAD3840,HS,4,iccad3
NHSCAD32980.png,NHSCAD32980,NHS,2,iccad3
NHSCAD34585.png,NHSCAD34585,NHS,4,iccad3
NHSCAD34273.png,NHSCAD34273,NHS,1,iccad3
NHSCAD34944.png,NHSCAD34944,NHS,3,iccad3
NHSCAD34590.png,NHSCAD34590,NHS,3,iccad3
HSCAD338.png,HSCAD338,HS,2,iccad3
HSCAD396.png,HSCAD396,HS,0,iccad3
NHSCAD35269.png,NHSCAD35269,NHS,1,iccad3
HSCAD3884.png,HSCAD3884,HS,4,iccad3
NHSCAD33113.png,NHSCAD33113,NHS,3,iccad3
NHSCAD32255.png,NHSCAD32255,NHS,4,iccad3
NHSCAD34746.png,NHSCAD34746,NHS,0,iccad3
NHSCAD34423.png,NHSCAD34423,NHS,2,iccad3
NHSCAD34759.png,NHSCAD34759,NHS,3,iccad3
NHSCAD33080.png,NHSCAD33080,NHS,4,iccad3
NHSCAD31483.png,NHSCAD31483,NHS,0,iccad3
NHSCAD31423.png,NHSCAD31423,NHS,0,iccad3
NHSCAD35319.png,NHSCAD35319,NHS,3,iccad3
NHSCAD34408.png,NHSCAD34408,NHS,2,iccad3
NHSCAD33309.png,NHSCAD33309,NHS,2,iccad3
NHSCAD31978.png,NHSCAD31978,NHS,1,iccad3
NHSCAD34004.png,NHSCAD34004,NHS,3,iccad3
NHSCAD34743.png,NHSCAD34743,NHS,2,iccad3
NHSCAD32544.png,NHSCAD32544,NHS,4,iccad3
HSCAD3849.png,HSCAD3849,HS,3,iccad3
HSCAD3306.png,HSCAD3306,HS,1,iccad3
NHSCAD33624.png,NHSCAD33624,NHS,2,iccad3
NHSCAD33510.png,NHSCAD33510,NHS,1,iccad3
NHSCAD33478.png,NHSCAD33478,NHS,1,iccad3
NHSCAD34021.png,NHSCAD34021,NHS,3,iccad3
NHSCAD35478.png,NHSCAD35478,NHS,4,iccad3
NHSCAD32305.png,NHSCAD32305,NHS,4,iccad3
NHSCAD34964.png,NHSCAD34964,NHS,3,iccad3
NHSCAD31042.png,NHSCAD31042,NHS,1,iccad3
HSCAD3270.png,HSCAD3270,HS,1,iccad3
NHSCAD33643.png,NHSCAD33643,NHS,4,iccad3
NHSCAD31214.png,NHSCAD31214,NHS,3,iccad3
NHSCAD31457.png,NHSCAD31457,NHS,0,iccad3
NHSCAD32369.png,NHSCAD32369,NHS,1,iccad3
NHSCAD32744.png,NHSCAD32744,NHS,3,iccad3
NHSCAD31373.png,NHSCAD31373,NHS,2,iccad3
NHSCAD35012.png,NHSCAD35012,NHS,1,iccad3
NHSCAD32452.png,NHSCAD32452,NHS,2,iccad3
NHSCAD32533.png,NHSCAD32533,NHS,2,iccad3
NHSCAD34420.png,NHSCAD34420,NHS,4,iccad3
NHSCAD31924.png,NHSCAD31924,NHS,1,iccad3
NHSCAD34451.png,NHSCAD34451,NHS,1,iccad3
HSCAD3114.png,HSCAD3114,HS,4,iccad3
NHSCAD35408.png,NHSCAD35408,NHS,1,iccad3
HSCAD3664.png,HSCAD3664,HS,3,iccad3
NHSCAD34903.png,NHSCAD34903,NHS,1,iccad3
NHSCAD34014.png,NHSCAD34014,NHS,2,iccad3
NHSCAD32338.png,NHSCAD32338,NHS,2,iccad3
HSCAD3701.png,HSCAD3701,HS,0,iccad3
NHSCAD34922.png,NHSCAD34922,NHS,0,iccad3
NHSCAD34768.png,NHSCAD34768,NHS,2,iccad3
NHSCAD31142.png,NHSCAD31142,NHS,2,iccad3
HSCAD389.png,HSCAD389,HS,4,iccad3
HSCAD3785.png,HSCAD3785,HS,1,iccad3
NHSCAD33127.png,NHSCAD33127,NHS,0,iccad3
NHSCAD34111.png,NHSCAD34111,NHS,2,iccad3
NHSCAD34268.png,NHSCAD34268,NHS,1,iccad3
NHSCAD33001.png,NHSCAD33001,NHS,1,iccad3
NHSCAD32900.png,NHSCAD32900,NHS,2,iccad3
NHSCAD35409.png,NHSCAD35409,NHS,3,iccad3
NHSCAD34381.png,NHSCAD34381,NHS,1,iccad3
HSCAD3397.png,HSCAD3397,HS,1,iccad3
NHSCAD32420.png,NHSCAD32420,NHS,4,iccad3
NHSCAD34404.png,NHSCAD34404,NHS,2,iccad3
NHSCAD34040.png,NHSCAD34040,NHS,4,iccad3
NHSCAD33059.png,NHSCAD33059,NHS,2,iccad3
NHSCAD31709.png,NHSCAD31709,NHS,4,iccad3
NHSCAD35196.png,NHSCAD35196,NHS,2,iccad3
NHSCAD33955.png,NHSCAD33955,NHS,4,iccad3
NHSCAD34060.png,NHSCAD34060,NHS,4,iccad3
NHSCAD32769.png,NHSCAD32769,NHS,3,iccad3
NHSCAD34496.png,NHSCAD34496,NHS,2,iccad3
NHSCAD33871.png,NHSCAD33871,NHS,0,iccad3
NHSCAD33326.png,NHSCAD33326,NHS,0,iccad3
NHSCAD3992.png,NHSCAD3992,NHS,3,iccad3
HSCAD3876.png,HSCAD3876,HS,2,iccad3
NHSCAD32595.png,NHSCAD32595,NHS,4,iccad3
NHSCAD33275.png,NHSCAD33275,NHS,4,iccad3
HSCAD3587.png,HSCAD3587,HS,4,iccad3
HSCAD3179.png,HSCAD3179,HS,4,iccad3
NHSCAD33298.png,NHSCAD33298,NHS,2,iccad3
NHSCAD31626.png,NHSCAD31626,NHS,1,iccad3
NHSCAD34628.png,NHSCAD34628,NHS,2,iccad3
NHSCAD35119.png,NHSCAD35119,NHS,3,iccad3
NHSCAD34180.png,NHSCAD34180,NHS,4,iccad3
NHSCAD33329.png,NHSCAD33329,NHS,4,iccad3
NHSCAD33792.png,NHSCAD33792,NHS,1,iccad3
NHSCAD33901.png,NHSCAD33901,NHS,0,iccad3
NHSCAD32366.png,NHSCAD32366,NHS,0,iccad3
NHSCAD33037.png,NHSCAD33037,NHS,0,iccad3
NHSCAD32513.png,NHSCAD32513,NHS,2,iccad3
NHSCAD32308.png,NHSCAD32308,NHS,2,iccad3
HSCAD3366.png,HSCAD3366,HS,3,iccad3
NHSCAD31182.png,NHSCAD31182,NHS,4,iccad3
NHSCAD32071.png,NHSCAD32071,NHS,2,iccad3
NHSCAD31100.png,NHSCAD31100,NHS,4,iccad3
NHSCAD31020.png,NHSCAD31020,NHS,4,iccad3
NHSCAD33072.png,NHSCAD33072,NHS,2,iccad3
NHSCAD34374.png,NHSCAD34374,NHS,1,iccad3
NHSCAD31322.png,NHSCAD31322,NHS,1,iccad3
NHSCAD33968.png,NHSCAD33968,NHS,2,iccad3
NHSCAD33030.png,NHSCAD33030,NHS,4,iccad3
NHSCAD33346.png,NHSCAD33346,NHS,2,iccad3
HSCAD3704.png,HSCAD3704,HS,2,iccad3
NHSCAD34106.png,NHSCAD34106,NHS,3,iccad3
NHSCAD32593.png,NHSCAD32593,NHS,2,iccad3
HSCAD3243.png,HSCAD3243,HS,0,iccad3
NHSCAD31466.png,NHSCAD31466,NHS,3,iccad3
NHSCAD32889.png,NHSCAD32889,NHS,4,iccad3
NHSCAD34770.png,NHSCAD34770,NHS,4,iccad3
NHSCAD31996.png,NHSCAD31996,NHS,3,iccad3
NHSCAD31716.png,NHSCAD31716,NHS,0,iccad3
NHSCAD31794.png,NHSCAD31794,NHS,4,iccad3
NHSCAD31228.png,NHSCAD31228,NHS,2,iccad3
NHSCAD32755.png,NHSCAD32755,NHS,3,iccad3
NHSCAD34629.png,NHSCAD34629,NHS,4,iccad3
NHSCAD32989.png,NHSCAD32989,NHS,3,iccad3
HSCAD3304.png,HSCAD3304,HS,3,iccad3
NHSCAD31402.png,NHSCAD31402,NHS,1,iccad3
NHSCAD32494.png,NHSCAD32494,NHS,2,iccad3
NHSCAD31054.png,NHSCAD31054,NHS,3,iccad3
NHSCAD33706.png,NHSCAD33706,NHS,0,iccad3
NHSCAD34166.png,NHSCAD34166,NHS,2,iccad3
NHSCAD35040.png,NHSCAD35040,NHS,3,iccad3
NHSCAD33499.png,NHSCAD33499,NHS,1,iccad3
NHSCAD32635.png,NHSCAD32635,NHS,4,iccad3
NHSCAD33932.png,NHSCAD33932,NHS,1,iccad3
NHSCAD31490.png,NHSCAD31490,NHS,2,iccad3
HSCAD3175.png,HSCAD3175,HS,1,iccad3
NHSCAD31859.png,NHSCAD31859,NHS,2,iccad3
NHSCAD34010.png,NHSCAD34010,NHS,4,iccad3
NHSCAD33307.png,NHSCAD33307,NHS,0,iccad3
NHSCAD33958.png,NHSCAD33958,NHS,2,iccad3
NHSCAD31002.png,NHSCAD31002,NHS,0,iccad3
NHSCAD33576.png,NHSCAD33576,NHS,0,iccad3
NHSCAD32973.png,NHSCAD32973,NHS,3,iccad3
NHSCAD31602.png,NHSCAD31602,NHS,0,iccad3
NHSCAD31385.png,NHSCAD31385,NHS,3,iccad3
NHSCAD31549.png,NHSCAD31549,NHS,1,iccad3
NHSCAD33495.png,NHSCAD33495,NHS,3,iccad3
NHSCAD32043.png,NHSCAD32043,NHS,4,iccad3
NHSCAD32968.png,NHSCAD32968,NHS,3,iccad3
NHSCAD34696.png,NHSCAD34696,NHS,0,iccad3
NHSCAD34664.png,NHSCAD34664,NHS,4,iccad3
HSCAD3893.png,HSCAD3893,HS,2,iccad3
HSCAD3402.png,HSCAD3402,HS,3,iccad3
HSCAD3414.png,HSCAD3414,HS,1,iccad3
NHSCAD34801.png,NHSCAD34801,NHS,0,iccad3
NHSCAD32768.png,NHSCAD32768,NHS,1,iccad3
NHSCAD34985.png,NHSCAD34985,NHS,4,iccad3
NHSCAD34971.png,NHSCAD34971,NHS,1,iccad3
NHSCAD31415.png,NHSCAD31415,NHS,4,iccad3
NHSCAD33658.png,NHSCAD33658,NHS,3,iccad3
NHSCAD31610.png,NHSCAD31610,NHS,4,iccad3
NHSCAD34478.png,NHSCAD34478,NHS,2,iccad3
NHSCAD32522.png,NHSCAD32522,NHS,1,iccad3
HSCAD3190.png,HSCAD3190,HS,2,iccad3
NHSCAD35349.png,NHSCAD35349,NHS,3,iccad3
NHSCAD34018.png,NHSCAD34018,NHS,1,iccad3
NHSCAD31007.png,NHSCAD31007,NHS,1,iccad3
HSCAD3586.png,HSCAD3586,HS,2,iccad3
NHSCAD3927.png,NHSCAD3927,NHS,2,iccad3
HSCAD3322.png,HSCAD3322,HS,2,iccad3
NHSCAD33111.png,NHSCAD33111,NHS,0,iccad3
NHSCAD34070.png,NHSCAD34070,NHS,4,iccad3
NHSCAD33930.png,NHSCAD33930,NHS,4,iccad3
HSCAD3128.png,HSCAD3128,HS,1,iccad3
HSCAD3412.png,HSCAD3412,HS,1,iccad3
NHSCAD35525.png,NHSCAD35525,NHS,2,iccad3
NHSCAD32702.png,NHSCAD32702,NHS,1,iccad3
NHSCAD34455.png,NHSCAD34455,NHS,4,iccad3
HSCAD3668.png,HSCAD3668,HS,2,iccad3
NHSCAD32712.png,NHSCAD32712,NHS,1,iccad3
NHSCAD32539.png,NHSCAD32539,NHS,3,iccad3
HSCAD3390.png,HSCAD3390,HS,4,iccad3
NHSCAD31348.png,NHSCAD31348,NHS,3,iccad3
HSCAD3213.png,HSCAD3213,HS,2,iccad3
NHSCAD31524.png,NHSCAD31524,NHS,3,iccad3
HSCAD3713.png,HSCAD3713,HS,3,iccad3
NHSCAD32632.png,NHSCAD32632,NHS,1,iccad3
NHSCAD31710.png,NHSCAD31710,NHS,1,iccad3
NHSCAD32922.png,NHSCAD32922,NHS,0,iccad3
NHSCAD32028.png,NHSCAD32028,NHS,1,iccad3
NHSCAD31079.png,NHSCAD31079,NHS,2,iccad3
NHSCAD32749.png,NHSCAD32749,NHS,2,iccad3
NHSCAD32031.png,NHSCAD32031,NHS,0,iccad3
NHSCAD34577.png,NHSCAD34577,NHS,1,iccad3
NHSCAD31506.png,NHSCAD31506,NHS,0,iccad3
NHSCAD33830.png,NHSCAD33830,NHS,4,iccad3
NHSCAD32986.png,NHSCAD32986,NHS,2,iccad3
NHSCAD32671.png,NHSCAD32671,NHS,2,iccad3
NHSCAD33625.png,NHSCAD33625,NHS,3,iccad3
NHSCAD31094.png,NHSCAD31094,NHS,1,iccad3
NHSCAD35125.png,NHSCAD35125,NHS,3,iccad3
NHSCAD34431.png,NHSCAD34431,NHS,1,iccad3
HSCAD318.png,HSCAD318,HS,1,iccad3
NHSCAD33282.png,NHSCAD33282,NHS,0,iccad3
NHSCAD31741.png,NHSCAD31741,NHS,4,iccad3
NHSCAD32924.png,NHSCAD32924,NHS,4,iccad3
HSCAD3149.png,HSCAD3149,HS,0,iccad3
NHSCAD33789.png,NHSCAD33789,NHS,4,iccad3
NHSCAD31774.png,NHSCAD31774,NHS,2,iccad3
NHSCAD32700.png,NHSCAD32700,NHS,4,iccad3
NHSCAD34505.png,NHSCAD34505,NHS,4,iccad3
NHSCAD34154.png,NHSCAD34154,NHS,3,iccad3
NHSCAD32841.png,NHSCAD32841,NHS,0,iccad3
NHSCAD32098.png,NHSCAD32098,NHS,3,iccad3
NHSCAD34571.png,NHSCAD34571,NHS,2,iccad3
NHSCAD32267.png,NHSCAD32267,NHS,2,iccad3
NHSCAD35104.png,NHSCAD35104,NHS,3,iccad3
NHSCAD31732.png,NHSCAD31732,NHS,0,iccad3
NHSCAD31039.png,NHSCAD31039,NHS,3,iccad3
NHSCAD33036.png,NHSCAD33036,NHS,4,iccad3
NHSCAD31418.png,NHSCAD31418,NHS,2,iccad3
NHSCAD34161.png,NHSCAD34161,NHS,2,iccad3
HSCAD3451.png,HSCAD3451,HS,0,iccad3
NHSCAD32754.png,NHSCAD32754,NHS,4,iccad3
HSCAD3503.png,HSCAD3503,HS,0,iccad3
NHSCAD31504.png,NHSCAD31504,NHS,3,iccad3
NHSCAD31156.png,NHSCAD31156,NHS,0,iccad3
HSCAD3157.png,HSCAD3157,HS,0,iccad3
NHSCAD32516.png,NHSCAD32516,NHS,0,iccad3
NHSCAD35373.png,NHSCAD35373,NHS,2,iccad3
HSCAD3180.png,HSCAD3180,HS,2,iccad3
NHSCAD34860.png,NHSCAD34860,NHS,4,iccad3
NHSCAD34416.png,NHSCAD34416,NHS,0,iccad3
NHSCAD31320.png,NHSCAD31320,NHS,3,iccad3
HSCAD3618.png,HSCAD3618,HS,0,iccad3
HSCAD341.png,HSCAD341,HS,0,iccad3
NHSCAD32957.png,NHSCAD32957,NHS,1,iccad3
NHSCAD34850.png,NHSCAD34850,NHS,4,iccad3
NHSCAD34679.png,NHSCAD34679,NHS,2,iccad3
NHSCAD34680.png,NHSCAD34680,NHS,4,iccad3
NHSCAD34205.png,NHSCAD34205,NHS,1,iccad3
NHSCAD33445.png,NHSCAD33445,NHS,4,iccad3
HSCAD3780.png,HSCAD3780,HS,3,iccad3
NHSCAD33672.png,NHSCAD33672,NHS,1,iccad3
HSCAD3158.png,HSCAD3158,HS,2,iccad3
NHSCAD31707.png,NHSCAD31707,NHS,2,iccad3
HSCAD3829.png,HSCAD3829,HS,0,iccad3
NHSCAD31313.png,NHSCAD31313,NHS,4,iccad3
NHSCAD32885.png,NHSCAD32885,NHS,3,iccad3
NHSCAD35257.png,NHSCAD35257,NHS,1,iccad3
NHSCAD35127.png,NHSCAD35127,NHS,1,iccad3
NHSCAD34074.png,NHSCAD34074,NHS,2,iccad3
NHSCAD34704.png,NHSCAD34704,NHS,3,iccad3
NHSCAD34234.png,NHSCAD34234,NHS,2,iccad3
NHSCAD34208.png,NHSCAD34208,NHS,3,iccad3
NHSCAD35472.png,NHSCAD35472,NHS,3,iccad3
NHSCAD34661.png,NHSCAD34661,NHS,0,iccad3
HSCAD3599.png,HSCAD3599,HS,0,iccad3
NHSCAD31876.png,NHSCAD31876,NHS,0,iccad3
NHSCAD32730.png,NHSCAD32730,NHS,4,iccad3
NHSCAD34789.png,NHSCAD34789,NHS,2,iccad3
NHSCAD31240.png,NHSCAD31240,NHS,4,iccad3
NHSCAD31663.png,NHSCAD31663,NHS,1,iccad3
NHSCAD33163.png,NHSCAD33163,NHS,4,iccad3
HSCAD3150.png,HSCAD3150,HS,2,iccad3
NHSCAD33962.png,NHSCAD33962,NHS,1,iccad3
NHSCAD31894.png,NHSCAD31894,NHS,3,iccad3
NHSCAD31164.png,NHSCAD31164,NHS,0,iccad3
NHSCAD31656.png,NHSCAD31656,NHS,4,iccad3
NHSCAD31325.png,NHSCAD31325,NHS,2,iccad3
NHSCAD35250.png,NHSCAD35250,NHS,2,iccad3
HSCAD3515.png,HSCAD3515,HS,3,iccad3
NHSCAD35421.png,NHSCAD35421,NHS,0,iccad3
NHSCAD33708.png,NHSCAD33708,NHS,4,iccad3
NHSCAD31671.png,NHSCAD31671,NHS,0,iccad3
NHSCAD33712.png,NHSCAD33712,NHS,2,iccad3
HSCAD3862.png,HSCAD3862,HS,2,iccad3
HSCAD3146.png,HSCAD3146,HS,3,iccad3
NHSCAD31877.png,NHSCAD31877,NHS,2,iccad3
NHSCAD3994.png,NHSCAD3994,NHS,2,iccad3
NHSCAD34501.png,NHSCAD34501,NHS,1,iccad3
NHSCAD33657.png,NHSCAD33657,NHS,2,iccad3
NHSCAD33135.png,NHSCAD33135,NHS,4,iccad3
HSCAD3881.png,HSCAD3881,HS,3,iccad3
NHSCAD34368.png,NHSCAD34368,NHS,4,iccad3
HSCAD3537.png,HSCAD3537,HS,2,iccad3
NHSCAD32218.png,NHSCAD32218,NHS,4,iccad3
NHSCAD33993.png,NHSCAD33993,NHS,0,iccad3
NHSCAD32268.png,NHSCAD32268,NHS,3,iccad3
NHSCAD34931.png,NHSCAD34931,NHS,0,iccad3
NHSCAD32326.png,NHSCAD32326,NHS,0,iccad3
NHSCAD32580.png,NHSCAD32580,NHS,4,iccad3
NHSCAD34991.png,NHSCAD34991,NHS,2,iccad3
NHSCAD34714.png,NHSCAD34714,NHS,3,iccad3
NHSCAD31594.png,NHSCAD31594,NHS,2,iccad3
NHSCAD32855.png,NHSCAD32855,NHS,4,iccad3
HSCAD3592.png,HSCAD3592,HS,4,iccad3
HSCAD3151.png,HSCAD3151,HS,3,iccad3
NHSCAD34527.png,NHSCAD34527,NHS,2,iccad3
NHSCAD32939.png,NHSCAD32939,NHS,2,iccad3
HSCAD3477.png,HSCAD3477,HS,1,iccad3
NHSCAD34793.png,NHSCAD34793,NHS,3,iccad3
NHSCAD31392.png,NHSCAD31392,NHS,0,iccad3
NHSCAD33004.png,NHSCAD33004,NHS,0,iccad3
NHSCAD31183.png,NHSCAD31183,NHS,0,iccad3
NHSCAD33191.png,NHSCAD33191,NHS,2,iccad3
NHSCAD35459.png,NHSCAD35459,NHS,1,iccad3
NHSCAD32460.png,NHSCAD32460,NHS,1,iccad3
NHSCAD31945.png,NHSCAD31945,NHS,4,iccad3
NHSCAD33621.png,NHSCAD33621,NHS,4,iccad3
NHSCAD34596.png,NHSCAD34596,NHS,1,iccad3
NHSCAD3909.png,NHSCAD3909,NHS,1,iccad3
NHSCAD32659.png,NHSCAD32659,NHS,2,iccad3
NHSCAD35274.png,NHSCAD35274,NHS,1,iccad3
NHSCAD33529.png,NHSCAD33529,NHS,3,iccad3
HSCAD3323.png,HSCAD3323,HS,4,iccad3
NHSCAD31285.png,NHSCAD31285,NHS,3,iccad3
NHSCAD33905.png,NHSCAD33905,NHS,4,iccad3
NHSCAD31815.png,NHSCAD31815,NHS,3,iccad3
NHSCAD34901.png,NHSCAD34901,NHS,0,iccad3
HSCAD3812.png,HSCAD3812,HS,3,iccad3
NHSCAD32455.png,NHSCAD32455,NHS,4,iccad3
NHSCAD34456.png,NHSCAD34456,NHS,0,iccad3
HSCAD328.png,HSCAD328,HS,1,iccad3
NHSCAD31046.png,NHSCAD31046,NHS,0,iccad3
HSCAD3318.png,HSCAD3318,HS,4,iccad3
HSCAD3770.png,HSCAD3770,HS,3,iccad3
HSCAD3802.png,HSCAD3802,HS,2,iccad3
NHSCAD35280.png,NHSCAD35280,NHS,3,iccad3
NHSCAD32094.png,NHSCAD32094,NHS,1,iccad3
NHSCAD32495.png,NHSCAD32495,NHS,3,iccad3
HSCAD3520.png,HSCAD3520,HS,3,iccad3
NHSCAD35344.png,NHSCAD35344,NHS,3,iccad3
NHSCAD32498.png,NHSCAD32498,NHS,1,iccad3
NHSCAD32799.png,NHSCAD32799,NHS,3,iccad3
NHSCAD32431.png,NHSCAD32431,NHS,1,iccad3
NHSCAD31698.png,NHSCAD31698,NHS,0,iccad3
NHSCAD31781.png,NHSCAD31781,NHS,0,iccad3
NHSCAD31143.png,NHSCAD31143,NHS,1,iccad3
NHSCAD34311.png,NHSCAD34311,NHS,3,iccad3
NHSCAD32733.png,NHSCAD32733,NHS,1,iccad3
NHSCAD31653.png,NHSCAD31653,NHS,1,iccad3
HSCAD3776.png,HSCAD3776,HS,3,iccad3
NHSCAD3943.png,NHSCAD3943,NHS,0,iccad3
HSCAD3123.png,HSCAD3123,HS,2,iccad3
NHSCAD34630.png,NHSCAD34630,NHS,3,iccad3
NHSCAD31581.png,NHSCAD31581,NHS,0,iccad3
NHSCAD32640.png,NHSCAD32640,NHS,2,iccad3
NHSCAD31357.png,NHSCAD31357,NHS,1,iccad3
NHSCAD35216.png,NHSCAD35216,NHS,2,iccad3
NHSCAD35058.png,NHSCAD35058,NHS,2,iccad3
NHSCAD31612.png,NHSCAD31612,NHS,0,iccad3
NHSCAD33060.png,NHSCAD33060,NHS,3,iccad3
NHSCAD34969.png,NHSCAD34969,NHS,0,iccad3
NHSCAD35178.png,NHSCAD35178,NHS,3,iccad3
NHSCAD32248.png,NHSCAD32248,NHS,4,iccad3
HSCAD3583.png,HSCAD3583,HS,2,iccad3
NHSCAD34574.png,NHSCAD34574,NHS,1,iccad3
NHSCAD32478.png,NHSCAD32478,NHS,2,iccad3
HSCAD3730.png,HSCAD3730,HS,2,iccad3
NHSCAD35510.png,NHSCAD35510,NHS,1,iccad3
NHSCAD31439.png,NHSCAD31439,NHS,2,iccad3
HSCAD3506.png,HSCAD3506,HS,3,iccad3
NHSCAD35162.png,NHSCAD35162,NHS,3,iccad3
NHSCAD31697.png,NHSCAD31697,NHS,4,iccad3
NHSCAD32866.png,NHSCAD32866,NHS,1,iccad3
NHSCAD33705.png,NHSCAD33705,NHS,3,iccad3
NHSCAD31223.png,NHSCAD31223,NHS,1,iccad3
NHSCAD34795.png,NHSCAD34795,NHS,1,iccad3
HSCAD3336.png,HSCAD3336,HS,2,iccad3
NHSCAD33799.png,NHSCAD33799,NHS,2,iccad3
HSCAD3685.png,HSCAD3685,HS,0,iccad3
NHSCAD35393.png,NHSCAD35393,NHS,1,iccad3
NHSCAD34720.png,NHSCAD34720,NHS,4,iccad3
NHSCAD35537.png,NHSCAD35537,NHS,1,iccad3
NHSCAD34380.png,NHSCAD34380,NHS,2,iccad3
HSCAD3519.png,HSCAD3519,HS,2,iccad3
NHSCAD33804.png,NHSCAD33804,NHS,2,iccad3
NHSCAD33221.png,NHSCAD33221,NHS,0,iccad3
NHSCAD34036.png,NHSCAD34036,NHS,1,iccad3
NHSCAD34997.png,NHSCAD34997,NHS,2,iccad3
NHSCAD34914.png,NHSCAD34914,NHS,3,iccad3
NHSCAD31437.png,NHSCAD31437,NHS,3,iccad3
NHSCAD33029.png,NHSCAD33029,NHS,3,iccad3
NHSCAD34893.png,NHSCAD34893,NHS,1,iccad3
NHSCAD31909.png,NHSCAD31909,NHS,2,iccad3
NHSCAD31865.png,NHSCAD31865,NHS,4,iccad3
NHSCAD33543.png,NHSCAD33543,NHS,2,iccad3
NHSCAD31817.png,NHSCAD31817,NHS,0,iccad3
NHSCAD34094.png,NHSCAD34094,NHS,3,iccad3
NHSCAD32399.png,NHSCAD32399,NHS,3,iccad3
NHSCAD31015.png,NHSCAD31015,NHS,4,iccad3
NHSCAD32325.png,NHSCAD32325,NHS,3,iccad3
NHSCAD31491.png,NHSCAD31491,NHS,1,iccad3
HSCAD3634.png,HSCAD3634,HS,0,iccad3
HSCAD3767.png,HSCAD3767,HS,4,iccad3
NHSCAD34861.png,NHSCAD34861,NHS,0,iccad3
HSCAD3309.png,HSCAD3309,HS,4,iccad3
NHSCAD3982.png,NHSCAD3982,NHS,4,iccad3
NHSCAD31484.png,NHSCAD31484,NHS,1,iccad3
NHSCAD34754.png,NHSCAD34754,NHS,3,iccad3
NHSCAD31181.png,NHSCAD31181,NHS,3,iccad3
NHSCAD31359.png,NHSCAD31359,NHS,3,iccad3
HSCAD3345.png,HSCAD3345,HS,2,iccad3
NHSCAD31163.png,NHSCAD31163,NHS,4,iccad3
NHSCAD34088.png,NHSCAD34088,NHS,2,iccad3
NHSCAD33884.png,NHSCAD33884,NHS,3,iccad3
NHSCAD33332.png,NHSCAD33332,NHS,1,iccad3
HSCAD3641.png,HSCAD3641,HS,4,iccad3
NHSCAD34269.png,NHSCAD34269,NHS,3,iccad3
NHSCAD35206.png,NHSCAD35206,NHS,2,iccad3
NHSCAD31502.png,NHSCAD31502,NHS,1,iccad3
HSCAD3145.png,HSCAD3145,HS,2,iccad3
NHSCAD35062.png,NHSCAD35062,NHS,0,iccad3
NHSCAD32686.png,NHSCAD32686,NHS,0,iccad3
HSCAD3805.png,HSCAD3805,HS,2,iccad3
NHSCAD32075.png,NHSCAD32075,NHS,4,iccad3
NHSCAD34043.png,NHSCAD34043,NHS,1,iccad3
NHSCAD32878.png,NHSCAD32878,NHS,4,iccad3
NHSCAD33801.png,NHSCAD33801,NHS,0,iccad3
NHSCAD34565.png,NHSCAD34565,NHS,4,iccad3
NHSCAD33473.png,NHSCAD33473,NHS,1,iccad3
NHSCAD33956.png,NHSCAD33956,NHS,0,iccad3
NHSCAD35249.png,NHSCAD35249,NHS,1,iccad3
NHSCAD35512.png,NHSCAD35512,NHS,2,iccad3
NHSCAD31515.png,NHSCAD31515,NHS,3,iccad3
NHSCAD31358.png,NHSCAD31358,NHS,2,iccad3
HSCAD3871.png,HSCAD3871,HS,2,iccad3
NHSCAD34099.png,NHSCAD34099,NHS,3,iccad3
NHSCAD31740.png,NHSCAD31740,NHS,4,iccad3
NHSCAD33822.png,NHSCAD33822,NHS,1,iccad3
NHSCAD33406.png,NHSCAD33406,NHS,1,iccad3
NHSCAD32140.png,NHSCAD32140,NHS,2,iccad3
NHSCAD31110.png,NHSCAD31110,NHS,4,iccad3
NHSCAD33489.png,NHSCAD33489,NHS,1,iccad3
NHSCAD35542.png,NHSCAD35542,NHS,1,iccad3
NHSCAD34338.png,NHSCAD34338,NHS,2,iccad3
NHSCAD32501.png,NHSCAD32501,NHS,0,iccad3
NHSCAD31456.png,NHSCAD31456,NHS,2,iccad3
HSCAD3459.png,HSCAD3459,HS,0,iccad3
HSCAD3338.png,HSCAD3338,HS,4,iccad3
NHSCAD35488.png,NHSCAD35488,NHS,3,iccad3
NHSCAD31949.png,NHSCAD31949,NHS,2,iccad3
NHSCAD32434.png,NHSCAD32434,NHS,3,iccad3
NHSCAD33351.png,NHSCAD33351,NHS,3,iccad3
HSCAD3294.png,HSCAD3294,HS,1,iccad3
NHSCAD32467.png,NHSCAD32467,NHS,2,iccad3
HSCAD3838.png,HSCAD3838,HS,1,iccad3
NHSCAD33384.png,NHSCAD33384,NHS,2,iccad3
NHSCAD34196.png,NHSCAD34196,NHS,0,iccad3
NHSCAD34276.png,NHSCAD34276,NHS,0,iccad3
HSCAD3548.png,HSCAD3548,HS,3,iccad3
NHSCAD31828.png,NHSCAD31828,NHS,0,iccad3
NHSCAD31857.png,NHSCAD31857,NHS,0,iccad3
NHSCAD33075.png,NHSCAD33075,NHS,1,iccad3
NHSCAD31343.png,NHSCAD31343,NHS,2,iccad3
NHSCAD32411.png,NHSCAD32411,NHS,0,iccad3
NHSCAD32407.png,NHSCAD32407,NHS,1,iccad3
NHSCAD34614.png,NHSCAD34614,NHS,3,iccad3
NHSCAD35412.png,NHSCAD35412,NHS,2,iccad3
NHSCAD31311.png,NHSCAD31311,NHS,0,iccad3
NHSCAD34973.png,NHSCAD34973,NHS,4,iccad3
HSCAD3479.png,HSCAD3479,HS,4,iccad3
NHSCAD32373.png,NHSCAD32373,NHS,4,iccad3
HSCAD3425.png,HSCAD3425,HS,4,iccad3
NHSCAD33017.png,NHSCAD33017,NHS,0,iccad3
NHSCAD34799.png,NHSCAD34799,NHS,3,iccad3
NHSCAD33007.png,NHSCAD33007,NHS,3,iccad3
NHSCAD34928.png,NHSCAD34928,NHS,1,iccad3
NHSCAD31037.png,NHSCAD31037,NHS,0,iccad3
HSCAD3630.png,HSCAD3630,HS,0,iccad3
NHSCAD33498.png,NHSCAD33498,NHS,4,iccad3
NHSCAD34598.png,NHSCAD34598,NHS,2,iccad3
NHSCAD33179.png,NHSCAD33179,NHS,4,iccad3
NHSCAD32913.png,NHSCAD32913,NHS,2,iccad3
NHSCAD32819.png,NHSCAD32819,NHS,2,iccad3
NHSCAD32416.png,NHSCAD32416,NHS,0,iccad3
NHSCAD31278.png,NHSCAD31278,NHS,1,iccad3
NHSCAD34581.png,NHSCAD34581,NHS,0,iccad3
NHSCAD35356.png,NHSCAD35356,NHS,0,iccad3
NHSCAD32413.png,NHSCAD32413,NHS,2,iccad3
NHSCAD34938.png,NHSCAD34938,NHS,1,iccad3
NHSCAD34388.png,NHSCAD34388,NHS,1,iccad3
HSCAD3694.png,HSCAD3694,HS,2,iccad3
NHSCAD34452.png,NHSCAD34452,NHS,2,iccad3
NHSCAD32578.png,NHSCAD32578,NHS,2,iccad3
NHSCAD32566.png,NHSCAD32566,NHS,0,iccad3
HSCAD3547.png,HSCAD3547,HS,2,iccad3
NHSCAD31976.png,NHSCAD31976,NHS,0,iccad3
NHSCAD34706.png,NHSCAD34706,NHS,0,iccad3
NHSCAD34126.png,NHSCAD34126,NHS,0,iccad3
HSCAD3164.png,HSCAD3164,HS,1,iccad3
HSCAD3768.png,HSCAD3768,HS,0,iccad3
NHSCAD31459.png,NHSCAD31459,NHS,3,iccad3
NHSCAD33334.png,NHSCAD33334,NHS,4,iccad3
NHSCAD34514.png,NHSCAD34514,NHS,2,iccad3
NHSCAD32784.png,NHSCAD32784,NHS,3,iccad3
HSCAD3553.png,HSCAD3553,HS,0,iccad3
NHSCAD31765.png,NHSCAD31765,NHS,3,iccad3
NHSCAD33158.png,NHSCAD33158,NHS,1,iccad3
NHSCAD32787.png,NHSCAD32787,NHS,0,iccad3
NHSCAD35326.png,NHSCAD35326,NHS,1,iccad3
NHSCAD34976.png,NHSCAD34976,NHS,1,iccad3
NHSCAD31301.png,NHSCAD31301,NHS,1,iccad3
NHSCAD32953.png,NHSCAD32953,NHS,1,iccad3
HSCAD3216.png,HSCAD3216,HS,0,iccad3
NHSCAD33295.png,NHSCAD33295,NHS,4,iccad3
NHSCAD33701.png,NHSCAD33701,NHS,0,iccad3
NHSCAD34055.png,NHSCAD34055,NHS,4,iccad3
NHSCAD3981.png,NHSCAD3981,NHS,3,iccad3
NHSCAD33623.png,NHSCAD33623,NHS,1,iccad3
NHSCAD34786.png,NHSCAD34786,NHS,0,iccad3
NHSCAD31431.png,NHSCAD31431,NHS,1,iccad3
NHSCAD35110.png,NHSCAD35110,NHS,4,iccad3
NHSCAD33849.png,NHSCAD33849,NHS,3,iccad3
NHSCAD33486.png,NHSCAD33486,NHS,2,iccad3
NHSCAD31798.png,NHSCAD31798,NHS,1,iccad3
NHSCAD34134.png,NHSCAD34134,NHS,3,iccad3
NHSCAD33107.png,NHSCAD33107,NHS,2,iccad3
NHSCAD35202.png,NHSCAD35202,NHS,4,iccad3
NHSCAD33031.png,NHSCAD33031,NHS,0,iccad3
NHSCAD31559.png,NHSCAD31559,NHS,4,iccad3
NHSCAD34588.png,NHSCAD34588,NHS,2,iccad3
HSCAD3259.png,HSCAD3259,HS,2,iccad3
NHSCAD35403.png,NHSCAD35403,NHS,1,iccad3
NHSCAD32941.png,NHSCAD32941,NHS,3,iccad3
NHSCAD34917.png,NHSCAD34917,NHS,0,iccad3
NHSCAD31001.png,NHSCAD31001,NHS,3,iccad3
NHSCAD33670.png,NHSCAD33670,NHS,4,iccad3
NHSCAD34215.png,NHSCAD34215,NHS,1,iccad3
NHSCAD33283.png,NHSCAD33283,NHS,1,iccad3
NHSCAD34115.png,NHSCAD34115,NHS,4,iccad3
NHSCAD33826.png,NHSCAD33826,NHS,0,iccad3
NHSCAD34623.png,NHSCAD34623,NHS,2,iccad3
NHSCAD33266.png,NHSCAD33266,NHS,1,iccad3
NHSCAD31695.png,NHSCAD31695,NHS,4,iccad3
NHSCAD35065.png,NHSCAD35065,NHS,4,iccad3
NHSCAD35016.png,NHSCAD35016,NHS,0,iccad3
NHSCAD33442.png,NHSCAD33442,NHS,0,iccad3
NHSCAD33918.png,NHSCAD33918,NHS,4,iccad3
NHSCAD31705.png,NHSCAD31705,NHS,1,iccad3
NHSCAD31580.png,NHSCAD31580,NHS,4,iccad3
NHSCAD31883.png,NHSCAD31883,NHS,3,iccad3
NHSCAD33868.png,NHSCAD33868,NHS,2,iccad3
NHSCAD34744.png,NHSCAD34744,NHS,3,iccad3
NHSCAD31958.png,NHSCAD31958,NHS,1,iccad3
NHSCAD31703.png,NHSCAD31703,NHS,3,iccad3
NHSCAD31160.png,NHSCAD31160,NHS,4,iccad3
NHSCAD31621.png,NHSCAD31621,NHS,1,iccad3
NHSCAD32327.png,NHSCAD32327,NHS,1,iccad3
NHSCAD31289.png,NHSCAD31289,NHS,0,iccad3
NHSCAD32650.png,NHSCAD32650,NHS,3,iccad3
NHSCAD33630.png,NHSCAD33630,NHS,3,iccad3
HSCAD3202.png,HSCAD3202,HS,0,iccad3
NHSCAD35007.png,NHSCAD35007,NHS,2,iccad3
NHSCAD31896.png,NHSCAD31896,NHS,0,iccad3
NHSCAD32930.png,NHSCAD32930,NHS,4,iccad3
NHSCAD32318.png,NHSCAD32318,NHS,3,iccad3
NHSCAD33662.png,NHSCAD33662,NHS,0,iccad3
NHSCAD32107.png,NHSCAD32107,NHS,1,iccad3
HSCAD3363.png,HSCAD3363,HS,2,iccad3
NHSCAD35375.png,NHSCAD35375,NHS,3,iccad3
NHSCAD31497.png,NHSCAD31497,NHS,1,iccad3
NHSCAD32845.png,NHSCAD32845,NHS,4,iccad3
HSCAD333.png,HSCAD333,HS,1,iccad3
NHSCAD33595.png,NHSCAD33595,NHS,4,iccad3
NHSCAD34079.png,NHSCAD34079,NHS,3,iccad3
NHSCAD32891.png,NHSCAD32891,NHS,1,iccad3
NHSCAD32584.png,NHSCAD32584,NHS,3,iccad3
NHSCAD31303.png,NHSCAD31303,NHS,2,iccad3
NHSCAD35052.png,NHSCAD35052,NHS,1,iccad3
NHSCAD31563.png,NHSCAD31563,NHS,2,iccad3
NHSCAD34153.png,NHSCAD34153,NHS,2,iccad3
NHSCAD33859.png,NHSCAD33859,NHS,2,iccad3
HSCAD3315.png,HSCAD3315,HS,1,iccad3
NHSCAD33466.png,NHSCAD33466,NHS,0,iccad3
NHSCAD32021.png,NHSCAD32021,NHS,4,iccad3
NHSCAD32747.png,NHSCAD32747,NHS,1,iccad3
NHSCAD32972.png,NHSCAD32972,NHS,1,iccad3
NHSCAD34377.png,NHSCAD34377,NHS,3,iccad3
NHSCAD32236.png,NHSCAD32236,NHS,0,iccad3
NHSCAD32414.png,NHSCAD32414,NHS,3,iccad3
NHSCAD33451.png,NHSCAD33451,NHS,0,iccad3
NHSCAD32888.png,NHSCAD32888,NHS,3,iccad3
NHSCAD31952.png,NHSCAD31952,NHS,4,iccad3
NHSCAD33470.png,NHSCAD33470,NHS,4,iccad3
NHSCAD33940.png,NHSCAD33940,NHS,4,iccad3
NHSCAD33313.png,NHSCAD33313,NHS,2,iccad3
NHSCAD32854.png,NHSCAD32854,NHS,3,iccad3
HSCAD3653.png,HSCAD3653,HS,1,iccad3
NHSCAD31745.png,NHSCAD31745,NHS,3,iccad3
NHSCAD31513.png,NHSCAD31513,NHS,2,iccad3
HSCAD3118.png,HSCAD3118,HS,1,iccad3
NHSCAD34104.png,NHSCAD34104,NHS,2,iccad3
NHSCAD31936.png,NHSCAD31936,NHS,0,iccad3
NHSCAD31251.png,NHSCAD31251,NHS,1,iccad3
NHSCAD34528.png,NHSCAD34528,NHS,0,iccad3
NHSCAD32705.png,NHSCAD32705,NHS,4,iccad3
NHSCAD31434.png,NHSCAD31434,NHS,3,iccad3
HSCAD3833.png,HSCAD3833,HS,1,iccad3
NHSCAD35322.png,NHSCAD35322,NHS,1,iccad3
NHSCAD31509.png,NHSCAD31509,NHS,3,iccad3
NHSCAD33704.png,NHSCAD33704,NHS,1,iccad3
NHSCAD31256.png,NHSCAD31256,NHS,0,iccad3
NHSCAD32859.png,NHSCAD32859,NHS,3,iccad3
NHSCAD31530.png,NHSCAD31530,NHS,4,iccad3
NHSCAD31631.png,NHSCAD31631,NHS,1,iccad3
NHSCAD33820.png,NHSCAD33820,NHS,2,iccad3
NHSCAD35138.png,NHSCAD35138,NHS,1,iccad3
NHSCAD31089.png,NHSCAD31089,NHS,3,iccad3
NHSCAD32067.png,NHSCAD32067,NHS,1,iccad3
NHSCAD33086.png,NHSCAD33086,NHS,0,iccad3
NHSCAD31872.png,NHSCAD31872,NHS,3,iccad3
NHSCAD33092.png,NHSCAD33092,NHS,4,iccad3
NHSCAD31684.png,NHSCAD31684,NHS,0,iccad3
NHSCAD34737.png,NHSCAD34737,NHS,2,iccad3
HSCAD3908.png,HSCAD3908,HS,4,iccad3
NHSCAD31355.png,NHSCAD31355,NHS,4,iccad3
NHSCAD35367.png,NHSCAD35367,NHS,0,iccad3
NHSCAD33937.png,NHSCAD33937,NHS,1,iccad3
NHSCAD32419.png,NHSCAD32419,NHS,3,iccad3
NHSCAD35169.png,NHSCAD35169,NHS,4,iccad3
NHSCAD33450.png,NHSCAD33450,NHS,4,iccad3
NHSCAD33843.png,NHSCAD33843,NHS,2,iccad3
NHSCAD31281.png,NHSCAD31281,NHS,0,iccad3
NHSCAD35107.png,NHSCAD35107,NHS,1,iccad3
NHSCAD3955.png,NHSCAD3955,NHS,0,iccad3
NHSCAD31306.png,NHSCAD31306,NHS,0,iccad3
HSCAD3241.png,HSCAD3241,HS,3,iccad3
NHSCAD32105.png,NHSCAD32105,NHS,1,iccad3
NHSCAD35335.png,NHSCAD35335,NHS,4,iccad3
NHSCAD34059.png,NHSCAD34059,NHS,1,iccad3
HSCAD3894.png,HSCAD3894,HS,4,iccad3
NHSCAD35283.png,NHSCAD35283,NHS,2,iccad3
NHSCAD34748.png,NHSCAD34748,NHS,2,iccad3
NHSCAD34013.png,NHSCAD34013,NHS,4,iccad3
NHSCAD34136.png,NHSCAD34136,NHS,1,iccad3
NHSCAD35027.png,NHSCAD35027,NHS,2,iccad3
HSCAD3782.png,HSCAD3782,HS,2,iccad3
NHSCAD34797.png,NHSCAD34797,NHS,1,iccad3
NHSCAD34871.png,NHSCAD34871,NHS,0,iccad3
NHSCAD34083.png,NHSCAD34083,NHS,2,iccad3
HSCAD3111.png,HSCAD3111,HS,2,iccad3
HSCAD3155.png,HSCAD3155,HS,2,iccad3
NHSCAD32682.png,NHSCAD32682,NHS,1,iccad3
NHSCAD34774.png,NHSCAD34774,NHS,3,iccad3
NHSCAD31915.png,NHSCAD31915,NHS,2,iccad3
HSCAD3845.png,HSCAD3845,HS,4,iccad3
NHSCAD31540.png,NHSCAD31540,NHS,3,iccad3
NHSCAD33888.png,NHSCAD33888,NHS,2,iccad3
NHSCAD33653.png,NHSCAD33653,NHS,4,iccad3
NHSCAD31305.png,NHSCAD31305,NHS,4,iccad3
NHSCAD31854.png,NHSCAD31854,NHS,3,iccad3
NHSCAD33909.png,NHSCAD33909,NHS,3,iccad3
HSCAD3249.png,HSCAD3249,HS,4,iccad3
NHSCAD32514.png,NHSCAD32514,NHS,4,iccad3
NHSCAD31321.png,NHSCAD31321,NHS,0,iccad3
NHSCAD31954.png,NHSCAD31954,NHS,2,iccad3
NHSCAD31831.png,NHSCAD31831,NHS,3,iccad3
NHSCAD33098.png,NHSCAD33098,NHS,2,iccad3
HSCAD3239.png,HSCAD3239,HS,0,iccad3
NHSCAD33034.png,NHSCAD33034,NHS,2,iccad3
NHSCAD32300.png,NHSCAD32300,NHS,4,iccad3
NHSCAD34952.png,NHSCAD34952,NHS,1,iccad3
NHSCAD32482.png,NHSCAD32482,NHS,1,iccad3
NHSCAD32368.png,NHSCAD32368,NHS,4,iccad3
NHSCAD33403.png,NHSCAD33403,NHS,4,iccad3
NHSCAD35093.png,NHSCAD35093,NHS,2,iccad3
NHSCAD31647.png,NHSCAD31647,NHS,2,iccad3
NHSCAD33178.png,NHSCAD33178,NHS,2,iccad3
NHSCAD33692.png,NHSCAD33692,NHS,1,iccad3
NHSCAD31340.png,NHSCAD31340,NHS,3,iccad3
NHSCAD35140.png,NHSCAD35140,NHS,3,iccad3
HSCAD3404.png,HSCAD3404,HS,2,iccad3
NHSCAD33371.png,NHSCAD33371,NHS,0,iccad3
NHSCAD32360.png,NHSCAD32360,NHS,1,iccad3
NHSCAD34735.png,NHSCAD34735,NHS,4,iccad3
HSCAD3129.png,HSCAD3129,HS,3,iccad3
NHSCAD33877.png,NHSCAD33877,NHS,0,iccad3
NHSCAD34767.png,NHSCAD34767,NHS,1,iccad3
NHSCAD31319.png,NHSCAD31319,NHS,2,iccad3
HSCAD30.png,HSCAD30,HS,0,iccad3
NHSCAD31004.png,NHSCAD31004,NHS,2,iccad3
NHSCAD33134.png,NHSCAD33134,NHS,3,iccad3
NHSCAD31312.png,NHSCAD31312,NHS,1,iccad3
NHSCAD31790.png,NHSCAD31790,NHS,3,iccad3
NHSCAD31132.png,NHSCAD31132,NHS,0,iccad3
NHSCAD31006.png,NHSCAD31006,NHS,0,iccad3
NHSCAD31664.png,NHSCAD31664,NHS,2,iccad3
NHSCAD31237.png,NHSCAD31237,NHS,0,iccad3
NHSCAD34207.png,NHSCAD34207,NHS,2,iccad3
NHSCAD32721.png,NHSCAD32721,NHS,0,iccad3
NHSCAD33565.png,NHSCAD33565,NHS,3,iccad3
NHSCAD32643.png,NHSCAD32643,NHS,4,iccad3
HSCAD3773.png,HSCAD3773,HS,2,iccad3
NHSCAD34084.png,NHSCAD34084,NHS,4,iccad3
NHSCAD31130.png,NHSCAD31130,NHS,4,iccad3
HSCAD3223.png,HSCAD3223,HS,4,iccad3
NHSCAD35144.png,NHSCAD35144,NHS,2,iccad3
HSCAD3760.png,HSCAD3760,HS,0,iccad3
HSCAD3370.png,HSCAD3370,HS,2,iccad3
NHSCAD33616.png,NHSCAD33616,NHS,4,iccad3
NHSCAD31244.png,NHSCAD31244,NHS,0,iccad3
NHSCAD31911.png,NHSCAD31911,NHS,3,iccad3
NHSCAD31801.png,NHSCAD31801,NHS,3,iccad3
NHSCAD33052.png,NHSCAD33052,NHS,4,iccad3
NHSCAD34626.png,NHSCAD34626,NHS,0,iccad3
HSCAD315.png,HSCAD315,HS,1,iccad3
NHSCAD33582.png,NHSCAD33582,NHS,2,iccad3
NHSCAD35482.png,NHSCAD35482,NHS,2,iccad3
NHSCAD35086.png,NHSCAD35086,NHS,1,iccad3
NHSCAD31297.png,NHSCAD31297,NHS,1,iccad3
NHSCAD31905.png,NHSCAD31905,NHS,4,iccad3
NHSCAD34771.png,NHSCAD34771,NHS,0,iccad3
NHSCAD31334.png,NHSCAD31334,NHS,3,iccad3
NHSCAD35153.png,NHSCAD35153,NHS,1,iccad3
NHSCAD32293.png,NHSCAD32293,NHS,1,iccad3
NHSCAD32952.png,NHSCAD32952,NHS,0,iccad3
NHSCAD33293.png,NHSCAD33293,NHS,2,iccad3
NHSCAD34990.png,NHSCAD34990,NHS,4,iccad3
NHSCAD32863.png,NHSCAD32863,NHS,4,iccad3
NHSCAD35428.png,NHSCAD35428,NHS,2,iccad3
NHSCAD32949.png,NHSCAD32949,NHS,2,iccad3
NHSCAD34687.png,NHSCAD34687,NHS,1,iccad3
NHSCAD33814.png,NHSCAD33814,NHS,4,iccad3
NHSCAD33377.png,NHSCAD33377,NHS,0,iccad3
NHSCAD35060.png,NHSCAD35060,NHS,4,iccad3
NHSCAD33914.png,NHSCAD33914,NHS,2,iccad3
NHSCAD31267.png,NHSCAD31267,NHS,2,iccad3
HSCAD3885.png,HSCAD3885,HS,2,iccad3
HSCAD3193.png,HSCAD3193,HS,0,iccad3
NHSCAD34147.png,NHSCAD34147,NHS,0,iccad3
NHSCAD32524.png,NHSCAD32524,NHS,3,iccad3
HSCAD3233.png,HSCAD3233,HS,0,iccad3
NHSCAD34449.png,NHSCAD34449,NHS,4,iccad3
HSCAD3446.png,HSCAD3446,HS,0,iccad3
NHSCAD33103.png,NHSCAD33103,NHS,1,iccad3
NHSCAD32849.png,NHSCAD32849,NHS,2,iccad3
HSCAD3147.png,HSCAD3147,HS,4,iccad3
NHSCAD34475.png,NHSCAD34475,NHS,3,iccad3
NHSCAD33646.png,NHSCAD33646,NHS,0,iccad3
NHSCAD33636.png,NHSCAD33636,NHS,2,iccad3
NHSCAD35309.png,NHSCAD35309,NHS,1,iccad3
NHSCAD3980.png,NHSCAD3980,NHS,2,iccad3
NHSCAD33999.png,NHSCAD33999,NHS,2,iccad3
NHSCAD34421.png,NHSCAD34421,NHS,0,iccad3
NHSCAD33840.png,NHSCAD33840,NHS,4,iccad3
NHSCAD33177.png,NHSCAD33177,NHS,1,iccad3
HSCAD3631.png,HSCAD3631,HS,1,iccad3
HSCAD3481.png,HSCAD3481,HS,3,iccad3
NHSCAD31838.png,NHSCAD31838,NHS,4,iccad3
NHSCAD34609.png,NHSCAD34609,NHS,2,iccad3
NHSCAD33265.png,NHSCAD33265,NHS,4,iccad3
NHSCAD31690.png,NHSCAD31690,NHS,3,iccad3
HSCAD3507.png,HSCAD3507,HS,2,iccad3
NHSCAD35392.png,NHSCAD35392,NHS,0,iccad3
NHSCAD31822.png,NHSCAD31822,NHS,0,iccad3
NHSCAD33159.png,NHSCAD33159,NHS,3,iccad3
HSCAD3361.png,HSCAD3361,HS,3,iccad3
NHSCAD34673.png,NHSCAD34673,NHS,2,iccad3
NHSCAD35088.png,NHSCAD35088,NHS,2,iccad3
NHSCAD33237.png,NHSCAD33237,NHS,3,iccad3
NHSCAD34600.png,NHSCAD34600,NHS,4,iccad3
HSCAD3690.png,HSCAD3690,HS,1,iccad3
NHSCAD34826.png,NHSCAD34826,NHS,0,iccad3
HSCAD3603.png,HSCAD3603,HS,1,iccad3
HSCAD3683.png,HSCAD3683,HS,2,iccad3
NHSCAD34256.png,NHSCAD34256,NHS,0,iccad3
NHSCAD35033.png,NHSCAD35033,NHS,4,iccad3
HSCAD3226.png,HSCAD3226,HS,1,iccad3
NHSCAD33894.png,NHSCAD33894,NHS,3,iccad3
HSCAD3538.png,HSCAD3538,HS,3,iccad3
NHSCAD34702.png,NHSCAD34702,NHS,1,iccad3
NHSCAD31546.png,NHSCAD31546,NHS,0,iccad3
NHSCAD34041.png,NHSCAD34041,NHS,0,iccad3
NHSCAD32525.png,NHSCAD32525,NHS,4,iccad3
NHSCAD31352.png,NHSCAD31352,NHS,1,iccad3
NHSCAD3973.png,NHSCAD3973,NHS,1,iccad3
NHSCAD31206.png,NHSCAD31206,NHS,0,iccad3
NHSCAD35464.png,NHSCAD35464,NHS,1,iccad3
NHSCAD34049.png,NHSCAD34049,NHS,3,iccad3
NHSCAD31658.png,NHSCAD31658,NHS,1,iccad3
NHSCAD34732.png,NHSCAD34732,NHS,2,iccad3
HSCAD3340.png,HSCAD3340,HS,2,iccad3
NHSCAD32311.png,NHSCAD32311,NHS,0,iccad3
NHSCAD34636.png,NHSCAD34636,NHS,0,iccad3
NHSCAD32806.png,NHSCAD32806,NHS,3,iccad3
NHSCAD34176.png,NHSCAD34176,NHS,0,iccad3
NHSCAD32469.png,NHSCAD32469,NHS,3,iccad3
NHSCAD32113.png,NHSCAD32113,NHS,4,iccad3
NHSCAD33041.png,NHSCAD33041,NHS,4,iccad3
NHSCAD32168.png,NHSCAD32168,NHS,0,iccad3
NHSCAD35425.png,NHSCAD35425,NHS,3,iccad3
NHSCAD32272.png,NHSCAD32272,NHS,2,iccad3
NHSCAD33749.png,NHSCAD33749,NHS,2,iccad3
NHSCAD34092.png,NHSCAD34092,NHS,1,iccad3
NHSCAD31855.png,NHSCAD31855,NHS,4,iccad3
NHSCAD34240.png,NHSCAD34240,NHS,4,iccad3
NHSCAD33200.png,NHSCAD33200,NHS,2,iccad3
NHSCAD33232.png,NHSCAD33232,NHS,0,iccad3
HSCAD3375.png,HSCAD3375,HS,0,iccad3
NHSCAD32648.png,NHSCAD32648,NHS,2,iccad3
HSCAD357.png,HSCAD357,HS,4,iccad3
NHSCAD33567.png,NHSCAD33567,NHS,1,iccad3
NHSCAD34532.png,NHSCAD34532,NHS,2,iccad3
NHSCAD32563.png,NHSCAD32563,NHS,1,iccad3
NHSCAD34034.png,NHSCAD34034,NHS,1,iccad3
NHSCAD34610.png,NHSCAD34610,NHS,4,iccad3
NHSCAD34220.png,NHSCAD34220,NHS,4,iccad3
NHSCAD34518.png,NHSCAD34518,NHS,2,iccad3
HSCAD3398.png,HSCAD3398,HS,2,iccad3
NHSCAD34592.png,NHSCAD34592,NHS,1,iccad3
NHSCAD33277.png,NHSCAD33277,NHS,1,iccad3
NHSCAD32519.png,NHSCAD32519,NHS,4,iccad3
NHSCAD31162.png,NHSCAD31162,NHS,3,iccad3
NHSCAD35534.png,NHSCAD35534,NHS,3,iccad3
NHSCAD35073.png,NHSCAD35073,NHS,2,iccad3
NHSCAD32064.png,NHSCAD32064,NHS,3,iccad3
HSCAD3222.png,HSCAD3222,HS,3,iccad3
NHSCAD35452.png,NHSCAD35452,NHS,1,iccad3
NHSCAD34321.png,NHSCAD34321,NHS,3,iccad3
NHSCAD31836.png,NHSCAD31836,NHS,3,iccad3
NHSCAD33254.png,NHSCAD33254,NHS,0,iccad3
NHSCAD33902.png,NHSCAD33902,NHS,3,iccad3
NHSCAD31328.png,NHSCAD31328,NHS,1,iccad3
NHSCAD33508.png,NHSCAD33508,NHS,3,iccad3
NHSCAD34444.png,NHSCAD34444,NHS,0,iccad3
NHSCAD32229.png,NHSCAD32229,NHS,2,iccad3
NHSCAD31000.png,NHSCAD31000,NHS,4,iccad3
NHSCAD33891.png,NHSCAD33891,NHS,0,iccad3
NHSCAD31332.png,NHSCAD31332,NHS,1,iccad3
NHSCAD32423.png,NHSCAD32423,NHS,1,iccad3
NHSCAD31375.png,NHSCAD31375,NHS,4,iccad3
NHSCAD31346.png,NHSCAD31346,NHS,0,iccad3
NHSCAD31356.png,NHSCAD31356,NHS,0,iccad3
NHSCAD32931.png,NHSCAD32931,NHS,0,iccad3
NHSCAD33150.png,NHSCAD33150,NHS,4,iccad3
NHSCAD32992.png,NHSCAD32992,NHS,0,iccad3
NHSCAD32577.png,NHSCAD32577,NHS,1,iccad3
NHSCAD3953.png,NHSCAD3953,NHS,3,iccad3
NHSCAD34309.png,NHSCAD34309,NHS,2,iccad3
NHSCAD34189.png,NHSCAD34189,NHS,2,iccad3
NHSCAD34066.png,NHSCAD34066,NHS,0,iccad3
NHSCAD33995.png,NHSCAD33995,NHS,4,iccad3
NHSCAD35252.png,NHSCAD35252,NHS,1,iccad3
NHSCAD35022.png,NHSCAD35022,NHS,4,iccad3
HSCAD3220.png,HSCAD3220,HS,0,iccad3
NHSCAD34325.png,NHSCAD34325,NHS,4,iccad3
NHSCAD32636.png,NHSCAD32636,NHS,0,iccad3
NHSCAD32354.png,NHSCAD32354,NHS,2,iccad3
NHSCAD34562.png,NHSCAD34562,NHS,0,iccad3
NHSCAD31963.png,NHSCAD31963,NHS,4,iccad3
NHSCAD32809.png,NHSCAD32809,NHS,2,iccad3
NHSCAD32196.png,NHSCAD32196,NHS,1,iccad3
NHSCAD31101.png,NHSCAD31101,NHS,0,iccad3
NHSCAD32837.png,NHSCAD32837,NHS,1,iccad3
NHSCAD33312.png,NHSCAD33312,NHS,1,iccad3
NHSCAD32386.png,NHSCAD32386,NHS,0,iccad3
NHSCAD32252.png,NHSCAD32252,NHS,0,iccad3
NHSCAD31330.png,NHSCAD31330,NHS,4,iccad3
NHSCAD31934.png,NHSCAD31934,NHS,3,iccad3
NHSCAD35327.png,NHSCAD35327,NHS,0,iccad3
NHSCAD34085.png,NHSCAD34085,NHS,0,iccad3
NHSCAD35068.png,NHSCAD35068,NHS,3,iccad3
NHSCAD33855.png,NHSCAD33855,NHS,4,iccad3
NHSCAD33079.png,NHSCAD33079,NHS,3,iccad3
NHSCAD35519.png,NHSCAD35519,NHS,2,iccad3
NHSCAD33252.png,NHSCAD33252,NHS,2,iccad3
HSCAD3148.png,HSCAD3148,HS,4,iccad3
HSCAD3500.png,HSCAD3500,HS,2,iccad3
NHSCAD35041.png,NHSCAD35041,NHS,1,iccad3
NHSCAD35079.png,NHSCAD35079,NHS,3,iccad3
HSCAD3850.png,HSCAD3850,HS,0,iccad3
NHSCAD35384.png,NHSCAD35384,NHS,3,iccad3
NHSCAD34862.png,NHSCAD34862,NHS,1,iccad3
NHSCAD33074.png,NHSCAD33074,NHS,4,iccad3
HSCAD3381.png,HSCAD3381,HS,3,iccad3
NHSCAD32464.png,NHSCAD32464,NHS,1,iccad3
NHSCAD34831.png,NHSCAD34831,NHS,0,iccad3
NHSCAD34044.png,NHSCAD34044,NHS,2,iccad3
NHSCAD31337.png,NHSCAD31337,NHS,2,iccad3
HSCAD3383.png,HSCAD3383,HS,1,iccad3
NHSCAD33671.png,NHSCAD33671,NHS,0,iccad3
NHSCAD31077.png,NHSCAD31077,NHS,1,iccad3
NHSCAD35433.png,NHSCAD35433,NHS,2,iccad3
NHSCAD31128.png,NHSCAD31128,NHS,3,iccad3
NHSCAD34459.png,NHSCAD34459,NHS,3,iccad3
HSCAD320.png,HSCAD320,HS,2,iccad3
NHSCAD34911.png,NHSCAD34911,NHS,2,iccad3
NHSCAD33390.png,NHSCAD33390,NHS,4,iccad3
NHSCAD32036.png,NHSCAD32036,NHS,2,iccad3
NHSCAD33271.png,NHSCAD33271,NHS,0,iccad3
NHSCAD34980.png,NHSCAD34980,NHS,3,iccad3
NHSCAD32172.png,NHSCAD32172,NHS,3,iccad3
NHSCAD32122.png,NHSCAD32122,NHS,3,iccad3
NHSCAD31617.png,NHSCAD31617,NHS,0,iccad3
NHSCAD32738.png,NHSCAD32738,NHS,2,iccad3
HSCAD3457.png,HSCAD3457,HS,4,iccad3
HSCAD3617.png,HSCAD3617,HS,2,iccad3
NHSCAD31669.png,NHSCAD31669,NHS,2,iccad3
NHSCAD33458.png,NHSCAD33458,NHS,2,iccad3
NHSCAD32190.png,NHSCAD32190,NHS,4,iccad3
HSCAD3855.png,HSCAD3855,HS,0,iccad3
NHSCAD35207.png,NHSCAD35207,NHS,4,iccad3
NHSCAD34247.png,NHSCAD34247,NHS,2,iccad3
NHSCAD33131.png,NHSCAD33131,NHS,0,iccad3
NHSCAD31849.png,NHSCAD31849,NHS,1,iccad3
NHSCAD34174.png,NHSCAD34174,NHS,3,iccad3
NHSCAD32131.png,NHSCAD32131,NHS,0,iccad3
NHSCAD32060.png,NHSCAD32060,NHS,4,iccad3
NHSCAD35209.png,NHSCAD35209,NHS,1,iccad3
NHSCAD32101.png,NHSCAD32101,NHS,0,iccad3
NHSCAD33709.png,NHSCAD33709,NHS,1,iccad3
HSCAD3342.png,HSCAD3342,HS,3,iccad3
NHSCAD32492.png,NHSCAD32492,NHS,4,iccad3
NHSCAD31907.png,NHSCAD31907,NHS,0,iccad3
HSCAD3212.png,HSCAD3212,HS,1,iccad3
NHSCAD32135.png,NHSCAD32135,NHS,2,iccad3
NHSCAD34792.png,NHSCAD34792,NHS,2,iccad3
NHSCAD34910.png,NHSCAD34910,NHS,4,iccad3
NHSCAD35235.png,NHSCAD35235,NHS,3,iccad3
NHSCAD33321.png,NHSCAD33321,NHS,0,iccad3
NHSCAD35387.png,NHSCAD35387,NHS,0,iccad3
NHSCAD33441.png,NHSCAD33441,NHS,1,iccad3
NHSCAD31939.png,NHSCAD31939,NHS,3,iccad3
HSCAD3344.png,HSCAD3344,HS,0,iccad3
NHSCAD3974.png,NHSCAD3974,NHS,0,iccad3
NHSCAD31018.png,NHSCAD31018,NHS,2,iccad3
NHSCAD31782.png,NHSCAD31782,NHS,1,iccad3
NHSCAD33102.png,NHSCAD33102,NHS,0,iccad3
NHSCAD33744.png,NHSCAD33744,NHS,2,iccad3
NHSCAD31957.png,NHSCAD31957,NHS,4,iccad3
NHSCAD34337.png,NHSCAD34337,NHS,1,iccad3
HSCAD3384.png,HSCAD3384,HS,2,iccad3
HSCAD3726.png,HSCAD3726,HS,1,iccad3
NHSCAD33594.png,NHSCAD33594,NHS,2,iccad3
NHSCAD35233.png,NHSCAD35233,NHS,4,iccad3
NHSCAD33446.png,NHSCAD33446,NHS,1,iccad3
HSCAD3728.png,HSCAD3728,HS,4,iccad3
NHSCAD3984.png,NHSCAD3984,NHS,1,iccad3
NHSCAD34677.png,NHSCAD34677,NHS,1,iccad3
NHSCAD32216.png,NHSCAD32216,NHS,1,iccad3
NHSCAD31986.png,NHSCAD31986,NHS,0,iccad3
NHSCAD31770.png,NHSCAD31770,NHS,3,iccad3
NHSCAD31522.png,NHSCAD31522,NHS,1,iccad3
NHSCAD32538.png,NHSCAD32538,NHS,2,iccad3
NHSCAD35496.png,NHSCAD35496,NHS,0,iccad3
NHSCAD35109.png,NHSCAD35109,NHS,3,iccad3
NHSCAD32877.png,NHSCAD32877,NHS,2,iccad3
NHSCAD35239.png,NHSCAD35239,NHS,2,iccad3
NHSCAD34682.png,NHSCAD34682,NHS,1,iccad3
NHSCAD34410.png,NHSCAD34410,NHS,4,iccad3
NHSCAD32439.png,NHSCAD32439,NHS,3,iccad3
HSCAD3102.png,HSCAD3102,HS,2,iccad3
NHSCAD32909.png,NHSCAD32909,NHS,3,iccad3
NHSCAD33022.png,NHSCAD33022,NHS,1,iccad3
NHSCAD32923.png,NHSCAD32923,NHS,1,iccad3
NHSCAD33437.png,NHSCAD33437,NHS,1,iccad3
NHSCAD33061.png,NHSCAD33061,NHS,0,iccad3
HSCAD3173.png,HSCAD3173,HS,3,iccad3
NHSCAD33944.png,NHSCAD33944,NHS,3,iccad3
HSCAD3282.png,HSCAD3282,HS,4,iccad3
NHSCAD31419.png,NHSCAD31419,NHS,3,iccad3
NHSCAD35404.png,NHSCAD35404,NHS,3,iccad3
NHSCAD34698.png,NHSCAD34698,NHS,2,iccad3
HSCAD312.png,HSCAD312,HS,4,iccad3
NHSCAD33443.png,NHSCAD33443,NHS,2,iccad3
NHSCAD35083.png,NHSCAD35083,NHS,2,iccad3
NHSCAD33249.png,NHSCAD33249,NHS,0,iccad3
NHSCAD33152.png,NHSCAD33152,NHS,0,iccad3
NHSCAD31529.png,NHSCAD31529,NHS,3,iccad3
NHSCAD33359.png,NHSCAD33359,NHS,4,iccad3
NHSCAD32409.png,NHSCAD32409,NHS,3,iccad3
NHSCAD31955.png,NHSCAD31955,NHS,3,iccad3
NHSCAD35171.png,NHSCAD35171,NHS,0,iccad3
NHSCAD34808.png,NHSCAD34808,NHS,2,iccad3
NHSCAD31887.png,NHSCAD31887,NHS,2,iccad3
NHSCAD34468.png,NHSCAD34468,NHS,4,iccad3
NHSCAD35020.png,NHSCAD35020,NHS,4,iccad3
HSCAD364.png,HSCAD364,HS,1,iccad3
NHSCAD33593.png,NHSCAD33593,NHS,1,iccad3
NHSCAD31944.png,NHSCAD31944,NHS,3,iccad3
NHSCAD33452.png,NHSCAD33452,NHS,1,iccad3
NHSCAD31633.png,NHSCAD31633,NHS,0,iccad3
NHSCAD33923.png,NHSCAD33923,NHS,1,iccad3
NHSCAD32250.png,NHSCAD32250,NHS,1,iccad3
HSCAD3564.png,HSCAD3564,HS,2,iccad3
NHSCAD32703.png,NHSCAD32703,NHS,2,iccad3
NHSCAD33368.png,NHSCAD33368,NHS,3,iccad3
NHSCAD34158.png,NHSCAD34158,NHS,2,iccad3
NHSCAD34940.png,NHSCAD34940,NHS,4,iccad3
NHSCAD33530.png,NHSCAD33530,NHS,4,iccad3
NHSCAD34257.png,NHSCAD34257,NHS,1,iccad3
NHSCAD35423.png,NHSCAD35423,NHS,4,iccad3
NHSCAD34144.png,NHSCAD34144,NHS,2,iccad3
NHSCAD34898.png,NHSCAD34898,NHS,1,iccad3
NHSCAD32626.png,NHSCAD32626,NHS,0,iccad3
NHSCAD34366.png,NHSCAD34366,NHS,0,iccad3
NHSCAD33889.png,NHSCAD33889,NHS,3,iccad3
HSCAD377.png,HSCAD377,HS,1,iccad3
NHSCAD32181.png,NHSCAD32181,NHS,0,iccad3
NHSCAD31443.png,NHSCAD31443,NHS,1,iccad3
NHSCAD31407.png,NHSCAD31407,NHS,1,iccad3
NHSCAD32807.png,NHSCAD32807,NHS,0,iccad3
NHSCAD33046.png,NHSCAD33046,NHS,0,iccad3
NHSCAD32359.png,NHSCAD32359,NHS,3,iccad3
HSCAD3389.png,HSCAD3389,HS,1,iccad3
NHSCAD33971.png,NHSCAD33971,NHS,0,iccad3
NHSCAD31081.png,NHSCAD31081,NHS,0,iccad3
NHSCAD32621.png,NHSCAD32621,NHS,0,iccad3
NHSCAD33459.png,NHSCAD33459,NHS,3,iccad3
NHSCAD31922.png,NHSCAD31922,NHS,3,iccad3
NHSCAD33861.png,NHSCAD33861,NHS,0,iccad3
HSCAD3752.png,HSCAD3752,HS,0,iccad3
NHSCAD34281.png,NHSCAD34281,NHS,2,iccad3
NHSCAD34519.png,NHSCAD34519,NHS,3,iccad3
NHSCAD34983.png,NHSCAD34983,NHS,2,iccad3
NHSCAD31805.png,NHSCAD31805,NHS,4,iccad3
NHSCAD32540.png,NHSCAD32540,NHS,4,iccad3
NHSCAD33875.png,NHSCAD33875,NHS,4,iccad3
NHSCAD32161.png,NHSCAD32161,NHS,4,iccad3
NHSCAD35287.png,NHSCAD35287,NHS,1,iccad3
NHSCAD34436.png,NHSCAD34436,NHS,1,iccad3
NHSCAD35203.png,NHSCAD35203,NHS,0,iccad3
NHSCAD31652.png,NHSCAD31652,NHS,2,iccad3
NHSCAD31948.png,NHSCAD31948,NHS,1,iccad3
NHSCAD32762.png,NHSCAD32762,NHS,0,iccad3
NHSCAD35193.png,NHSCAD35193,NHS,0,iccad3
NHSCAD32406.png,NHSCAD32406,NHS,0,iccad3
NHSCAD34965.png,NHSCAD34965,NHS,4,iccad3
NHSCAD34579.png,NHSCAD34579,NHS,3,iccad3
NHSCAD31480.png,NHSCAD31480,NHS,2,iccad3
NHSCAD31858.png,NHSCAD31858,NHS,1,iccad3
HSCAD3540.png,HSCAD3540,HS,1,iccad3
HSCAD3447.png,HSCAD3447,HS,1,iccad3
NHSCAD32694.png,NHSCAD32694,NHS,3,iccad3
NHSCAD31350.png,NHSCAD31350,NHS,4,iccad3
NHSCAD32039.png,NHSCAD32039,NHS,1,iccad3
NHSCAD32159.png,NHSCAD32159,NHS,3,iccad3
NHSCAD35517.png,NHSCAD35517,NHS,0,iccad3
NHSCAD33556.png,NHSCAD33556,NHS,0,iccad3
NHSCAD34479.png,NHSCAD34479,NHS,3,iccad3
NHSCAD31914.png,NHSCAD31914,NHS,1,iccad3
NHSCAD31243.png,NHSCAD31243,NHS,4,iccad3
NHSCAD31409.png,NHSCAD31409,NHS,3,iccad3
NHSCAD32614.png,NHSCAD32614,NHS,0,iccad3
NHSCAD31291.png,NHSCAD31291,NHS,0,iccad3
NHSCAD33137.png,NHSCAD33137,NHS,0,iccad3
NHSCAD35224.png,NHSCAD35224,NHS,1,iccad3
NHSCAD32415.png,NHSCAD32415,NHS,4,iccad3
NHSCAD34335.png,NHSCAD34335,NHS,2,iccad3
NHSCAD32502.png,NHSCAD32502,NHS,4,iccad3
NHSCAD35352.png,NHSCAD35352,NHS,0,iccad3
NHSCAD32324.png,NHSCAD32324,NHS,2,iccad3
NHSCAD34506.png,NHSCAD34506,NHS,1,iccad3
NHSCAD32969.png,NHSCAD32969,NHS,2,iccad3
NHSCAD35096.png,NHSCAD35096,NHS,1,iccad3
NHSCAD32782.png,NHSCAD32782,NHS,1,iccad3
NHSCAD32928.png,NHSCAD32928,NHS,1,iccad3
NHSCAD31929.png,NHSCAD31929,NHS,1,iccad3
NHSCAD31478.png,NHSCAD31478,NHS,1,iccad3
NHSCAD35398.png,NHSCAD35398,NHS,1,iccad3
NHSCAD34876.png,NHSCAD34876,NHS,0,iccad3
NHSCAD31329.png,NHSCAD31329,NHS,3,iccad3
NHSCAD31072.png,NHSCAD31072,NHS,1,iccad3
NHSCAD33978.png,NHSCAD33978,NHS,2,iccad3
NHSCAD34583.png,NHSCAD34583,NHS,2,iccad3
NHSCAD34553.png,NHSCAD34553,NHS,4,iccad3
NHSCAD34631.png,NHSCAD34631,NHS,0,iccad3
NHSCAD31333.png,NHSCAD31333,NHS,2,iccad3
HSCAD3742.png,HSCAD3742,HS,0,iccad3
NHSCAD31537.png,NHSCAD31537,NHS,4,iccad3
HSCAD3474.png,HSCAD3474,HS,3,iccad3
NHSCAD35243.png,NHSCAD35243,NHS,2,iccad3
NHSCAD31344.png,NHSCAD31344,NHS,4,iccad3
NHSCAD31809.png,NHSCAD31809,NHS,2,iccad3
HSCAD3756.png,HSCAD3756,HS,0,iccad3
NHSCAD32503.png,NHSCAD32503,NHS,3,iccad3
HSCAD3841.png,HSCAD3841,HS,1,iccad3
HSCAD3582.png,HSCAD3582,HS,1,iccad3
NHSCAD33400.png,NHSCAD33400,NHS,3,iccad3
NHSCAD32177.png,NHSCAD32177,NHS,1,iccad3
NHSCAD31075.png,NHSCAD31075,NHS,4,iccad3
NHSCAD34617.png,NHSCAD34617,NHS,1,iccad3
HSCAD371.png,HSCAD371,HS,3,iccad3
HSCAD3266.png,HSCAD3266,HS,1,iccad3
NHSCAD34123.png,NHSCAD34123,NHS,2,iccad3
NHSCAD32970.png,NHSCAD32970,NHS,4,iccad3
NHSCAD33096.png,NHSCAD33096,NHS,1,iccad3
HSCAD3817.png,HSCAD3817,HS,3,iccad3
HSCAD3357.png,HSCAD3357,HS,3,iccad3
NHSCAD35213.png,NHSCAD35213,NHS,0,iccad3
NHSCAD35323.png,NHSCAD35323,NHS,2,iccad3
NHSCAD34650.png,NHSCAD34650,NHS,4,iccad3
NHSCAD3966.png,NHSCAD3966,NHS,0,iccad3
NHSCAD34498.png,NHSCAD34498,NHS,3,iccad3
NHSCAD33515.png,NHSCAD33515,NHS,4,iccad3
NHSCAD32873.png,NHSCAD32873,NHS,4,iccad3
NHSCAD31482.png,NHSCAD31482,NHS,4,iccad3
NHSCAD31207.png,NHSCAD31207,NHS,2,iccad3
NHSCAD35500.png,NHSCAD35500,NHS,1,iccad3
NHSCAD32320.png,NHSCAD32320,NHS,4,iccad3
NHSCAD32459.png,NHSCAD32459,NHS,4,iccad3
NHSCAD35296.png,NHSCAD35296,NHS,3,iccad3
NHSCAD34937.png,NHSCAD34937,NHS,2,iccad3
NHSCAD33942.png,NHSCAD33942,NHS,1,iccad3
HSCAD3166.png,HSCAD3166,HS,0,iccad3
NHSCAD32372.png,NHSCAD32372,NHS,3,iccad3
NHSCAD32189.png,NHSCAD32189,NHS,2,iccad3
NHSCAD34170.png,NHSCAD34170,NHS,4,iccad3
NHSCAD31793.png,NHSCAD31793,NHS,2,iccad3
NHSCAD32528.png,NHSCAD32528,NHS,2,iccad3
NHSCAD32750.png,NHSCAD32750,NHS,3,iccad3
NHSCAD34271.png,NHSCAD34271,NHS,0,iccad3
NHSCAD31760.png,NHSCAD31760,NHS,3,iccad3
NHSCAD34137.png,NHSCAD34137,NHS,0,iccad3
NHSCAD34515.png,NHSCAD34515,NHS,3,iccad3
HSCAD3185.png,HSCAD3185,HS,1,iccad3
NHSCAD33208.png,NHSCAD33208,NHS,1,iccad3
NHSCAD34539.png,NHSCAD34539,NHS,3,iccad3
NHSCAD31354.png,NHSCAD31354,NHS,3,iccad3
NHSCAD33077.png,NHSCAD33077,NHS,2,iccad3
NHSCAD33917.png,NHSCAD33917,NHS,2,iccad3
NHSCAD35291.png,NHSCAD35291,NHS,0,iccad3
NHSCAD33839.png,NHSCAD33839,NHS,3,iccad3
NHSCAD34666.png,NHSCAD34666,NHS,2,iccad3
NHSCAD32317.png,NHSCAD32317,NHS,1,iccad3
NHSCAD32932.png,NHSCAD32932,NHS,1,iccad3
NHSCAD35034.png,NHSCAD35034,NHS,0,iccad3
NHSCAD33190.png,NHSCAD33190,NHS,4,iccad3
NHSCAD34633.png,NHSCAD34633,NHS,2,iccad3
NHSCAD33748.png,NHSCAD33748,NHS,1,iccad3
NHSCAD34530.png,NHSCAD34530,NHS,4,iccad3
NHSCAD35031.png,NHSCAD35031,NHS,1,iccad3
NHSCAD32817.png,NHSCAD32817,NHS,0,iccad3
HSCAD3907.png,HSCAD3907,HS,3,iccad3
NHSCAD35174.png,NHSCAD35174,NHS,4,iccad3
NHSCAD32437.png,NHSCAD32437,NHS,1,iccad3
NHSCAD35183.png,NHSCAD35183,NHS,3,iccad3
NHSCAD34599.png,NHSCAD34599,NHS,3,iccad3
HSCAD3749.png,HSCAD3749,HS,2,iccad3
HSCAD3475.png,HSCAD3475,HS,0,iccad3
NHSCAD34486.png,NHSCAD34486,NHS,2,iccad3
NHSCAD31961.png,NHSCAD31961,NHS,0,iccad3
NHSCAD34513.png,NHSCAD34513,NHS,1,iccad3
NHSCAD34229.png,NHSCAD34229,NHS,3,iccad3
NHSCAD32133.png,NHSCAD32133,NHS,4,iccad3
NHSCAD33259.png,NHSCAD33259,NHS,2,iccad3
NHSCAD34227.png,NHSCAD34227,NHS,1,iccad3
NHSCAD33087.png,NHSCAD33087,NHS,1,iccad3
NHSCAD34593.png,NHSCAD34593,NHS,2,iccad3
NHSCAD31140.png,NHSCAD31140,NHS,4,iccad3
NHSCAD3918.png,NHSCAD3918,NHS,3,iccad3
HSCAD3815.png,HSCAD3815,HS,0,iccad3
NHSCAD34454.png,NHSCAD34454,NHS,0,iccad3
NHSCAD34035.png,NHSCAD34035,NHS,2,iccad3
NHSCAD32617.png,NHSCAD32617,NHS,2,iccad3
NHSCAD32288.png,NHSCAD32288,NHS,2,iccad3
NHSCAD34471.png,NHSCAD34471,NHS,2,iccad3
NHSCAD34773.png,NHSCAD34773,NHS,2,iccad3
NHSCAD35508.png,NHSCAD35508,NHS,3,iccad3
NHSCAD32456.png,NHSCAD32456,NHS,0,iccad3
NHSCAD32217.png,NHSCAD32217,NHS,0,iccad3
HSCAD3594.png,HSCAD3594,HS,0,iccad3
NHSCAD34488.png,NHSCAD34488,NHS,1,iccad3
NHSCAD33234.png,NHSCAD33234,NHS,2,iccad3
NHSCAD3950.png,NHSCAD3950,NHS,2,iccad3
NHSCAD32070.png,NHSCAD32070,NHS,4,iccad3
NHSCAD34909.png,NHSCAD34909,NHS,2,iccad3
NHSCAD3919.png,NHSCAD3919,NHS,4,iccad3
NHSCAD32155.png,NHSCAD32155,NHS,4,iccad3
HSCAD3165.png,HSCAD3165,HS,4,iccad3
NHSCAD34929.png,NHSCAD34929,NHS,3,iccad3
NHSCAD31898.png,NHSCAD31898,NHS,4,iccad3
HSCAD3799.png,HSCAD3799,HS,0,iccad3
NHSCAD33216.png,NHSCAD33216,NHS,0,iccad3
NHSCAD34896.png,NHSCAD34896,NHS,4,iccad3
HSCAD3359.png,HSCAD3359,HS,2,iccad3
NHSCAD35075.png,NHSCAD35075,NHS,4,iccad3
NHSCAD32112.png,NHSCAD32112,NHS,3,iccad3
NHSCAD33285.png,NHSCAD33285,NHS,4,iccad3
NHSCAD34319.png,NHSCAD34319,NHS,2,iccad3
NHSCAD35336.png,NHSCAD35336,NHS,0,iccad3
NHSCAD35094.png,NHSCAD35094,NHS,3,iccad3
NHSCAD34807.png,NHSCAD34807,NHS,1,iccad3
NHSCAD34343.png,NHSCAD34343,NHS,1,iccad3
NHSCAD35470.png,NHSCAD35470,NHS,4,iccad3
NHSCAD34824.png,NHSCAD34824,NHS,3,iccad3
NHSCAD33665.png,NHSCAD33665,NHS,4,iccad3
HSCAD3439.png,HSCAD3439,HS,3,iccad3
NHSCAD34425.png,NHSCAD34425,NHS,3,iccad3
NHSCAD31474.png,NHSCAD31474,NHS,2,iccad3
NHSCAD34869.png,NHSCAD34869,NHS,2,iccad3
NHSCAD33306.png,NHSCAD33306,NHS,4,iccad3
NHSCAD33105.png,NHSCAD33105,NHS,4,iccad3
NHSCAD34996.png,NHSCAD34996,NHS,0,iccad3
HSCAD3432.png,HSCAD3432,HS,0,iccad3
NHSCAD33817.png,NHSCAD33817,NHS,1,iccad3
NHSCAD31787.png,NHSCAD31787,NHS,1,iccad3
NHSCAD34712.png,NHSCAD34712,NHS,2,iccad3
NHSCAD31980.png,NHSCAD31980,NHS,4,iccad3
NHSCAD34852.png,NHSCAD34852,NHS,1,iccad3
HSCAD3388.png,HSCAD3388,HS,0,iccad3
NHSCAD35302.png,NHSCAD35302,NHS,0,iccad3
NHSCAD34353.png,NHSCAD34353,NHS,3,iccad3
NHSCAD33864.png,NHSCAD33864,NHS,3,iccad3
NHSCAD32382.png,NHSCAD32382,NHS,1,iccad3
NHSCAD32945.png,NHSCAD32945,NHS,4,iccad3
NHSCAD31615.png,NHSCAD31615,NHS,4,iccad3
NHSCAD35332.png,NHSCAD35332,NHS,1,iccad3
NHSCAD34979.png,NHSCAD34979,NHS,0,iccad3
NHSCAD32298.png,NHSCAD32298,NHS,2,iccad3
NHSCAD33168.png,NHSCAD33168,NHS,4,iccad3
NHSCAD35533.png,NHSCAD35533,NHS,2,iccad3
NHSCAD33411.png,NHSCAD33411,NHS,1,iccad3
HSCAD3325.png,HSCAD3325,HS,1,iccad3
NHSCAD34386.png,NHSCAD34386,NHS,3,iccad3
NHSCAD34642.png,NHSCAD34642,NHS,1,iccad3
NHSCAD33187.png,NHSCAD33187,NHS,1,iccad3
NHSCAD34936.png,NHSCAD34936,NHS,0,iccad3
HSCAD3429.png,HSCAD3429,HS,1,iccad3
NHSCAD34987.png,NHSCAD34987,NHS,1,iccad3
NHSCAD32167.png,NHSCAD32167,NHS,4,iccad3
NHSCAD31175.png,NHSCAD31175,NHS,4,iccad3
NHSCAD31073.png,NHSCAD31073,NHS,2,iccad3
NHSCAD33613.png,NHSCAD33613,NHS,1,iccad3
NHSCAD32321.png,NHSCAD32321,NHS,0,iccad3
NHSCAD31630.png,NHSCAD31630,NHS,4,iccad3
HSCAD311.png,HSCAD311,HS,1,iccad3
HSCAD3684.png,HSCAD3684,HS,2,iccad3
NHSCAD35161.png,NHSCAD35161,NHS,2,iccad3
NHSCAD33415.png,NHSCAD33415,NHS,4,iccad3
NHSCAD3910.png,NHSCAD3910,NHS,2,iccad3
NHSCAD33637.png,NHSCAD33637,NHS,4,iccad3
NHSCAD33032.png,NHSCAD33032,NHS,3,iccad3
NHSCAD33248.png,NHSCAD33248,NHS,3,iccad3
NHSCAD32532.png,NHSCAD32532,NHS,0,iccad3
NHSCAD34829.png,NHSCAD34829,NHS,3,iccad3
NHSCAD35002.png,NHSCAD35002,NHS,2,iccad3
NHSCAD32981.png,NHSCAD32981,NHS,0,iccad3
NHSCAD35037.png,NHSCAD35037,NHS,2,iccad3
NHSCAD34907.png,NHSCAD34907,NHS,3,iccad3
HSCAD3482.png,HSCAD3482,HS,0,iccad3
NHSCAD34722.png,NHSCAD34722,NHS,2,iccad3
NHSCAD33476.png,NHSCAD33476,NHS,4,iccad3
NHSCAD33201.png,NHSCAD33201,NHS,0,iccad3
NHSCAD33737.png,NHSCAD33737,NHS,0,iccad3
HSCAD3297.png,HSCAD3297,HS,1,iccad3
NHSCAD31368.png,NHSCAD31368,NHS,2,iccad3
NHSCAD33979.png,NHSCAD33979,NHS,3,iccad3
NHSCAD32556.png,NHSCAD32556,NHS,0,iccad3
NHSCAD32156.png,NHSCAD32156,NHS,0,iccad3
NHSCAD34401.png,NHSCAD34401,NHS,4,iccad3
NHSCAD3935.png,NHSCAD3935,NHS,4,iccad3
NHSCAD34414.png,NHSCAD34414,NHS,3,iccad3
HSCAD38.png,HSCAD38,HS,3,iccad3
NHSCAD33182.png,NHSCAD33182,NHS,1,iccad3
NHSCAD34056.png,NHSCAD34056,NHS,2,iccad3
NHSCAD32447.png,NHSCAD32447,NHS,2,iccad3
HSCAD3574.png,HSCAD3574,HS,4,iccad3
NHSCAD31489.png,NHSCAD31489,NHS,1,iccad3
HSCAD3476.png,HSCAD3476,HS,4,iccad3
HSCAD3208.png,HSCAD3208,HS,0,iccad3
NHSCAD31282.png,NHSCAD31282,NHS,4,iccad3
HSCAD3328.png,HSCAD3328,HS,2,iccad3
NHSCAD31994.png,NHSCAD31994,NHS,4,iccad3
NHSCAD31090.png,NHSCAD31090,NHS,4,iccad3
NHSCAD32337.png,NHSCAD32337,NHS,0,iccad3
NHSCAD34802.png,NHSCAD34802,NHS,4,iccad3
NHSCAD34492.png,NHSCAD34492,NHS,0,iccad3
NHSCAD34758.png,NHSCAD34758,NHS,2,iccad3
HSCAD3743.png,HSCAD3743,HS,4,iccad3
NHSCAD33973.png,NHSCAD33973,NHS,2,iccad3
NHSCAD35223.png,NHSCAD35223,NHS,0,iccad3
NHSCAD33365.png,NHSCAD33365,NHS,1,iccad3
NHSCAD33867.png,NHSCAD33867,NHS,1,iccad3
NHSCAD34877.png,NHSCAD34877,NHS,1,iccad3
NHSCAD34058.png,NHSCAD34058,NHS,0,iccad3
NHSCAD32531.png,NHSCAD32531,NHS,1,iccad3
NHSCAD32145.png,NHSCAD32145,NHS,2,iccad3
NHSCAD32565.png,NHSCAD32565,NHS,3,iccad3
NHSCAD32676.png,NHSCAD32676,NHS,1,iccad3
NHSCAD31338.png,NHSCAD31338,NHS,1,iccad3
HSCAD3362.png,HSCAD3362,HS,4,iccad3
NHSCAD34671.png,NHSCAD34671,NHS,0,iccad3
NHSCAD34172.png,NHSCAD34172,NHS,0,iccad3
NHSCAD32704.png,NHSCAD32704,NHS,3,iccad3
NHSCAD3915.png,NHSCAD3915,NHS,2,iccad3
NHSCAD31383.png,NHSCAD31383,NHS,2,iccad3
NHSCAD31998.png,NHSCAD31998,NHS,1,iccad3
NHSCAD31970.png,NHSCAD31970,NHS,3,iccad3
NHSCAD31974.png,NHSCAD31974,NHS,1,iccad3
NHSCAD32040.png,NHSCAD32040,NHS,4,iccad3
NHSCAD35297.png,NHSCAD35297,NHS,0,iccad3
NHSCAD34644.png,NHSCAD34644,NHS,3,iccad3
NHSCAD32034.png,NHSCAD32034,NHS,3,iccad3
NHSCAD32901.png,NHSCAD32901,NHS,0,iccad3
NHSCAD34954.png,NHSCAD34954,NHS,4,iccad3
NHSCAD33270.png,NHSCAD33270,NHS,4,iccad3
NHSCAD32429.png,NHSCAD32429,NHS,4,iccad3
NHSCAD32436.png,NHSCAD32436,NHS,0,iccad3
NHSCAD32004.png,NHSCAD32004,NHS,3,iccad3
NHSCAD35498.png,NHSCAD35498,NHS,3,iccad3
NHSCAD35198.png,NHSCAD35198,NHS,0,iccad3
NHSCAD35361.png,NHSCAD35361,NHS,0,iccad3
NHSCAD35424.png,NHSCAD35424,NHS,2,iccad3
HSCAD3478.png,HSCAD3478,HS,0,iccad3
NHSCAD32141.png,NHSCAD32141,NHS,0,iccad3
HSCAD3688.png,HSCAD3688,HS,4,iccad3
NHSCAD35502.png,NHSCAD35502,NHS,2,iccad3
NHSCAD32292.png,NHSCAD32292,NHS,4,iccad3
NHSCAD31468.png,NHSCAD31468,NHS,1,iccad3
NHSCAD31589.png,NHSCAD31589,NHS,2,iccad3
HSCAD3551.png,HSCAD3551,HS,2,iccad3
NHSCAD34332.png,NHSCAD34332,NHS,1,iccad3
NHSCAD32723.png,NHSCAD32723,NHS,2,iccad3
NHSCAD35543.png,NHSCAD35543,NHS,2,iccad3
NHSCAD34717.png,NHSCAD34717,NHS,2,iccad3
NHSCAD34951.png,NHSCAD34951,NHS,0,iccad3
HSCAD3365.png,HSCAD3365,HS,1,iccad3
HSCAD3591.png,HSCAD3591,HS,1,iccad3
NHSCAD3937.png,NHSCAD3937,NHS,1,iccad3
NHSCAD35497.png,NHSCAD35497,NHS,2,iccad3
NHSCAD33263.png,NHSCAD33263,NHS,2,iccad3
NHSCAD33821.png,NHSCAD33821,NHS,0,iccad3
NHSCAD34130.png,NHSCAD34130,NHS,4,iccad3
NHSCAD35427.png,NHSCAD35427,NHS,1,iccad3
NHSCAD33418.png,NHSCAD33418,NHS,3,iccad3
NHSCAD33447.png,NHSCAD33447,NHS,2,iccad3
NHSCAD33405.png,NHSCAD33405,NHS,0,iccad3
NHSCAD32235.png,NHSCAD32235,NHS,3,iccad3
NHSCAD34747.png,NHSCAD34747,NHS,1,iccad3
NHSCAD35311.png,NHSCAD35311,NHS,1,iccad3
NHSCAD35114.png,NHSCAD35114,NHS,3,iccad3
NHSCAD33573.png,NHSCAD33573,NHS,1,iccad3
NHSCAD32180.png,NHSCAD32180,NHS,2,iccad3
NHSCAD34697.png,NHSCAD34697,NHS,1,iccad3
NHSCAD33757.png,NHSCAD33757,NHS,1,iccad3
NHSCAD31971.png,NHSCAD31971,NHS,0,iccad3
HSCAD3808.png,HSCAD3808,HS,3,iccad3
NHSCAD34272.png,NHSCAD34272,NHS,2,iccad3
NHSCAD32313.png,NHSCAD32313,NHS,2,iccad3
HSCAD3897.png,HSCAD3897,HS,1,iccad3
HSCAD3566.png,HSCAD3566,HS,3,iccad3
NHSCAD32993.png,NHSCAD32993,NHS,1,iccad3
NHSCAD34075.png,NHSCAD34075,NHS,3,iccad3
NHSCAD31475.png,NHSCAD31475,NHS,3,iccad3
NHSCAD32491.png,NHSCAD32491,NHS,0,iccad3
NHSCAD34275.png,NHSCAD34275,NHS,4,iccad3
NHSCAD34382.png,NHSCAD34382,NHS,0,iccad3
NHSCAD32225.png,NHSCAD32225,NHS,3,iccad3
NHSCAD31968.png,NHSCAD31968,NHS,4,iccad3
HSCAD3761.png,HSCAD3761,HS,1,iccad3
NHSCAD31095.png,NHSCAD31095,NHS,4,iccad3
NHSCAD34474.png,NHSCAD34474,NHS,4,iccad3
HSCAD3144.png,HSCAD3144,HS,1,iccad3
NHSCAD3997.png,NHSCAD3997,NHS,3,iccad3
NHSCAD32381.png,NHSCAD32381,NHS,0,iccad3
NHSCAD32912.png,NHSCAD32912,NHS,1,iccad3
NHSCAD32120.png,NHSCAD32120,NHS,2,iccad3
NHSCAD33676.png,NHSCAD33676,NHS,0,iccad3
NHSCAD3922.png,NHSCAD3922,NHS,2,iccad3
NHSCAD32192.png,NHSCAD32192,NHS,1,iccad3
NHSCAD32875.png,NHSCAD32875,NHS,3,iccad3
NHSCAD31875.png,NHSCAD31875,NHS,4,iccad3
NHSCAD35366.png,NHSCAD35366,NHS,4,iccad3
HSCAD3526.png,HSCAD3526,HS,0,iccad3
NHSCAD33922.png,NHSCAD33922,NHS,2,iccad3
NHSCAD34707.png,NHSCAD34707,NHS,1,iccad3
NHSCAD32688.png,NHSCAD32688,NHS,2,iccad3
NHSCAD3978.png,NHSCAD3978,NHS,0,iccad3
NHSCAD34460.png,NHSCAD34460,NHS,4,iccad3
NHSCAD35491.png,NHSCAD35491,NHS,0,iccad3
NHSCAD34050.png,NHSCAD34050,NHS,4,iccad3
NHSCAD32332.png,NHSCAD32332,NHS,4,iccad3
NHSCAD34407.png,NHSCAD34407,NHS,1,iccad3
NHSCAD35194.png,NHSCAD35194,NHS,1,iccad3
NHSCAD33389.png,NHSCAD33389,NHS,3,iccad3
NHSCAD34073.png,NHSCAD34073,NHS,1,iccad3
NHSCAD31408.png,NHSCAD31408,NHS,2,iccad3
NHSCAD33522.png,NHSCAD33522,NHS,1,iccad3
NHSCAD35528.png,NHSCAD35528,NHS,3,iccad3
NHSCAD33291.png,NHSCAD33291,NHS,0,iccad3
HSCAD3867.png,HSCAD3867,HS,2,iccad3
HSCAD348.png,HSCAD348,HS,2,iccad3
HSCAD3199.png,HSCAD3199,HS,0,iccad3
NHSCAD33651.png,NHSCAD33651,NHS,0,iccad3
HSCAD3569.png,HSCAD3569,HS,2,iccad3
NHSCAD31174.png,NHSCAD31174,NHS,3,iccad3
NHSCAD33132.png,NHSCAD33132,NHS,1,iccad3
NHSCAD34815.png,NHSCAD34815,NHS,4,iccad3
HSCAD3171.png,HSCAD3171,HS,0,iccad3
NHSCAD34184.png,NHSCAD34184,NHS,3,iccad3
NHSCAD34113.png,NHSCAD34113,NHS,0,iccad3
NHSCAD31810.png,NHSCAD31810,NHS,4,iccad3
NHSCAD33487.png,NHSCAD33487,NHS,4,iccad3
NHSCAD32710.png,NHSCAD32710,NHS,4,iccad3
NHSCAD34779.png,NHSCAD34779,NHS,3,iccad3
NHSCAD33833.png,NHSCAD33833,NHS,2,iccad3
NHSCAD34426.png,NHSCAD34426,NHS,0,iccad3
NHSCAD32396.png,NHSCAD32396,NHS,2,iccad3
HSCAD3121.png,HSCAD3121,HS,0,iccad3
NHSCAD31030.png,NHSCAD31030,NHS,3,iccad3
NHSCAD34188.png,NHSCAD34188,NHS,1,iccad3
NHSCAD32123.png,NHSCAD32123,NHS,4,iccad3
NHSCAD34255.png,NHSCAD34255,NHS,4,iccad3
NHSCAD35434.png,NHSCAD35434,NHS,3,iccad3
NHSCAD33198.png,NHSCAD33198,NHS,4,iccad3
HSCAD3846.png,HSCAD3846,HS,0,iccad3
NHSCAD35317.png,NHSCAD35317,NHS,1,iccad3
NHSCAD32728.png,NHSCAD32728,NHS,1,iccad3
NHSCAD33751.png,NHSCAD33751,NHS,0,iccad3
NHSCAD32618.png,NHSCAD32618,NHS,4,iccad3
NHSCAD34363.png,NHSCAD34363,NHS,2,iccad3
NHSCAD31719.png,NHSCAD31719,NHS,4,iccad3
NHSCAD34761.png,NHSCAD34761,NHS,0,iccad3
NHSCAD35381.png,NHSCAD35381,NHS,0,iccad3
HSCAD3495.png,HSCAD3495,HS,0,iccad3
NHSCAD34494.png,NHSCAD34494,NHS,3,iccad3
HSCAD3647.png,HSCAD3647,HS,4,iccad3
HSCAD3176.png,HSCAD3176,HS,2,iccad3
NHSCAD33505.png,NHSCAD33505,NHS,3,iccad3
NHSCAD34822.png,NHSCAD34822,NHS,1,iccad3
NHSCAD33245.png,NHSCAD33245,NHS,4,iccad3
HSCAD3854.png,HSCAD3854,HS,3,iccad3
NHSCAD34858.png,NHSCAD34858,NHS,2,iccad3
NHSCAD31450.png,NHSCAD31450,NHS,4,iccad3
NHSCAD31235.png,NHSCAD31235,NHS,3,iccad3
NHSCAD32549.png,NHSCAD32549,NHS,2,iccad3
NHSCAD34005.png,NHSCAD34005,NHS,4,iccad3
NHSCAD33526.png,NHSCAD33526,NHS,0,iccad3
NHSCAD31371.png,NHSCAD31371,NHS,0,iccad3
HSCAD3524.png,HSCAD3524,HS,2,iccad3
NHSCAD33776.png,NHSCAD33776,NHS,4,iccad3
NHSCAD31812.png,NHSCAD31812,NHS,0,iccad3
NHSCAD34302.png,NHSCAD34302,NHS,1,iccad3
NHSCAD33438.png,NHSCAD33438,NHS,2,iccad3
NHSCAD33546.png,NHSCAD33546,NHS,0,iccad3
HSCAD3214.png,HSCAD3214,HS,3,iccad3
NHSCAD31583.png,NHSCAD31583,NHS,1,iccad3
HSCAD3825.png,HSCAD3825,HS,4,iccad3
NHSCAD3999.png,NHSCAD3999,NHS,1,iccad3
NHSCAD34899.png,NHSCAD34899,NHS,2,iccad3
NHSCAD34024.png,NHSCAD34024,NHS,1,iccad3
NHSCAD31852.png,NHSCAD31852,NHS,1,iccad3
NHSCAD32874.png,NHSCAD32874,NHS,0,iccad3
NHSCAD3942.png,NHSCAD3942,NHS,1,iccad3
NHSCAD32628.png,NHSCAD32628,NHS,1,iccad3
NHSCAD33718.png,NHSCAD33718,NHS,4,iccad3
NHSCAD34509.png,NHSCAD34509,NHS,3,iccad3
HSCAD326.png,HSCAD326,HS,4,iccad3
NHSCAD34340.png,NHSCAD34340,NHS,4,iccad3
NHSCAD31290.png,NHSCAD31290,NHS,4,iccad3
NHSCAD32479.png,NHSCAD32479,NHS,4,iccad3
NHSCAD34684.png,NHSCAD34684,NHS,2,iccad3
NHSCAD31557.png,NHSCAD31557,NHS,1,iccad3
NHSCAD34355.png,NHSCAD34355,NHS,1,iccad3
NHSCAD32045.png,NHSCAD32045,NHS,3,iccad3
NHSCAD34424.png,NHSCAD34424,NHS,4,iccad3
NHSCAD31196.png,NHSCAD31196,NHS,3,iccad3
NHSCAD33960.png,NHSCAD33960,NHS,4,iccad3
NHSCAD32613.png,NHSCAD32613,NHS,4,iccad3
HSCAD3237.png,HSCAD3237,HS,4,iccad3
NHSCAD34198.png,NHSCAD34198,NHS,3,iccad3
NHSCAD34918.png,NHSCAD34918,NHS,1,iccad3
NHSCAD32893.png,NHSCAD32893,NHS,2,iccad3
NHSCAD34543.png,NHSCAD34543,NHS,0,iccad3
HSCAD3677.png,HSCAD3677,HS,2,iccad3
HSCAD368.png,HSCAD368,HS,3,iccad3
NHSCAD34224.png,NHSCAD34224,NHS,3,iccad3
HSCAD3229.png,HSCAD3229,HS,4,iccad3
NHSCAD34994.png,NHSCAD34994,NHS,3,iccad3
NHSCAD33534.png,NHSCAD33534,NHS,3,iccad3
NHSCAD33382.png,NHSCAD33382,NHS,3,iccad3
NHSCAD3940.png,NHSCAD3940,NHS,0,iccad3
HSCAD3255.png,HSCAD3255,HS,3,iccad3
NHSCAD33185.png,NHSCAD33185,NHS,4,iccad3
NHSCAD34728.png,NHSCAD34728,NHS,1,iccad3
NHSCAD32537.png,NHSCAD32537,NHS,0,iccad3
NHSCAD3911.png,NHSCAD3911,NHS,3,iccad3
NHSCAD33278.png,NHSCAD33278,NHS,2,iccad3
NHSCAD31886.png,NHSCAD31886,NHS,0,iccad3
HSCAD3403.png,HSCAD3403,HS,4,iccad3
NHSCAD33070.png,NHSCAD33070,NHS,2,iccad3
NHSCAD32007.png,NHSCAD32007,NHS,0,iccad3
HSCAD3665.png,HSCAD3665,HS,4,iccad3
NHSCAD32089.png,NHSCAD32089,NHS,1,iccad3
NHSCAD35009.png,NHSCAD35009,NHS,4,iccad3
NHSCAD32720.png,NHSCAD32720,NHS,4,iccad3
NHSCAD35282.png,NHSCAD35282,NHS,1,iccad3
NHSCAD33794.png,NHSCAD33794,NHS,2,iccad3
NHSCAD33811.png,NHSCAD33811,NHS,0,iccad3
NHSCAD33906.png,NHSCAD33906,NHS,0,iccad3
NHSCAD33503.png,NHSCAD33503,NHS,4,iccad3
NHSCAD32231.png,NHSCAD32231,NHS,0,iccad3
NHSCAD31236.png,NHSCAD31236,NHS,2,iccad3
NHSCAD33615.png,NHSCAD33615,NHS,3,iccad3
NHSCAD33482.png,NHSCAD33482,NHS,4,iccad3
NHSCAD31191.png,NHSCAD31191,NHS,3,iccad3
NHSCAD35143.png,NHSCAD35143,NHS,1,iccad3
NHSCAD35220.png,NHSCAD35220,NHS,3,iccad3
NHSCAD34870.png,NHSCAD34870,NHS,4,iccad3
HSCAD3385.png,HSCAD3385,HS,4,iccad3
HSCAD3899.png,HSCAD3899,HS,4,iccad3
NHSCAD31133.png,NHSCAD31133,NHS,1,iccad3
NHSCAD32072.png,NHSCAD32072,NHS,0,iccad3
NHSCAD31347.png,NHSCAD31347,NHS,1,iccad3
NHSCAD34992.png,NHSCAD34992,NHS,0,iccad3
NHSCAD31632.png,NHSCAD31632,NHS,2,iccad3
NHSCAD35511.png,NHSCAD35511,NHS,0,iccad3
NHSCAD31649.png,NHSCAD31649,NHS,4,iccad3
NHSCAD31179.png,NHSCAD31179,NHS,1,iccad3
NHSCAD34516.png,NHSCAD34516,NHS,0,iccad3
HSCAD3796.png,HSCAD3796,HS,2,iccad3
HSCAD3512.png,HSCAD3512,HS,0,iccad3
NHSCAD31113.png,NHSCAD31113,NHS,1,iccad3
NHSCAD35462.png,NHSCAD35462,NHS,3,iccad3
NHSCAD35314.png,NHSCAD35314,NHS,4,iccad3
NHSCAD33620.png,NHSCAD33620,NHS,3,iccad3
NHSCAD35251.png,NHSCAD35251,NHS,0,iccad3
NHSCAD31025.png,NHSCAD31025,NHS,4,iccad3
HSCAD317.png,HSCAD317,HS,4,iccad3
NHSCAD33809.png,NHSCAD33809,NHS,2,iccad3
NHSCAD32883.png,NHSCAD32883,NHS,4,iccad3
NHSCAD33516.png,NHSCAD33516,NHS,0,iccad3
NHSCAD34738.png,NHSCAD34738,NHS,1,iccad3
NHSCAD34809.png,NHSCAD34809,NHS,3,iccad3
NHSCAD33511.png,NHSCAD33511,NHS,0,iccad3
HSCAD3284.png,HSCAD3284,HS,0,iccad3
NHSCAD32077.png,NHSCAD32077,NHS,0,iccad3
NHSCAD32266.png,NHSCAD32266,NHS,0,iccad3
NHSCAD31061.png,NHSCAD31061,NHS,2,iccad3
NHSCAD34493.png,NHSCAD34493,NHS,1,iccad3
NHSCAD34891.png,NHSCAD34891,NHS,4,iccad3
NHSCAD35023.png,NHSCAD35023,NHS,0,iccad3
HSCAD3822.png,HSCAD3822,HS,3,iccad3
NHSCAD34484.png,NHSCAD34484,NHS,3,iccad3
NHSCAD32445.png,NHSCAD32445,NHS,4,iccad3
NHSCAD32713.png,NHSCAD32713,NHS,2,iccad3
NHSCAD31655.png,NHSCAD31655,NHS,4,iccad3
NHSCAD33810.png,NHSCAD33810,NHS,3,iccad3
NHSCAD32282.png,NHSCAD32282,NHS,1,iccad3
NHSCAD35285.png,NHSCAD35285,NHS,3,iccad3
NHSCAD32114.png,NHSCAD32114,NHS,1,iccad3
NHSCAD33176.png,NHSCAD33176,NHS,0,iccad3
NHSCAD35494.png,NHSCAD35494,NHS,4,iccad3
NHSCAD31850.png,NHSCAD31850,NHS,4,iccad3
NHSCAD34200.png,NHSCAD34200,NHS,1,iccad3
NHSCAD33474.png,NHSCAD33474,NHS,3,iccad3
HSCAD3247.png,HSCAD3247,HS,0,iccad3
NHSCAD35306.png,NHSCAD35306,NHS,0,iccad3
HSCAD3116.png,HSCAD3116,HS,2,iccad3
NHSCAD32697.png,NHSCAD32697,NHS,1,iccad3
NHSCAD33633.png,NHSCAD33633,NHS,0,iccad3
NHSCAD35170.png,NHSCAD35170,NHS,1,iccad3
NHSCAD33714.png,NHSCAD33714,NHS,1,iccad3
NHSCAD34446.png,NHSCAD34446,NHS,1,iccad3
NHSCAD33586.png,NHSCAD33586,NHS,0,iccad3
NHSCAD32383.png,NHSCAD32383,NHS,3,iccad3
NHSCAD33108.png,NHSCAD33108,NHS,1,iccad3
NHSCAD33693.png,NHSCAD33693,NHS,2,iccad3
NHSCAD32260.png,NHSCAD32260,NHS,4,iccad3
HSCAD3535.png,HSCAD3535,HS,0,iccad3
NHSCAD33207.png,NHSCAD33207,NHS,4,iccad3
NHSCAD31514.png,NHSCAD31514,NHS,1,iccad3
NHSCAD31080.png,NHSCAD31080,NHS,3,iccad3
NHSCAD32219.png,NHSCAD32219,NHS,2,iccad3
HSCAD3597.png,HSCAD3597,HS,4,iccad3
NHSCAD35245.png,NHSCAD35245,NHS,4,iccad3
NHSCAD32527.png,NHSCAD32527,NHS,1,iccad3
HSCAD3637.png,HSCAD3637,HS,2,iccad3
NHSCAD34322.png,NHSCAD34322,NHS,0,iccad3
NHSCAD35228.png,NHSCAD35228,NHS,4,iccad3
HSCAD3487.png,HSCAD3487,HS,3,iccad3
NHSCAD31848.png,NHSCAD31848,NHS,3,iccad3
NHSCAD31613.png,NHSCAD31613,NHS,2,iccad3
NHSCAD31942.png,NHSCAD31942,NHS,0,iccad3
NHSCAD33020.png,NHSCAD33020,NHS,2,iccad3
NHSCAD32473.png,NHSCAD32473,NHS,2,iccad3
NHSCAD31983.png,NHSCAD31983,NHS,4,iccad3
NHSCAD31975.png,NHSCAD31975,NHS,3,iccad3
HSCAD3585.png,HSCAD3585,HS,0,iccad3
NHSCAD35379.png,NHSCAD35379,NHS,4,iccad3
NHSCAD31584.png,NHSCAD31584,NHS,2,iccad3
NHSCAD33026.png,NHSCAD33026,NHS,0,iccad3
NHSCAD35232.png,NHSCAD35232,NHS,2,iccad3
HSCAD3691.png,HSCAD3691,HS,3,iccad3
NHSCAD33480.png,NHSCAD33480,NHS,3,iccad3
NHSCAD32224.png,NHSCAD32224,NHS,2,iccad3
NHSCAD32116.png,NHSCAD32116,NHS,0,iccad3
NHSCAD32899.png,NHSCAD32899,NHS,1,iccad3
NHSCAD33767.png,NHSCAD33767,NHS,1,iccad3
NHSCAD32312.png,NHSCAD32312,NHS,1,iccad3
NHSCAD32245.png,NHSCAD32245,NHS,4,iccad3
NHSCAD31874.png,NHSCAD31874,NHS,1,iccad3
HSCAD3224.png,HSCAD3224,HS,4,iccad3
NHSCAD34974.png,NHSCAD34974,NHS,0,iccad3
HSCAD378.png,HSCAD378,HS,1,iccad3
NHSCAD34995.png,NHSCAD34995,NHS,4,iccad3
NHSCAD34458.png,NHSCAD34458,NHS,2,iccad3
NHSCAD33536.png,NHSCAD33536,NHS,0,iccad3
NHSCAD31171.png,NHSCAD31171,NHS,0,iccad3
NHSCAD31526.png,NHSCAD31526,NHS,0,iccad3
NHSCAD34089.png,NHSCAD34089,NHS,3,iccad3
NHSCAD31802.png,NHSCAD31802,NHS,0,iccad3
NHSCAD32033.png,NHSCAD32033,NHS,4,iccad3
NHSCAD31200.png,NHSCAD31200,NHS,2,iccad3
HSCAD3764.png,HSCAD3764,HS,4,iccad3
NHSCAD32427.png,NHSCAD32427,NHS,2,iccad3
NHSCAD35331.png,NHSCAD35331,NHS,0,iccad3
HSCAD3480.png,HSCAD3480,HS,3,iccad3
NHSCAD33975.png,NHSCAD33975,NHS,4,iccad3
HSCAD3117.png,HSCAD3117,HS,0,iccad3
NHSCAD34561.png,NHSCAD34561,NHS,2,iccad3
NHSCAD33695.png,NHSCAD33695,NHS,4,iccad3
NHSCAD32645.png,NHSCAD32645,NHS,3,iccad3
HSCAD365.png,HSCAD365,HS,2,iccad3
NHSCAD31021.png,NHSCAD31021,NHS,0,iccad3
HSCAD3154.png,HSCAD3154,HS,1,iccad3
NHSCAD35293.png,NHSCAD35293,NHS,2,iccad3
NHSCAD33878.png,NHSCAD33878,NHS,1,iccad3
NHSCAD35446.png,NHSCAD35446,NHS,0,iccad3
NHSCAD31860.png,NHSCAD31860,NHS,4,iccad3
NHSCAD3954.png,NHSCAD3954,NHS,2,iccad3
NHSCAD33099.png,NHSCAD33099,NHS,3,iccad3
NHSCAD34350.png,NHSCAD34350,NHS,4,iccad3
NHSCAD33119.png,NHSCAD33119,NHS,3,iccad3
NHSCAD32408.png,NHSCAD32408,NHS,2,iccad3
NHSCAD35205.png,NHSCAD35205,NHS,3,iccad3
NHSCAD31550.png,NHSCAD31550,NHS,3,iccad3
NHSCAD35256.png,NHSCAD35256,NHS,0,iccad3
NHSCAD34895.png,NHSCAD34895,NHS,3,iccad3
HSCAD3771.png,HSCAD3771,HS,4,iccad3
NHSCAD33043.png,NHSCAD33043,NHS,1,iccad3
NHSCAD35128.png,NHSCAD35128,NHS,2,iccad3
HSCAD3156.png,HSCAD3156,HS,3,iccad3
NHSCAD31560.png,NHSCAD31560,NHS,3,iccad3
NHSCAD34395.png,NHSCAD34395,NHS,4,iccad3
NHSCAD33779.png,NHSCAD33779,NHS,2,iccad3
NHSCAD33062.png,NHSCAD33062,NHS,4,iccad3
NHSCAD32816.png,NHSCAD32816,NHS,4,iccad3
NHSCAD31734.png,NHSCAD31734,NHS,1,iccad3
NHSCAD32644.png,NHSCAD32644,NHS,2,iccad3
HSCAD3172.png,HSCAD3172,HS,1,iccad3
HSCAD3428.png,HSCAD3428,HS,2,iccad3
NHSCAD3912.png,NHSCAD3912,NHS,4,iccad3
NHSCAD32080.png,NHSCAD32080,NHS,4,iccad3
NHSCAD34851.png,NHSCAD34851,NHS,0,iccad3
NHSCAD33255.png,NHSCAD33255,NHS,4,iccad3
NHSCAD34378.png,NHSCAD34378,NHS,4,iccad3
HSCAD3667.png,HSCAD3667,HS,1,iccad3
NHSCAD33398.png,NHSCAD33398,NHS,0,iccad3
NHSCAD34857.png,NHSCAD34857,NHS,1,iccad3
NHSCAD31088.png,NHSCAD31088,NHS,2,iccad3
NHSCAD31577.png,NHSCAD31577,NHS,1,iccad3
NHSCAD32564.png,NHSCAD32564,NHS,2,iccad3
NHSCAD31189.png,NHSCAD31189,NHS,1,iccad3
NHSCAD33553.png,NHSCAD33553,NHS,2,iccad3
NHSCAD32138.png,NHSCAD32138,NHS,3,iccad3
NHSCAD32872.png,NHSCAD32872,NHS,2,iccad3
NHSCAD33786.png,NHSCAD33786,NHS,0,iccad3
NHSCAD32805.png,NHSCAD32805,NHS,4,iccad3
NHSCAD34920.png,NHSCAD34920,NHS,4,iccad3
NHSCAD33157.png,NHSCAD33157,NHS,0,iccad3
NHSCAD35360.png,NHSCAD35360,NHS,3,iccad3
NHSCAD33385.png,NHSCAD33385,NHS,4,iccad3
NHSCAD33225.png,NHSCAD33225,NHS,4,iccad3
NHSCAD34213.png,NHSCAD34213,NHS,3,iccad3
NHSCAD33544.png,NHSCAD33544,NHS,3,iccad3
NHSCAD31820.png,NHSCAD31820,NHS,4,iccad3
NHSCAD34181.png,NHSCAD34181,NHS,0,iccad3
NHSCAD34873.png,NHSCAD34873,NHS,2,iccad3
NHSCAD34101.png,NHSCAD34101,NHS,3,iccad3
NHSCAD32852.png,NHSCAD32852,NHS,1,iccad3
NHSCAD33763.png,NHSCAD33763,NHS,2,iccad3
NHSCAD33227.png,NHSCAD33227,NHS,1,iccad3
NHSCAD31125.png,NHSCAD31125,NHS,4,iccad3
NHSCAD33160.png,NHSCAD33160,NHS,4,iccad3
NHSCAD34845.png,NHSCAD34845,NHS,3,iccad3
NHSCAD31118.png,NHSCAD31118,NHS,1,iccad3
NHSCAD33876.png,NHSCAD33876,NHS,4,iccad3
NHSCAD31789.png,NHSCAD31789,NHS,4,iccad3
NHSCAD31414.png,NHSCAD31414,NHS,3,iccad3
NHSCAD34670.png,NHSCAD34670,NHS,4,iccad3
NHSCAD32677.png,NHSCAD32677,NHS,2,iccad3
NHSCAD33235.png,NHSCAD33235,NHS,4,iccad3
NHSCAD32412.png,NHSCAD32412,NHS,1,iccad3
NHSCAD31683.png,NHSCAD31683,NHS,3,iccad3
NHSCAD33753.png,NHSCAD33753,NHS,2,iccad3
NHSCAD31586.png,NHSCAD31586,NHS,0,iccad3
NHSCAD33765.png,NHSCAD33765,NHS,4,iccad3
NHSCAD33532.png,NHSCAD33532,NHS,1,iccad3
NHSCAD34736.png,NHSCAD34736,NHS,0,iccad3
NHSCAD31379.png,NHSCAD31379,NHS,0,iccad3
HSCAD3716.png,HSCAD3716,HS,1,iccad3
NHSCAD32212.png,NHSCAD32212,NHS,4,iccad3
NHSCAD32773.png,NHSCAD32773,NHS,2,iccad3
NHSCAD33866.png,NHSCAD33866,NHS,0,iccad3
NHSCAD33251.png,NHSCAD33251,NHS,1,iccad3
NHSCAD31912.png,NHSCAD31912,NHS,0,iccad3
NHSCAD31147.png,NHSCAD31147,NHS,0,iccad3
HSCAD3346.png,HSCAD3346,HS,1,iccad3
NHSCAD33598.png,NHSCAD33598,NHS,1,iccad3
NHSCAD34391.png,NHSCAD34391,NHS,0,iccad3
HSCAD3577.png,HSCAD3577,HS,1,iccad3
NHSCAD34162.png,NHSCAD34162,NHS,0,iccad3
NHSCAD32761.png,NHSCAD32761,NHS,1,iccad3
NHSCAD33349.png,NHSCAD33349,NHS,3,iccad3
NHSCAD34192.png,NHSCAD34192,NHS,4,iccad3
NHSCAD32026.png,NHSCAD32026,NHS,4,iccad3
NHSCAD34463.png,NHSCAD34463,NHS,2,iccad3
NHSCAD31604.png,NHSCAD31604,NHS,3,iccad3
NHSCAD35212.png,NHSCAD35212,NHS,4,iccad3
NHSCAD31269.png,NHSCAD31269,NHS,3,iccad3
NHSCAD34960.png,NHSCAD34960,NHS,4,iccad3
NHSCAD33328.png,NHSCAD33328,NHS,3,iccad3
NHSCAD34956.png,NHSCAD34956,NHS,0,iccad3
NHSCAD31622.png,NHSCAD31622,NHS,3,iccad3
NHSCAD31145.png,NHSCAD31145,NHS,4,iccad3
NHSCAD33153.png,NHSCAD33153,NHS,1,iccad3
NHSCAD33629.png,NHSCAD33629,NHS,1,iccad3
NHSCAD32990.png,NHSCAD32990,NHS,4,iccad3
NHSCAD33483.png,NHSCAD33483,NHS,0,iccad3
HSCAD3351.png,HSCAD3351,HS,3,iccad3
NHSCAD34844.png,NHSCAD34844,NHS,2,iccad3
NHSCAD31448.png,NHSCAD31448,NHS,1,iccad3
NHSCAD33361.png,NHSCAD33361,NHS,0,iccad3
HSCAD3791.png,HSCAD3791,HS,4,iccad3
NHSCAD34387.png,NHSCAD34387,NHS,0,iccad3
NHSCAD31575.png,NHSCAD31575,NHS,4,iccad3
NHSCAD33844.png,NHSCAD33844,NHS,3,iccad3
HSCAD3834.png,HSCAD3834,HS,2,iccad3
NHSCAD34637.png,NHSCAD34637,NHS,1,iccad3
NHSCAD32271.png,NHSCAD32271,NHS,0,iccad3
NHSCAD31380.png,NHSCAD31380,NHS,1,iccad3
NHSCAD32553.png,NHSCAD32553,NHS,2,iccad3
HSCAD3572.png,HSCAD3572,HS,1,iccad3
HSCAD3337.png,HSCAD3337,HS,3,iccad3
HSCAD3733.png,HSCAD3733,HS,0,iccad3
NHSCAD31825.png,NHSCAD31825,NHS,4,iccad3
NHSCAD35038.png,NHSCAD35038,NHS,4,iccad3
NHSCAD31620.png,NHSCAD31620,NHS,4,iccad3
NHSCAD32398.png,NHSCAD32398,NHS,1,iccad3
HSCAD3571.png,HSCAD3571,HS,0,iccad3
NHSCAD33053.png,NHSCAD33053,NHS,3,iccad3
NHSCAD33991.png,NHSCAD33991,NHS,2,iccad3
NHSCAD33196.png,NHSCAD33196,NHS,3,iccad3
NHSCAD33010.png,NHSCAD33010,NHS,2,iccad3
HSCAD3267.png,HSCAD3267,HS,3,iccad3
NHSCAD34080.png,NHSCAD34080,NHS,4,iccad3
NHSCAD33540.png,NHSCAD33540,NHS,4,iccad3
NHSCAD33772.png,NHSCAD33772,NHS,1,iccad3
HSCAD3405.png,HSCAD3405,HS,3,iccad3
NHSCAD31470.png,NHSCAD31470,NHS,4,iccad3
NHSCAD34908.png,NHSCAD34908,NHS,1,iccad3
NHSCAD35098.png,NHSCAD35098,NHS,2,iccad3
NHSCAD31595.png,NHSCAD31595,NHS,4,iccad3
NHSCAD31542.png,NHSCAD31542,NHS,2,iccad3
NHSCAD32936.png,NHSCAD32936,NHS,3,iccad3
HSCAD3307.png,HSCAD3307,HS,2,iccad3
NHSCAD33000.png,NHSCAD33000,NHS,4,iccad3
NHSCAD31226.png,NHSCAD31226,NHS,0,iccad3
NHSCAD34708.png,NHSCAD34708,NHS,2,iccad3
NHSCAD33146.png,NHSCAD33146,NHS,0,iccad3
NHSCAD31680.png,NHSCAD31680,NHS,4,iccad3
NHSCAD34906.png,NHSCAD34906,NHS,0,iccad3
HSCAD313.png,HSCAD313,HS,0,iccad3
NHSCAD31114.png,NHSCAD31114,NHS,2,iccad3
NHSCAD35010.png,NHSCAD35010,NHS,1,iccad3
HSCAD3709.png,HSCAD3709,HS,2,iccad3
NHSCAD31531.png,NHSCAD31531,NHS,2,iccad3
NHSCAD32088.png,NHSCAD32088,NHS,3,iccad3
HSCAD3324.png,HSCAD3324,HS,0,iccad3
NHSCAD32358.png,NHSCAD32358,NHS,4,iccad3
NHSCAD34620.png,NHSCAD34620,NHS,4,iccad3
HSCAD3661.png,HSCAD3661,HS,0,iccad3
NHSCAD33912.png,NHSCAD33912,NHS,0,iccad3
NHSCAD31150.png,NHSCAD31150,NHS,3,iccad3
NHSCAD35301.png,NHSCAD35301,NHS,2,iccad3
NHSCAD33521.png,NHSCAD33521,NHS,0,iccad3
HSCAD3620.png,HSCAD3620,HS,0,iccad3
NHSCAD33115.png,NHSCAD33115,NHS,4,iccad3
NHSCAD33172.png,NHSCAD33172,NHS,2,iccad3
NHSCAD35238.png,NHSCAD35238,NHS,1,iccad3
HSCAD3417.png,HSCAD3417,HS,4,iccad3
NHSCAD32087.png,NHSCAD32087,NHS,0,iccad3
NHSCAD34689.png,NHSCAD34689,NHS,3,iccad3
NHSCAD31417.png,NHSCAD31417,NHS,0,iccad3
HSCAD394.png,HSCAD394,HS,2,iccad3
NHSCAD35102.png,NHSCAD35102,NHS,1,iccad3
NHSCAD31505.png,NHSCAD31505,NHS,4,iccad3
NHSCAD31603.png,NHSCAD31603,NHS,2,iccad3
NHSCAD34369.png,NHSCAD34369,NHS,1,iccad3
NHSCAD34007.png,NHSCAD34007,NHS,2,iccad3
HSCAD3580.png,HSCAD3580,HS,3,iccad3
NHSCAD31688.png,NHSCAD31688,NHS,0,iccad3
NHSCAD34439.png,NHSCAD34439,NHS,3,iccad3
NHSCAD32194.png,NHSCAD32194,NHS,3,iccad3
NHSCAD32663.png,NHSCAD32663,NHS,2,iccad3
NHSCAD34705.png,NHSCAD34705,NHS,4,iccad3
NHSCAD35099.png,NHSCAD35099,NHS,3,iccad3
NHSCAD34668.png,NHSCAD34668,NHS,1,iccad3
NHSCAD32804.png,NHSCAD32804,NHS,3,iccad3
NHSCAD32897.png,NHSCAD32897,NHS,4,iccad3
NHSCAD32198.png,NHSCAD32198,NHS,2,iccad3
NHSCAD32346.png,NHSCAD32346,NHS,0,iccad3
NHSCAD31536.png,NHSCAD31536,NHS,2,iccad3
NHSCAD33238.png,NHSCAD33238,NHS,2,iccad3
NHSCAD33622.png,NHSCAD33622,NHS,0,iccad3
NHSCAD35438.png,NHSCAD35438,NHS,3,iccad3
NHSCAD31863.png,NHSCAD31863,NHS,1,iccad3
NHSCAD32506.png,NHSCAD32506,NHS,0,iccad3
NHSCAD33644.png,NHSCAD33644,NHS,1,iccad3
HSCAD3790.png,HSCAD3790,HS,2,iccad3
NHSCAD31570.png,NHSCAD31570,NHS,3,iccad3
NHSCAD31596.png,NHSCAD31596,NHS,0,iccad3
NHSCAD35077.png,NHSCAD35077,NHS,1,iccad3
NHSCAD31201.png,NHSCAD31201,NHS,2,iccad3
HSCAD3391.png,HSCAD3391,HS,3,iccad3
NHSCAD34194.png,NHSCAD34194,NHS,2,iccad3
NHSCAD33136.png,NHSCAD33136,NHS,4,iccad3
HSCAD3441.png,HSCAD3441,HS,0,iccad3
HSCAD3399.png,HSCAD3399,HS,4,iccad3
NHSCAD33144.png,NHSCAD33144,NHS,4,iccad3
NHSCAD34316.png,NHSCAD34316,NHS,3,iccad3
HSCAD3759.png,HSCAD3759,HS,4,iccad3
NHSCAD33241.png,NHSCAD33241,NHS,1,iccad3
HSCAD3525.png,HSCAD3525,HS,4,iccad3
HSCAD39.png,HSCAD39,HS,3,iccad3
NHSCAD34232.png,NHSCAD34232,NHS,0,iccad3
NHSCAD32017.png,NHSCAD32017,NHS,2,iccad3
NHSCAD33721.png,NHSCAD33721,NHS,0,iccad3
HSCAD3498.png,HSCAD3498,HS,2,iccad3
NHSCAD33243.png,NHSCAD33243,NHS,3,iccad3
NHSCAD33204.png,NHSCAD33204,NHS,3,iccad3
NHSCAD33496.png,NHSCAD33496,NHS,0,iccad3
NHSCAD33915.png,NHSCAD33915,NHS,3,iccad3
NHSCAD33652.png,NHSCAD33652,NHS,2,iccad3
NHSCAD34323.png,NHSCAD34323,NHS,1,iccad3
NHSCAD33941.png,NHSCAD33941,NHS,0,iccad3
NHSCAD31139.png,NHSCAD31139,NHS,3,iccad3
HSCAD3873.png,HSCAD3873,HS,0,iccad3
NHSCAD32846.png,NHSCAD32846,NHS,4,iccad3
NHSCAD31487.png,NHSCAD31487,NHS,3,iccad3
NHSCAD31064.png,NHSCAD31064,NHS,3,iccad3
HSCAD3696.png,HSCAD3696,HS,3,iccad3
NHSCAD35195.png,NHSCAD35195,NHS,3,iccad3
NHSCAD35391.png,NHSCAD35391,NHS,2,iccad3
HSCAD380.png,HSCAD380,HS,4,iccad3
NHSCAD35445.png,NHSCAD35445,NHS,4,iccad3
NHSCAD35449.png,NHSCAD35449,NHS,3,iccad3
HSCAD3211.png,HSCAD3211,HS,0,iccad3
NHSCAD33250.png,NHSCAD33250,NHS,4,iccad3
NHSCAD31109.png,NHSCAD31109,NHS,3,iccad3
HSCAD3754.png,HSCAD3754,HS,3,iccad3
HSCAD36.png,HSCAD36,HS,1,iccad3
NHSCAD34751.png,NHSCAD34751,NHS,0,iccad3
NHSCAD31804.png,NHSCAD31804,NHS,2,iccad3
HSCAD3607.png,HSCAD3607,HS,0,iccad3
HSCAD3777.png,HSCAD3777,HS,4,iccad3
HSCAD3298.png,HSCAD3298,HS,3,iccad3
NHSCAD33783.png,NHSCAD33783,NHS,2,iccad3
NHSCAD34766.png,NHSCAD34766,NHS,0,iccad3
NHSCAD35265.png,NHSCAD35265,NHS,3,iccad3
NHSCAD32353.png,NHSCAD32353,NHS,1,iccad3
NHSCAD34955.png,NHSCAD34955,NHS,3,iccad3
NHSCAD35111.png,NHSCAD35111,NHS,0,iccad3
NHSCAD33697.png,NHSCAD33697,NHS,2,iccad3
NHSCAD35453.png,NHSCAD35453,NHS,2,iccad3
NHSCAD33552.png,NHSCAD33552,NHS,1,iccad3
HSCAD3436.png,HSCAD3436,HS,4,iccad3
NHSCAD33547.png,NHSCAD33547,NHS,1,iccad3
HSCAD3852.png,HSCAD3852,HS,4,iccad3
HSCAD3327.png,HSCAD3327,HS,3,iccad3
NHSCAD32679.png,NHSCAD32679,NHS,3,iccad3
NHSCAD34334.png,NHSCAD34334,NHS,4,iccad3
NHSCAD33223.png,NHSCAD33223,NHS,2,iccad3
NHSCAD32349.png,NHSCAD32349,NHS,4,iccad3
NHSCAD33562.png,NHSCAD33562,NHS,4,iccad3
NHSCAD33916.png,NHSCAD33916,NHS,0,iccad3
NHSCAD33073.png,NHSCAD33073,NHS,3,iccad3
HSCAD3230.png,HSCAD3230,HS,1,iccad3
NHSCAD32591.png,NHSCAD32591,NHS,0,iccad3
NHSCAD3972.png,NHSCAD3972,NHS,0,iccad3
NHSCAD32247.png,NHSCAD32247,NHS,3,iccad3
NHSCAD32743.png,NHSCAD32743,NHS,2,iccad3
HSCAD3225.png,HSCAD3225,HS,0,iccad3
NHSCAD32988.png,NHSCAD32988,NHS,1,iccad3
NHSCAD33444.png,NHSCAD33444,NHS,3,iccad3
NHSCAD31017.png,NHSCAD31017,NHS,1,iccad3
NHSCAD35377.png,NHSCAD35377,NHS,1,iccad3
NHSCAD31644.png,NHSCAD31644,NHS,3,iccad3
NHSCAD32461.png,NHSCAD32461,NHS,0,iccad3
NHSCAD32147.png,NHSCAD32147,NHS,1,iccad3
NHSCAD35448.png,NHSCAD35448,NHS,2,iccad3
NHSCAD31693.png,NHSCAD31693,NHS,1,iccad3
NHSCAD31638.png,NHSCAD31638,NHS,1,iccad3
HSCAD3326.png,HSCAD3326,HS,2,iccad3
NHSCAD35368.png,NHSCAD35368,NHS,1,iccad3
NHSCAD32306.png,NHSCAD32306,NHS,0,iccad3
NHSCAD32612.png,NHSCAD32612,NHS,2,iccad3
NHSCAD33974.png,NHSCAD33974,NHS,3,iccad3
NHSCAD33713.png,NHSCAD33713,NHS,4,iccad3
NHSCAD32207.png,NHSCAD32207,NHS,4,iccad3
NHSCAD33462.png,NHSCAD33462,NHS,1,iccad3
NHSCAD34048.png,NHSCAD34048,NHS,2,iccad3
NHSCAD32363.png,NHSCAD32363,NHS,4,iccad3
NHSCAD34753.png,NHSCAD34753,NHS,2,iccad3
NHSCAD34167.png,NHSCAD34167,NHS,0,iccad3
NHSCAD31432.png,NHSCAD31432,NHS,2,iccad3
NHSCAD33990.png,NHSCAD33990,NHS,4,iccad3
NHSCAD31558.png,NHSCAD31558,NHS,2,iccad3
NHSCAD32480.png,NHSCAD32480,NHS,3,iccad3
NHSCAD31263.png,NHSCAD31263,NHS,2,iccad3
NHSCAD33063.png,NHSCAD33063,NHS,1,iccad3
HSCAD3257.png,HSCAD3257,HS,0,iccad3
HSCAD353.png,HSCAD353,HS,4,iccad3
NHSCAD33348.png,NHSCAD33348,NHS,1,iccad3
NHSCAD33018.png,NHSCAD33018,NHS,3,iccad3
NHSCAD31930.png,NHSCAD31930,NHS,2,iccad3
NHSCAD31752.png,NHSCAD31752,NHS,1,iccad3
NHSCAD32052.png,NHSCAD32052,NHS,1,iccad3
NHSCAD31933.png,NHSCAD31933,NHS,2,iccad3
NHSCAD35133.png,NHSCAD35133,NHS,1,iccad3
NHSCAD31105.png,NHSCAD31105,NHS,4,iccad3
NHSCAD35264.png,NHSCAD35264,NHS,1,iccad3
NHSCAD33648.png,NHSCAD33648,NHS,4,iccad3
NHSCAD33970.png,NHSCAD33970,NHS,4,iccad3
HSCAD391.png,HSCAD391,HS,3,iccad3
HSCAD3544.png,HSCAD3544,HS,1,iccad3
NHSCAD34868.png,NHSCAD34868,NHS,1,iccad3
NHSCAD32062.png,NHSCAD32062,NHS,1,iccad3
NHSCAD33524.png,NHSCAD33524,NHS,3,iccad3
NHSCAD31830.png,NHSCAD31830,NHS,2,iccad3
NHSCAD35089.png,NHSCAD35089,NHS,3,iccad3
NHSCAD31778.png,NHSCAD31778,NHS,2,iccad3
NHSCAD34683.png,NHSCAD34683,NHS,3,iccad3
NHSCAD34261.png,NHSCAD34261,NHS,0,iccad3
NHSCAD35539.png,NHSCAD35539,NHS,3,iccad3
NHSCAD34806.png,NHSCAD34806,NHS,0,iccad3
NHSCAD34139.png,NHSCAD34139,NHS,3,iccad3
NHSCAD32261.png,NHSCAD32261,NHS,0,iccad3
NHSCAD35131.png,NHSCAD35131,NHS,4,iccad3
NHSCAD34228.png,NHSCAD34228,NHS,2,iccad3
HSCAD3712.png,HSCAD3712,HS,2,iccad3
NHSCAD34318.png,NHSCAD34318,NHS,1,iccad3
NHSCAD32926.png,NHSCAD32926,NHS,3,iccad3
NHSCAD35230.png,NHSCAD35230,NHS,3,iccad3
NHSCAD34701.png,NHSCAD34701,NHS,0,iccad3
NHSCAD34800.png,NHSCAD34800,NHS,4,iccad3
HSCAD3724.png,HSCAD3724,HS,0,iccad3
HSCAD34.png,HSCAD34,HS,3,iccad3
NHSCAD3926.png,NHSCAD3926,NHS,1,iccad3
HSCAD3132.png,HSCAD3132,HS,1,iccad3
NHSCAD33375.png,NHSCAD33375,NHS,1,iccad3
NHSCAD31117.png,NHSCAD31117,NHS,2,iccad3
NHSCAD34607.png,NHSCAD34607,NHS,3,iccad3
HSCAD3638.png,HSCAD3638,HS,4,iccad3
NHSCAD34962.png,NHSCAD34962,NHS,2,iccad3
HSCAD3103.png,HSCAD3103,HS,0,iccad3
NHSCAD32798.png,NHSCAD32798,NHS,2,iccad3
NHSCAD31562.png,NHSCAD31562,NHS,1,iccad3
NHSCAD34051.png,NHSCAD34051,NHS,0,iccad3
HSCAD3804.png,HSCAD3804,HS,3,iccad3
NHSCAD34197.png,NHSCAD34197,NHS,2,iccad3
NHSCAD33228.png,NHSCAD33228,NHS,2,iccad3
NHSCAD34566.png,NHSCAD34566,NHS,2,iccad3
NHSCAD31009.png,NHSCAD31009,NHS,3,iccad3
NHSCAD31545.png,NHSCAD31545,NHS,3,iccad3
NHSCAD34821.png,NHSCAD34821,NHS,0,iccad3
NHSCAD35186.png,NHSCAD35186,NHS,1,iccad3
NHSCAD33162.png,NHSCAD33162,NHS,2,iccad3
NHSCAD31351.png,NHSCAD31351,NHS,0,iccad3
NHSCAD35325.png,NHSCAD35325,NHS,4,iccad3
HSCAD375.png,HSCAD375,HS,4,iccad3
HSCAD3784.png,HSCAD3784,HS,2,iccad3
NHSCAD32347.png,NHSCAD32347,NHS,1,iccad3
HSCAD3627.png,HSCAD3627,HS,2,iccad3
HSCAD3394.png,HSCAD3394,HS,2,iccad3
NHSCAD33114.png,NHSCAD33114,NHS,1,iccad3
HSCAD3303.png,HSCAD3303,HS,4,iccad3
HSCAD3454.png,HSCAD3454,HS,0,iccad3
NHSCAD31405.png,NHSCAD31405,NHS,4,iccad3
NHSCAD35199.png,NHSCAD35199,NHS,1,iccad3
NHSCAD33171.png,NHSCAD33171,NHS,0,iccad3
NHSCAD33746.png,NHSCAD33746,NHS,4,iccad3
NHSCAD35407.png,NHSCAD35407,NHS,0,iccad3
NHSCAD35463.png,NHSCAD35463,NHS,0,iccad3
NHSCAD33236.png,NHSCAD33236,NHS,1,iccad3
NHSCAD32862.png,NHSCAD32862,NHS,2,iccad3
HSCAD3373.png,HSCAD3373,HS,4,iccad3
NHSCAD31360.png,NHSCAD31360,NHS,4,iccad3
NHSCAD34151.png,NHSCAD34151,NHS,0,iccad3
NHSCAD35371.png,NHSCAD35371,NHS,0,iccad3
NHSCAD33609.png,NHSCAD33609,NHS,2,iccad3
NHSCAD31429.png,NHSCAD31429,NHS,3,iccad3
NHSCAD31051.png,NHSCAD31051,NHS,0,iccad3
NHSCAD31701.png,NHSCAD31701,NHS,2,iccad3
NHSCAD32000.png,NHSCAD32000,NHS,4,iccad3
NHSCAD34131.png,NHSCAD34131,NHS,0,iccad3
NHSCAD31571.png,NHSCAD31571,NHS,0,iccad3
HSCAD3878.png,HSCAD3878,HS,0,iccad3
NHSCAD31773.png,NHSCAD31773,NHS,1,iccad3
NHSCAD34064.png,NHSCAD34064,NHS,1,iccad3
NHSCAD34385.png,NHSCAD34385,NHS,4,iccad3
NHSCAD33428.png,NHSCAD33428,NHS,2,iccad3
NHSCAD34913.png,NHSCAD34913,NHS,1,iccad3
NHSCAD34777.png,NHSCAD34777,NHS,1,iccad3
NHSCAD33202.png,NHSCAD33202,NHS,1,iccad3
NHSCAD32139.png,NHSCAD32139,NHS,4,iccad3
NHSCAD31193.png,NHSCAD31193,NHS,0,iccad3
NHSCAD33116.png,NHSCAD33116,NHS,0,iccad3
HSCAD3192.png,HSCAD3192,HS,3,iccad3
HSCAD3555.png,HSCAD3555,HS,4,iccad3
NHSCAD32489.png,NHSCAD32489,NHS,2,iccad3
NHSCAD32722.png,NHSCAD32722,NHS,1,iccad3
NHSCAD31851.png,NHSCAD31851,NHS,0,iccad3
NHSCAD32853.png,NHSCAD32853,NHS,2,iccad3
NHSCAD32243.png,NHSCAD32243,NHS,0,iccad3
NHSCAD32209.png,NHSCAD32209,NHS,2,iccad3
NHSCAD35095.png,NHSCAD35095,NHS,4,iccad3
NHSCAD33579.png,NHSCAD33579,NHS,1,iccad3
NHSCAD34110.png,NHSCAD34110,NHS,4,iccad3
NHSCAD33071.png,NHSCAD33071,NHS,0,iccad3
NHSCAD34116.png,NHSCAD34116,NHS,2,iccad3
NHSCAD35485.png,NHSCAD35485,NHS,1,iccad3
NHSCAD31485.png,NHSCAD31485,NHS,2,iccad3
NHSCAD34015.png,NHSCAD34015,NHS,3,iccad3
NHSCAD33301.png,NHSCAD33301,NHS,0,iccad3
NHSCAD32150.png,NHSCAD32150,NHS,4,iccad3
NHSCAD32529.png,NHSCAD32529,NHS,3,iccad3
NHSCAD32562.png,NHSCAD32562,NHS,4,iccad3
NHSCAD35166.png,NHSCAD35166,NHS,2,iccad3
NHSCAD34863.png,NHSCAD34863,NHS,2,iccad3
NHSCAD35078.png,NHSCAD35078,NHS,2,iccad3
NHSCAD33344.png,NHSCAD33344,NHS,3,iccad3
NHSCAD33591.png,NHSCAD33591,NHS,0,iccad3
NHSCAD34260.png,NHSCAD34260,NHS,4,iccad3
NHSCAD34816.png,NHSCAD34816,NHS,0,iccad3
NHSCAD34109.png,NHSCAD34109,NHS,2,iccad3
NHSCAD33698.png,NHSCAD33698,NHS,4,iccad3
NHSCAD34842.png,NHSCAD34842,NHS,1,iccad3
NHSCAD32049.png,NHSCAD32049,NHS,2,iccad3
NHSCAD31177.png,NHSCAD31177,NHS,4,iccad3
HSCAD3310.png,HSCAD3310,HS,0,iccad3
NHSCAD33951.png,NHSCAD33951,NHS,0,iccad3
NHSCAD31488.png,NHSCAD31488,NHS,4,iccad3
HSCAD3800.png,HSCAD3800,HS,1,iccad3
NHSCAD31287.png,NHSCAD31287,NHS,1,iccad3
NHSCAD31642.png,NHSCAD31642,NHS,0,iccad3
HSCAD3104.png,HSCAD3104,HS,1,iccad3
NHSCAD31268.png,NHSCAD31268,NHS,1,iccad3
HSCAD3106.png,HSCAD3106,HS,4,iccad3
NHSCAD32258.png,NHSCAD32258,NHS,1,iccad3
NHSCAD35039.png,NHSCAD35039,NHS,0,iccad3
NHSCAD31835.png,NHSCAD31835,NHS,2,iccad3
NHSCAD33851.png,NHSCAD33851,NHS,0,iccad3
NHSCAD32551.png,NHSCAD32551,NHS,1,iccad3
NHSCAD34752.png,NHSCAD34752,NHS,1,iccad3
HSCAD3455.png,HSCAD3455,HS,2,iccad3
NHSCAD31708.png,NHSCAD31708,NHS,3,iccad3
NHSCAD31493.png,NHSCAD31493,NHS,3,iccad3
NHSCAD32343.png,NHSCAD32343,NHS,2,iccad3
NHSCAD32493.png,NHSCAD32493,NHS,1,iccad3
NHSCAD34780.png,NHSCAD34780,NHS,4,iccad3
HSCAD3596.png,HSCAD3596,HS,2,iccad3
NHSCAD35386.png,NHSCAD35386,NHS,2,iccad3
NHSCAD31315.png,NHSCAD31315,NHS,3,iccad3
HSCAD3427.png,HSCAD3427,HS,0,iccad3
NHSCAD32102.png,NHSCAD32102,NHS,2,iccad3
NHSCAD34587.png,NHSCAD34587,NHS,1,iccad3
NHSCAD34324.png,NHSCAD34324,NHS,2,iccad3
NHSCAD35298.png,NHSCAD35298,NHS,2,iccad3
NHSCAD34250.png,NHSCAD34250,NHS,3,iccad3
NHSCAD31928.png,NHSCAD31928,NHS,4,iccad3
NHSCAD35268.png,NHSCAD35268,NHS,0,iccad3
HSCAD3573.png,HSCAD3573,HS,2,iccad3
NHSCAD33242.png,NHSCAD33242,NHS,2,iccad3
NHSCAD31180.png,NHSCAD31180,NHS,2,iccad3
NHSCAD31323.png,NHSCAD31323,NHS,3,iccad3
NHSCAD33784.png,NHSCAD33784,NHS,4,iccad3
NHSCAD32279.png,NHSCAD32279,NHS,3,iccad3
NHSCAD34939.png,NHSCAD34939,NHS,3,iccad3
NHSCAD32795.png,NHSCAD32795,NHS,4,iccad3
NHSCAD33300.png,NHSCAD33300,NHS,4,iccad3
NHSCAD33638.png,NHSCAD33638,NHS,0,iccad3
NHSCAD32734.png,NHSCAD32734,NHS,3,iccad3
NHSCAD35045.png,NHSCAD35045,NHS,3,iccad3
NHSCAD35476.png,NHSCAD35476,NHS,2,iccad3
NHSCAD34019.png,NHSCAD34019,NHS,2,iccad3
HSCAD3624.png,HSCAD3624,HS,2,iccad3
HSCAD3830.png,HSCAD3830,HS,3,iccad3
NHSCAD32109.png,NHSCAD32109,NHS,2,iccad3
HSCAD3112.png,HSCAD3112,HS,0,iccad3
NHSCAD31093.png,NHSCAD31093,NHS,0,iccad3
NHSCAD35526.png,NHSCAD35526,NHS,0,iccad3
NHSCAD32610.png,NHSCAD32610,NHS,4,iccad3
NHSCAD32201.png,NHSCAD32201,NHS,1,iccad3
NHSCAD34393.png,NHSCAD34393,NHS,2,iccad3
NHSCAD34333.png,NHSCAD34333,NHS,3,iccad3
NHSCAD33716.png,NHSCAD33716,NHS,0,iccad3
NHSCAD31501.png,NHSCAD31501,NHS,0,iccad3
NHSCAD31024.png,NHSCAD31024,NHS,3,iccad3
HSCAD3740.png,HSCAD3740,HS,3,iccad3
NHSCAD32170.png,NHSCAD32170,NHS,2,iccad3
NHSCAD33752.png,NHSCAD33752,NHS,1,iccad3
NHSCAD34616.png,NHSCAD34616,NHS,0,iccad3
NHSCAD35513.png,NHSCAD35513,NHS,1,iccad3
NHSCAD34264.png,NHSCAD34264,NHS,3,iccad3
NHSCAD32729.png,NHSCAD32729,NHS,3,iccad3
HSCAD3227.png,HSCAD3227,HS,2,iccad3
NHSCAD34159.png,NHSCAD34159,NHS,3,iccad3
NHSCAD32808.png,NHSCAD32808,NHS,1,iccad3
NHSCAD32387.png,NHSCAD32387,NHS,1,iccad3
NHSCAD34396.png,NHSCAD34396,NHS,0,iccad3
NHSCAD31461.png,NHSCAD31461,NHS,0,iccad3
HSCAD3333.png,HSCAD3333,HS,0,iccad3
HSCAD3700.png,HSCAD3700,HS,4,iccad3
NHSCAD31569.png,NHSCAD31569,NHS,4,iccad3
HSCAD3787.png,HSCAD3787,HS,4,iccad3
NHSCAD32344.png,NHSCAD32344,NHS,4,iccad3
NHSCAD31520.png,NHSCAD31520,NHS,3,iccad3
HSCAD3235.png,HSCAD3235,HS,3,iccad3
NHSCAD34721.png,NHSCAD34721,NHS,0,iccad3
NHSCAD33927.png,NHSCAD33927,NHS,1,iccad3
NHSCAD34157.png,NHSCAD34157,NHS,1,iccad3
NHSCAD32638.png,NHSCAD32638,NHS,4,iccad3
NHSCAD31759.png,NHSCAD31759,NHS,2,iccad3
NHSCAD35006.png,NHSCAD35006,NHS,0,iccad3
HSCAD3485.png,HSCAD3485,HS,4,iccad3
HSCAD3775.png,HSCAD3775,HS,1,iccad3
NHSCAD31657.png,NHSCAD31657,NHS,0,iccad3
NHSCAD34820.png,NHSCAD34820,NHS,4,iccad3
NHSCAD33133.png,NHSCAD33133,NHS,2,iccad3
NHSCAD35217.png,NHSCAD35217,NHS,4,iccad3
NHSCAD32096.png,NHSCAD32096,NHS,0,iccad3
NHSCAD33650.png,NHSCAD33650,NHS,3,iccad3
NHSCAD35254.png,NHSCAD35254,NHS,3,iccad3
NHSCAD34482.png,NHSCAD34482,NHS,1,iccad3
NHSCAD33331.png,NHSCAD33331,NHS,0,iccad3
NHSCAD35399.png,NHSCAD35399,NHS,3,iccad3
NHSCAD34886.png,NHSCAD34886,NHS,0,iccad3
NHSCAD33387.png,NHSCAD33387,NHS,0,iccad3
NHSCAD33296.png,NHSCAD33296,NHS,0,iccad3
NHSCAD32844.png,NHSCAD32844,NHS,1,iccad3
NHSCAD31534.png,NHSCAD31534,NHS,1,iccad3
NHSCAD33120.png,NHSCAD33120,NHS,4,iccad3
NHSCAD34838.png,NHSCAD34838,NHS,2,iccad3
NHSCAD32998.png,NHSCAD32998,NHS,0,iccad3
NHSCAD31276.png,NHSCAD31276,NHS,3,iccad3
NHSCAD33083.png,NHSCAD33083,NHS,2,iccad3
HSCAD325.png,HSCAD325,HS,2,iccad3
NHSCAD31901.png,NHSCAD31901,NHS,0,iccad3
NHSCAD32199.png,NHSCAD32199,NHS,3,iccad3
NHSCAD34061.png,NHSCAD34061,NHS,2,iccad3
NHSCAD33660.png,NHSCAD33660,NHS,1,iccad3
NHSCAD32596.png,NHSCAD32596,NHS,1,iccad3
NHSCAD35048.png,NHSCAD35048,NHS,2,iccad3
HSCAD3486.png,HSCAD3486,HS,0,iccad3
NHSCAD35451.png,NHSCAD35451,NHS,0,iccad3
NHSCAD34656.png,NHSCAD34656,NHS,0,iccad3
NHSCAD32162.png,NHSCAD32162,NHS,0,iccad3
NHSCAD33287.png,NHSCAD33287,NHS,1,iccad3
NHSCAD34193.png,NHSCAD34193,NHS,1,iccad3
NHSCAD31433.png,NHSCAD31433,NHS,0,iccad3
NHSCAD31673.png,NHSCAD31673,NHS,2,iccad3
NHSCAD34660.png,NHSCAD34660,NHS,3,iccad3
HSCAD3218.png,HSCAD3218,HS,3,iccad3
NHSCAD33457.png,NHSCAD33457,NHS,1,iccad3
NHSCAD31307.png,NHSCAD31307,NHS,1,iccad3
NHSCAD32559.png,NHSCAD32559,NHS,3,iccad3
HSCAD3355.png,HSCAD3355,HS,0,iccad3
HSCAD3483.png,HSCAD3483,HS,1,iccad3
NHSCAD31844.png,NHSCAD31844,NHS,4,iccad3
NHSCAD31167.png,NHSCAD31167,NHS,2,iccad3
NHSCAD32174.png,NHSCAD32174,NHS,1,iccad3
NHSCAD32560.png,NHSCAD32560,NHS,4,iccad3
NHSCAD32117.png,NHSCAD32117,NHS,3,iccad3
NHSCAD34432.png,NHSCAD34432,NHS,0,iccad3
NHSCAD32938.png,NHSCAD32938,NHS,1,iccad3
NHSCAD32361.png,NHSCAD32361,NHS,2,iccad3
NHSCAD31341.png,NHSCAD31341,NHS,0,iccad3
HSCAD3866.png,HSCAD3866,HS,1,iccad3
NHSCAD31069.png,NHSCAD31069,NHS,2,iccad3
HSCAD3221.png,HSCAD3221,HS,1,iccad3
HSCAD3194.png,HSCAD3194,HS,1,iccad3
NHSCAD35221.png,NHSCAD35221,NHS,2,iccad3
NHSCAD33347.png,NHSCAD33347,NHS,0,iccad3
NHSCAD32450.png,NHSCAD32450,NHS,4,iccad3
NHSCAD34645.png,NHSCAD34645,NHS,4,iccad3
HSCAD392.png,HSCAD392,HS,4,iccad3
HSCAD3331.png,HSCAD3331,HS,4,iccad3
HSCAD373.png,HSCAD373,HS,0,iccad3
NHSCAD32422.png,NHSCAD32422,NHS,4,iccad3
NHSCAD31935.png,NHSCAD31935,NHS,4,iccad3
HSCAD3621.png,HSCAD3621,HS,1,iccad3
NHSCAD34803.png,NHSCAD34803,NHS,2,iccad3
HSCAD3590.png,HSCAD3590,HS,0,iccad3
NHSCAD34065.png,NHSCAD34065,NHS,4,iccad3
NHSCAD31880.png,NHSCAD31880,NHS,4,iccad3
NHSCAD34030.png,NHSCAD34030,NHS,2,iccad3
NHSCAD31280.png,NHSCAD31280,NHS,4,iccad3
NHSCAD32428.png,NHSCAD32428,NHS,3,iccad3
NHSCAD32055.png,NHSCAD32055,NHS,4,iccad3
NHSCAD34031.png,NHSCAD34031,NHS,0,iccad3
HSCAD3367.png,HSCAD3367,HS,2,iccad3
HSCAD3758.png,HSCAD3758,HS,2,iccad3
NHSCAD32200.png,NHSCAD32200,NHS,4,iccad3
NHSCAD34448.png,NHSCAD34448,NHS,3,iccad3
NHSCAD32962.png,NHSCAD32962,NHS,1,iccad3
NHSCAD35159.png,NHSCAD35159,NHS,3,iccad3
NHSCAD33180.png,NHSCAD33180,NHS,3,iccad3
NHSCAD32059.png,NHSCAD32059,NHS,3,iccad3
HSCAD3369.png,HSCAD3369,HS,0,iccad3
NHSCAD32672.png,NHSCAD32672,NHS,0,iccad3
NHSCAD35112.png,NHSCAD35112,NHS,1,iccad3
NHSCAD32316.png,NHSCAD32316,NHS,0,iccad3
HSCAD3288.png,HSCAD3288,HS,0,iccad3
HSCAD335.png,HSCAD335,HS,2,iccad3
NHSCAD32767.png,NHSCAD32767,NHS,2,iccad3
NHSCAD33607.png,NHSCAD33607,NHS,0,iccad3
NHSCAD35084.png,NHSCAD35084,NHS,3,iccad3
NHSCAD32661.png,NHSCAD32661,NHS,0,iccad3
NHSCAD35358.png,NHSCAD35358,NHS,4,iccad3
NHSCAD32771.png,NHSCAD32771,NHS,0,iccad3
NHSCAD33720.png,NHSCAD33720,NHS,3,iccad3
NHSCAD34757.png,NHSCAD34757,NHS,1,iccad3
NHSCAD32015.png,NHSCAD32015,NHS,1,iccad3
NHSCAD31543.png,NHSCAD31543,NHS,4,iccad3
NHSCAD32378.png,NHSCAD32378,NHS,3,iccad3
NHSCAD35418.png,NHSCAD35418,NHS,0,iccad3
NHSCAD31052.png,NHSCAD31052,NHS,1,iccad3
NHSCAD35015.png,NHSCAD35015,NHS,4,iccad3
NHSCAD33934.png,NHSCAD33934,NHS,3,iccad3
NHSCAD32658.png,NHSCAD32658,NHS,1,iccad3
NHSCAD32699.png,NHSCAD32699,NHS,3,iccad3
NHSCAD32587.png,NHSCAD32587,NHS,0,iccad3
NHSCAD33827.png,NHSCAD33827,NHS,1,iccad3
NHSCAD34397.png,NHSCAD34397,NHS,1,iccad3
NHSCAD35447.png,NHSCAD35447,NHS,1,iccad3
NHSCAD32334.png,NHSCAD32334,NHS,2,iccad3
HSCAD3635.png,HSCAD3635,HS,3,iccad3
NHSCAD35237.png,NHSCAD35237,NHS,0,iccad3
NHSCAD32351.png,NHSCAD32351,NHS,3,iccad3
HSCAD3636.png,HSCAD3636,HS,1,iccad3
NHSCAD31384.png,NHSCAD31384,NHS,4,iccad3
NHSCAD33989.png,NHSCAD33989,NHS,3,iccad3
NHSCAD34526.png,NHSCAD34526,NHS,1,iccad3
HSCAD3272.png,HSCAD3272,HS,4,iccad3
NHSCAD35341.png,NHSCAD35341,NHS,0,iccad3
NHSCAD34100.png,NHSCAD34100,NHS,4,iccad3
NHSCAD32908.png,NHSCAD32908,NHS,2,iccad3
NHSCAD31687.png,NHSCAD31687,NHS,2,iccad3
NHSCAD33097.png,NHSCAD33097,NHS,0,iccad3
NHSCAD33093.png,NHSCAD33093,NHS,0,iccad3
NHSCAD32718.png,NHSCAD32718,NHS,1,iccad3
NHSCAD33364.png,NHSCAD33364,NHS,4,iccad3
NHSCAD32183.png,NHSCAD32183,NHS,2,iccad3
HSCAD322.png,HSCAD322,HS,2,iccad3
HSCAD3423.png,HSCAD3423,HS,1,iccad3
NHSCAD32942.png,NHSCAD32942,NHS,0,iccad3
NHSCAD34072.png,NHSCAD34072,NHS,4,iccad3
NHSCAD34310.png,NHSCAD34310,NHS,4,iccad3
HSCAD3187.png,HSCAD3187,HS,3,iccad3
NHSCAD35215.png,NHSCAD35215,NHS,3,iccad3
HSCAD3419.png,HSCAD3419,HS,3,iccad3
HSCAD3710.png,HSCAD3710,HS,0,iccad3
HSCAD3623.png,HSCAD3623,HS,4,iccad3
HSCAD3844.png,HSCAD3844,HS,3,iccad3
NHSCAD31479.png,NHSCAD31479,NHS,3,iccad3
NHSCAD3985.png,NHSCAD3985,NHS,2,iccad3
NHSCAD35182.png,NHSCAD35182,NHS,2,iccad3
NHSCAD34676.png,NHSCAD34676,NHS,0,iccad3
NHSCAD32622.png,NHSCAD32622,NHS,1,iccad3
NHSCAD32418.png,NHSCAD32418,NHS,2,iccad3
NHSCAD34949.png,NHSCAD34949,NHS,3,iccad3
NHSCAD32821.png,NHSCAD32821,NHS,2,iccad3
HSCAD3305.png,HSCAD3305,HS,0,iccad3
NHSCAD34481.png,NHSCAD34481,NHS,0,iccad3
HSCAD360.png,HSCAD360,HS,2,iccad3
HSCAD3532.png,HSCAD3532,HS,2,iccad3
NHSCAD34966.png,NHSCAD34966,NHS,1,iccad3
NHSCAD31406.png,NHSCAD31406,NHS,0,iccad3
NHSCAD35531.png,NHSCAD35531,NHS,0,iccad3
NHSCAD33597.png,NHSCAD33597,NHS,0,iccad3
NHSCAD32435.png,NHSCAD32435,NHS,4,iccad3
NHSCAD31219.png,NHSCAD31219,NHS,3,iccad3
NHSCAD31421.png,NHSCAD31421,NHS,1,iccad3
NHSCAD33863.png,NHSCAD33863,NHS,2,iccad3
NHSCAD32987.png,NHSCAD32987,NHS,0,iccad3
NHSCAD32005.png,NHSCAD32005,NHS,4,iccad3
NHSCAD34880.png,NHSCAD34880,NHS,4,iccad3
NHSCAD32274.png,NHSCAD32274,NHS,1,iccad3
HSCAD3707.png,HSCAD3707,HS,4,iccad3
NHSCAD34794.png,NHSCAD34794,NHS,0,iccad3
HSCAD3353.png,HSCAD3353,HS,0,iccad3
NHSCAD35419.png,NHSCAD35419,NHS,3,iccad3
NHSCAD31686.png,NHSCAD31686,NHS,1,iccad3
HSCAD3721.png,HSCAD3721,HS,2,iccad3
NHSCAD32173.png,NHSCAD32173,NHS,4,iccad3
NHSCAD31028.png,NHSCAD31028,NHS,2,iccad3
NHSCAD33353.png,NHSCAD33353,NHS,1,iccad3
NHSCAD32006.png,NHSCAD32006,NHS,2,iccad3
NHSCAD31222.png,NHSCAD31222,NHS,2,iccad3
NHSCAD33002.png,NHSCAD33002,NHS,3,iccad3
NHSCAD32086.png,NHSCAD32086,NHS,2,iccad3
NHSCAD32057.png,NHSCAD32057,NHS,1,iccad3
NHSCAD31086.png,NHSCAD31086,NHS,0,iccad3
NHSCAD33315.png,NHSCAD33315,NHS,4,iccad3
NHSCAD35493.png,NHSCAD35493,NHS,3,iccad3
NHSCAD33117.png,NHSCAD33117,NHS,2,iccad3
NHSCAD34462.png,NHSCAD34462,NHS,1,iccad3
NHSCAD35018.png,NHSCAD35018,NHS,2,iccad3
HSCAD3807.png,HSCAD3807,HS,1,iccad3
NHSCAD32024.png,NHSCAD32024,NHS,2,iccad3
NHSCAD31401.png,NHSCAD31401,NHS,0,iccad3
NHSCAD33829.png,NHSCAD33829,NHS,3,iccad3
NHSCAD35187.png,NHSCAD35187,NHS,0,iccad3
HSCAD3650.png,HSCAD3650,HS,4,iccad3
NHSCAD33088.png,NHSCAD33088,NHS,3,iccad3
NHSCAD31099.png,NHSCAD31099,NHS,1,iccad3
NHSCAD34440.png,NHSCAD34440,NHS,4,iccad3
NHSCAD33183.png,NHSCAD33183,NHS,2,iccad3
NHSCAD35011.png,NHSCAD35011,NHS,0,iccad3
NHSCAD31172.png,NHSCAD31172,NHS,2,iccad3
NHSCAD35225.png,NHSCAD35225,NHS,3,iccad3
NHSCAD31304.png,NHSCAD31304,NHS,3,iccad3
NHSCAD35005.png,NHSCAD35005,NHS,1,iccad3
NHSCAD32687.png,NHSCAD32687,NHS,1,iccad3
NHSCAD31345.png,NHSCAD31345,NHS,3,iccad3
NHSCAD34399.png,NHSCAD34399,NHS,3,iccad3
NHSCAD3995.png,NHSCAD3995,NHS,4,iccad3
NHSCAD33488.png,NHSCAD33488,NHS,0,iccad3
NHSCAD31049.png,NHSCAD31049,NHS,3,iccad3
NHSCAD33610.png,NHSCAD33610,NHS,3,iccad3
NHSCAD32567.png,NHSCAD32567,NHS,1,iccad3
NHSCAD33422.png,NHSCAD33422,NHS,3,iccad3
HSCAD3469.png,HSCAD3469,HS,0,iccad3
HSCAD3514.png,HSCAD3514,HS,2,iccad3
NHSCAD34835.png,NHSCAD34835,NHS,4,iccad3
HSCAD339.png,HSCAD339,HS,2,iccad3
HSCAD3895.png,HSCAD3895,HS,3,iccad3
NHSCAD34165.png,NHSCAD34165,NHS,4,iccad3
NHSCAD32179.png,NHSCAD32179,NHS,4,iccad3
NHSCAD32121.png,NHSCAD32121,NHS,0,iccad3
HSCAD3693.png,HSCAD3693,HS,0,iccad3
NHSCAD34554.png,NHSCAD34554,NHS,0,iccad3
HSCAD3559.png,HSCAD3559,HS,1,iccad3
HSCAD3579.png,HSCAD3579,HS,4,iccad3
HSCAD3869.png,HSCAD3869,HS,0,iccad3
NHSCAD31131.png,NHSCAD31131,NHS,4,iccad3
NHSCAD35270.png,NHSCAD35270,NHS,3,iccad3
NHSCAD31027.png,NHSCAD31027,NHS,1,iccad3
HSCAD3719.png,HSCAD3719,HS,4,iccad3
NHSCAD35477.png,NHSCAD35477,NHS,3,iccad3
NHSCAD34313.png,NHSCAD34313,NHS,1,iccad3
HSCAD3228.png,HSCAD3228,HS,3,iccad3
HSCAD3875.png,HSCAD3875,HS,1,iccad3
HSCAD3523.png,HSCAD3523,HS,1,iccad3
NHSCAD34625.png,NHSCAD34625,NHS,4,iccad3
HSCAD3717.png,HSCAD3717,HS,2,iccad3
HSCAD31.png,HSCAD31,HS,3,iccad3
NHSCAD34638.png,NHSCAD34638,NHS,2,iccad3
NHSCAD31210.png,NHSCAD31210,NHS,1,iccad3
NHSCAD34466.png,NHSCAD34466,NHS,1,iccad3
NHSCAD32581.png,NHSCAD32581,NHS,0,iccad3
NHSCAD33824.png,NHSCAD33824,NHS,4,iccad3
NHSCAD34038.png,NHSCAD34038,NHS,0,iccad3
NHSCAD32814.png,NHSCAD32814,NHS,2,iccad3
NHSCAD31076.png,NHSCAD31076,NHS,0,iccad3
NHSCAD31747.png,NHSCAD31747,NHS,1,iccad3
NHSCAD32097.png,NHSCAD32097,NHS,2,iccad3
NHSCAD32091.png,NHSCAD32091,NHS,0,iccad3
NHSCAD31878.png,NHSCAD31878,NHS,3,iccad3
NHSCAD34843.png,NHSCAD34843,NHS,4,iccad3
NHSCAD33842.png,NHSCAD33842,NHS,1,iccad3
NHSCAD35141.png,NHSCAD35141,NHS,4,iccad3
HSCAD3735.png,HSCAD3735,HS,2,iccad3
NHSCAD34175.png,NHSCAD34175,NHS,4,iccad3
NHSCAD31036.png,NHSCAD31036,NHS,1,iccad3
NHSCAD34866.png,NHSCAD34866,NHS,3,iccad3
HSCAD3772.png,HSCAD3772,HS,0,iccad3
NHSCAD35505.png,NHSCAD35505,NHS,1,iccad3
HSCAD383.png,HSCAD383,HS,2,iccad3
NHSCAD31685.png,NHSCAD31685,NHS,4,iccad3
NHSCAD31888.png,NHSCAD31888,NHS,3,iccad3
NHSCAD33081.png,NHSCAD33081,NHS,0,iccad3
NHSCAD31508.png,NHSCAD31508,NHS,2,iccad3
NHSCAD31279.png,NHSCAD31279,NHS,2,iccad3
NHSCAD35382.png,NHSCAD35382,NHS,1,iccad3
HSCAD3473.png,HSCAD3473,HS,2,iccad3
NHSCAD31772.png,NHSCAD31772,NHS,4,iccad3
NHSCAD35286.png,NHSCAD35286,NHS,0,iccad3
NHSCAD31712.png,NHSCAD31712,NHS,1,iccad3
NHSCAD33702.png,NHSCAD33702,NHS,2,iccad3
NHSCAD31749.png,NHSCAD31749,NHS,3,iccad3
HSCAD3644.png,HSCAD3644,HS,0,iccad3
NHSCAD34254.png,NHSCAD34254,NHS,2,iccad3
NHSCAD31217.png,NHSCAD31217,NHS,1,iccad3
NHSCAD33005.png,NHSCAD33005,NHS,2,iccad3
NHSCAD31085.png,NHSCAD31085,NHS,4,iccad3
HSCAD351.png,HSCAD351,HS,2,iccad3
NHSCAD34805.png,NHSCAD34805,NHS,3,iccad3
NHSCAD32254.png,NHSCAD32254,NHS,3,iccad3
NHSCAD3947.png,NHSCAD3947,NHS,4,iccad3
NHSCAD3977.png,NHSCAD3977,NHS,4,iccad3
NHSCAD33554.png,NHSCAD33554,NHS,3,iccad3
NHSCAD31593.png,NHSCAD31593,NHS,1,iccad3
NHSCAD31756.png,NHSCAD31756,NHS,0,iccad3
NHSCAD32649.png,NHSCAD32649,NHS,4,iccad3
HSCAD3135.png,HSCAD3135,HS,0,iccad3
NHSCAD34529.png,NHSCAD34529,NHS,3,iccad3
NHSCAD31951.png,NHSCAD31951,NHS,0,iccad3
NHSCAD31528.png,NHSCAD31528,NHS,2,iccad3
NHSCAD32076.png,NHSCAD32076,NHS,2,iccad3
NHSCAD33964.png,NHSCAD33964,NHS,3,iccad3
NHSCAD31643.png,NHSCAD31643,NHS,1,iccad3
NHSCAD31254.png,NHSCAD31254,NHS,4,iccad3
NHSCAD35506.png,NHSCAD35506,NHS,0,iccad3
NHSCAD31144.png,NHSCAD31144,NHS,3,iccad3
HSCAD3296.png,HSCAD3296,HS,3,iccad3
NHSCAD32634.png,NHSCAD32634,NHS,3,iccad3
HSCAD3101.png,HSCAD3101,HS,4,iccad3
NHSCAD34569.png,NHSCAD34569,NHS,3,iccad3
NHSCAD32627.png,NHSCAD32627,NHS,3,iccad3
NHSCAD34470.png,NHSCAD34470,NHS,3,iccad3
NHSCAD33947.png,NHSCAD33947,NHS,1,iccad3
HSCAD3870.png,HSCAD3870,HS,1,iccad3
NHSCAD32108.png,NHSCAD32108,NHS,3,iccad3
NHSCAD3998.png,NHSCAD3998,NHS,0,iccad3
NHSCAD31806.png,NHSCAD31806,NHS,0,iccad3
NHSCAD34212.png,NHSCAD34212,NHS,2,iccad3
NHSCAD31102.png,NHSCAD31102,NHS,2,iccad3
NHSCAD35397.png,NHSCAD35397,NHS,0,iccad3
NHSCAD33756.png,NHSCAD33756,NHS,0,iccad3
NHSCAD31270.png,NHSCAD31270,NHS,4,iccad3
NHSCAD32103.png,NHSCAD32103,NHS,3,iccad3
NHSCAD34185.png,NHSCAD34185,NHS,4,iccad3
NHSCAD34398.png,NHSCAD34398,NHS,2,iccad3
HSCAD3797.png,HSCAD3797,HS,1,iccad3
NHSCAD32348.png,NHSCAD32348,NHS,2,iccad3
HSCAD3659.png,HSCAD3659,HS,0,iccad3
NHSCAD35278.png,NHSCAD35278,NHS,2,iccad3
NHSCAD33945.png,NHSCAD33945,NHS,4,iccad3
NHSCAD34912.png,NHSCAD34912,NHS,0,iccad3
NHSCAD32995.png,NHSCAD32995,NHS,4,iccad3
HSCAD3456.png,HSCAD3456,HS,3,iccad3
HSCAD3602.png,HSCAD3602,HS,0,iccad3
NHSCAD34818.png,NHSCAD34818,NHS,2,iccad3
NHSCAD35504.png,NHSCAD35504,NHS,4,iccad3
NHSCAD35049.png,NHSCAD35049,NHS,3,iccad3
HSCAD319.png,HSCAD319,HS,1,iccad3
NHSCAD34430.png,NHSCAD34430,NHS,4,iccad3
NHSCAD33064.png,NHSCAD33064,NHS,2,iccad3
HSCAD3748.png,HSCAD3748,HS,1,iccad3
NHSCAD33067.png,NHSCAD33067,NHS,3,iccad3
NHSCAD33798.png,NHSCAD33798,NHS,1,iccad3
NHSCAD33502.png,NHSCAD33502,NHS,2,iccad3
NHSCAD31590.png,NHSCAD31590,NHS,4,iccad3
NHSCAD32158.png,NHSCAD32158,NHS,1,iccad3
NHSCAD3988.png,NHSCAD3988,NHS,2,iccad3
NHSCAD31764.png,NHSCAD31764,NHS,2,iccad3
NHSCAD31213.png,NHSCAD31213,NHS,2,iccad3
HSCAD3401.png,HSCAD3401,HS,1,iccad3
NHSCAD34840.png,NHSCAD34840,NHS,4,iccad3
HSCAD3848.png,HSCAD3848,HS,2,iccad3
NHSCAD31056.png,NHSCAD31056,NHS,0,iccad3
NHSCAD33040.png,NHSCAD33040,NHS,3,iccad3
HSCAD3160.png,HSCAD3160,HS,1,iccad3
NHSCAD31209.png,NHSCAD31209,NHS,4,iccad3
NHSCAD31070.png,NHSCAD31070,NHS,4,iccad3
NHSCAD32708.png,NHSCAD32708,NHS,2,iccad3
NHSCAD32263.png,NHSCAD32263,NHS,3,iccad3
NHSCAD32955.png,NHSCAD32955,NHS,4,iccad3
NHSCAD34813.png,NHSCAD34813,NHS,2,iccad3
NHSCAD34535.png,NHSCAD34535,NHS,4,iccad3
NHSCAD35299.png,NHSCAD35299,NHS,1,iccad3
NHSCAD31202.png,NHSCAD31202,NHS,3,iccad3
HSCAD3153.png,HSCAD3153,HS,0,iccad3
NHSCAD34499.png,NHSCAD34499,NHS,1,iccad3
NHSCAD33084.png,NHSCAD33084,NHS,3,iccad3
NHSCAD31668.png,NHSCAD31668,NHS,4,iccad3
NHSCAD31811.png,NHSCAD31811,NHS,2,iccad3
HSCAD3232.png,HSCAD3232,HS,3,iccad3
NHSCAD33887.png,NHSCAD33887,NHS,1,iccad3
NHSCAD31700.png,NHSCAD31700,NHS,2,iccad3
NHSCAD31803.png,NHSCAD31803,NHS,1,iccad3
NHSCAD32717.png,NHSCAD32717,NHS,3,iccad3
NHSCAD34345.png,NHSCAD34345,NHS,4,iccad3
NHSCAD35150.png,NHSCAD35150,NHS,3,iccad3
NHSCAD31721.png,NHSCAD31721,NHS,1,iccad3
NHSCAD33372.png,NHSCAD33372,NHS,2,iccad3
NHSCAD33456.png,NHSCAD33456,NHS,0,iccad3
NHSCAD35440.png,NHSCAD35440,NHS,4,iccad3
NHSCAD32048.png,NHSCAD32048,NHS,4,iccad3
NHSCAD34823.png,NHSCAD34823,NHS,2,iccad3
NHSCAD3946.png,NHSCAD3946,NHS,3,iccad3
NHSCAD33479.png,NHSCAD33479,NHS,2,iccad3
NHSCAD31016.png,NHSCAD31016,NHS,0,iccad3
NHSCAD32624.png,NHSCAD32624,NHS,4,iccad3
NHSCAD32044.png,NHSCAD32044,NHS,2,iccad3
NHSCAD34422.png,NHSCAD34422,NHS,1,iccad3
NHSCAD32778.png,NHSCAD32778,NHS,1,iccad3
NHSCAD33494.png,NHSCAD33494,NHS,1,iccad3
NHSCAD33051.png,NHSCAD33051,NHS,0,iccad3
NHSCAD31124.png,NHSCAD31124,NHS,2,iccad3
NHSCAD31366.png,NHSCAD31366,NHS,0,iccad3
NHSCAD33110.png,NHSCAD33110,NHS,4,iccad3
NHSCAD32375.png,NHSCAD32375,NHS,2,iccad3
NHSCAD34624.png,NHSCAD34624,NHS,3,iccad3
NHSCAD31262.png,NHSCAD31262,NHS,1,iccad3
NHSCAD32341.png,NHSCAD32341,NHS,0,iccad3
NHSCAD33943.png,NHSCAD33943,NHS,2,iccad3
NHSCAD32433.png,NHSCAD32433,NHS,0,iccad3
HSCAD3312.png,HSCAD3312,HS,3,iccad3
NHSCAD31041.png,NHSCAD31041,NHS,0,iccad3
NHSCAD33035.png,NHSCAD33035,NHS,4,iccad3
HSCAD3380.png,HSCAD3380,HS,4,iccad3
NHSCAD33230.png,NHSCAD33230,NHS,4,iccad3
NHSCAD33655.png,NHSCAD33655,NHS,3,iccad3
NHSCAD33184.png,NHSCAD33184,NHS,3,iccad3
NHSCAD32451.png,NHSCAD32451,NHS,0,iccad3
NHSCAD32227.png,NHSCAD32227,NHS,1,iccad3
NHSCAD33199.png,NHSCAD33199,NHS,1,iccad3
NHSCAD34733.png,NHSCAD34733,NHS,1,iccad3
HSCAD3438.png,HSCAD3438,HS,1,iccad3
NHSCAD32576.png,NHSCAD32576,NHS,0,iccad3
NHSCAD34148.png,NHSCAD34148,NHS,1,iccad3
NHSCAD34450.png,NHSCAD34450,NHS,0,iccad3
NHSCAD35126.png,NHSCAD35126,NHS,0,iccad3
NHSCAD33760.png,NHSCAD33760,NHS,4,iccad3
NHSCAD32206.png,NHSCAD32206,NHS,1,iccad3
HSCAD3271.png,HSCAD3271,HS,2,iccad3
HSCAD3795.png,HSCAD3795,HS,1,iccad3
NHSCAD32047.png,NHSCAD32047,NHS,1,iccad3
HSCAD3348.png,HSCAD3348,HS,4,iccad3
HSCAD3262.png,HSCAD3262,HS,2,iccad3
NHSCAD32696.png,NHSCAD32696,NHS,0,iccad3
NHSCAD33812.png,NHSCAD33812,NHS,1,iccad3
NHSCAD33490.png,NHSCAD33490,NHS,3,iccad3
NHSCAD32592.png,NHSCAD32592,NHS,1,iccad3
NHSCAD35035.png,NHSCAD35035,NHS,3,iccad3
NHSCAD34291.png,NHSCAD34291,NHS,0,iccad3
NHSCAD33262.png,NHSCAD33262,NHS,1,iccad3
NHSCAD32287.png,NHSCAD32287,NHS,1,iccad3
NHSCAD32430.png,NHSCAD32430,NHS,1,iccad3
HSCAD3295.png,HSCAD3295,HS,2,iccad3
NHSCAD33775.png,NHSCAD33775,NHS,4,iccad3
HSCAD3290.png,HSCAD3290,HS,2,iccad3
NHSCAD34095.png,NHSCAD34095,NHS,4,iccad3
NHSCAD34012.png,NHSCAD34012,NHS,1,iccad3
NHSCAD34941.png,NHSCAD34941,NHS,0,iccad3
NHSCAD34731.png,NHSCAD34731,NHS,0,iccad3
HSCAD3763.png,HSCAD3763,HS,3,iccad3
NHSCAD32601.png,NHSCAD32601,NHS,1,iccad3
NHSCAD32053.png,NHSCAD32053,NHS,3,iccad3
NHSCAD34612.png,NHSCAD34612,NHS,0,iccad3
NHSCAD31446.png,NHSCAD31446,NHS,0,iccad3
NHSCAD33413.png,NHSCAD33413,NHS,2,iccad3
NHSCAD31377.png,NHSCAD31377,NHS,3,iccad3
NHSCAD31472.png,NHSCAD31472,NHS,0,iccad3
NHSCAD34525.png,NHSCAD34525,NHS,4,iccad3
HSCAD3649.png,HSCAD3649,HS,1,iccad3
NHSCAD31106.png,NHSCAD31106,NHS,0,iccad3
NHSCAD32110.png,NHSCAD32110,NHS,4,iccad3
NHSCAD33186.png,NHSCAD33186,NHS,0,iccad3
HSCAD3821.png,HSCAD3821,HS,1,iccad3
HSCAD3905.png,HSCAD3905,HS,2,iccad3
NHSCAD33024.png,NHSCAD33024,NHS,4,iccad3
NHSCAD33805.png,NHSCAD33805,NHS,3,iccad3
NHSCAD32847.png,NHSCAD32847,NHS,0,iccad3
NHSCAD33719.png,NHSCAD33719,NHS,1,iccad3
NHSCAD33599.png,NHSCAD33599,NHS,2,iccad3
NHSCAD32171.png,NHSCAD32171,NHS,0,iccad3
NHSCAD31962.png,NHSCAD31962,NHS,2,iccad3
NHSCAD34244.png,NHSCAD34244,NHS,2,iccad3
NHSCAD31398.png,NHSCAD31398,NHS,2,iccad3
HSCAD363.png,HSCAD363,HS,3,iccad3
NHSCAD35087.png,NHSCAD35087,NHS,0,iccad3
NHSCAD32606.png,NHSCAD32606,NHS,1,iccad3
HSCAD3285.png,HSCAD3285,HS,1,iccad3
NHSCAD34265.png,NHSCAD34265,NHS,4,iccad3
NHSCAD32507.png,NHSCAD32507,NHS,2,iccad3
NHSCAD32328.png,NHSCAD32328,NHS,2,iccad3
NHSCAD32010.png,NHSCAD32010,NHS,3,iccad3
NHSCAD31592.png,NHSCAD31592,NHS,3,iccad3
NHSCAD31335.png,NHSCAD31335,NHS,4,iccad3
HSCAD3610.png,HSCAD3610,HS,4,iccad3
NHSCAD31249.png,NHSCAD31249,NHS,4,iccad3
NHSCAD33069.png,NHSCAD33069,NHS,1,iccad3
HSCAD3242.png,HSCAD3242,HS,4,iccad3
NHSCAD34632.png,NHSCAD34632,NHS,1,iccad3
NHSCAD34359.png,NHSCAD34359,NHS,3,iccad3
NHSCAD32719.png,NHSCAD32719,NHS,2,iccad3
NHSCAD34201.png,NHSCAD34201,NHS,0,iccad3
NHSCAD32389.png,NHSCAD32389,NHS,4,iccad3
NHSCAD33210.png,NHSCAD33210,NHS,3,iccad3
NHSCAD32289.png,NHSCAD32289,NHS,3,iccad3
NHSCAD31141.png,NHSCAD31141,NHS,0,iccad3
NHSCAD35357.png,NHSCAD35357,NHS,1,iccad3
NHSCAD31754.png,NHSCAD31754,NHS,3,iccad3
NHSCAD3928.png,NHSCAD3928,NHS,2,iccad3
HSCAD382.png,HSCAD382,HS,2,iccad3
NHSCAD33317.png,NHSCAD33317,NHS,1,iccad3
NHSCAD34225.png,NHSCAD34225,NHS,4,iccad3
HSCAD3737.png,HSCAD3737,HS,4,iccad3
NHSCAD33416.png,NHSCAD33416,NHS,2,iccad3
NHSCAD31374.png,NHSCAD31374,NHS,3,iccad3
HSCAD3517.png,HSCAD3517,HS,0,iccad3
HSCAD3889.png,HSCAD3889,HS,1,iccad3
NHSCAD35241.png,NHSCAD35241,NHS,0,iccad3
NHSCAD32943.png,NHSCAD32943,NHS,1,iccad3
NHSCAD32935.png,NHSCAD32935,NHS,3,iccad3
NHSCAD32915.png,NHSCAD32915,NHS,4,iccad3
NHSCAD33211.png,NHSCAD33211,NHS,0,iccad3
NHSCAD31997.png,NHSCAD31997,NHS,0,iccad3
NHSCAD32546.png,NHSCAD32546,NHS,0,iccad3
NHSCAD32979.png,NHSCAD32979,NHS,4,iccad3
NHSCAD34652.png,NHSCAD34652,NHS,1,iccad3
NHSCAD31548.png,NHSCAD31548,NHS,4,iccad3
HSCAD3671.png,HSCAD3671,HS,1,iccad3
NHSCAD33733.png,NHSCAD33733,NHS,2,iccad3
NHSCAD33848.png,NHSCAD33848,NHS,1,iccad3
NHSCAD34211.png,NHSCAD34211,NHS,0,iccad3
HSCAD3898.png,HSCAD3898,HS,2,iccad3
NHSCAD35475.png,NHSCAD35475,NHS,4,iccad3
NHSCAD32244.png,NHSCAD32244,NHS,1,iccad3
HSCAD3286.png,HSCAD3286,HS,3,iccad3
NHSCAD32069.png,NHSCAD32069,NHS,3,iccad3
NHSCAD33279.png,NHSCAD33279,NHS,4,iccad3
NHSCAD31532.png,NHSCAD31532,NHS,4,iccad3
NHSCAD32421.png,NHSCAD32421,NHS,0,iccad3
NHSCAD32315.png,NHSCAD32315,NHS,4,iccad3
NHSCAD32839.png,NHSCAD32839,NHS,3,iccad3
NHSCAD32204.png,NHSCAD32204,NHS,3,iccad3
NHSCAD34117.png,NHSCAD34117,NHS,3,iccad3
HSCAD3629.png,HSCAD3629,HS,3,iccad3
HSCAD3276.png,HSCAD3276,HS,1,iccad3
NHSCAD31660.png,NHSCAD31660,NHS,3,iccad3
NHSCAD31059.png,NHSCAD31059,NHS,3,iccad3
NHSCAD34887.png,NHSCAD34887,NHS,1,iccad3
NHSCAD32136.png,NHSCAD32136,NHS,0,iccad3
NHSCAD34191.png,NHSCAD34191,NHS,0,iccad3
NHSCAD33039.png,NHSCAD33039,NHS,2,iccad3
NHSCAD34651.png,NHSCAD34651,NHS,0,iccad3
NHSCAD35231.png,NHSCAD35231,NHS,0,iccad3
HSCAD3882.png,HSCAD3882,HS,0,iccad3
NHSCAD35184.png,NHSCAD35184,NHS,4,iccad3
NHSCAD31382.png,NHSCAD31382,NHS,1,iccad3
NHSCAD34853.png,NHSCAD34853,NHS,2,iccad3
NHSCAD31047.png,NHSCAD31047,NHS,2,iccad3
NHSCAD33012.png,NHSCAD33012,NHS,3,iccad3
NHSCAD33391.png,NHSCAD33391,NHS,1,iccad3
NHSCAD32291.png,NHSCAD32291,NHS,0,iccad3
NHSCAD31255.png,NHSCAD31255,NHS,3,iccad3
NHSCAD31889.png,NHSCAD31889,NHS,1,iccad3
NHSCAD33994.png,NHSCAD33994,NHS,1,iccad3
HSCAD3350.png,HSCAD3350,HS,1,iccad3
NHSCAD34057.png,NHSCAD34057,NHS,3,iccad3
NHSCAD31495.png,NHSCAD31495,NHS,4,iccad3
NHSCAD34507.png,NHSCAD34507,NHS,0,iccad3
NHSCAD31938.png,NHSCAD31938,NHS,1,iccad3
NHSCAD34924.png,NHSCAD34924,NHS,3,iccad3
NHSCAD34533.png,NHSCAD34533,NHS,0,iccad3
NHSCAD32329.png,NHSCAD32329,NHS,3,iccad3
HSCAD3364.png,HSCAD3364,HS,0,iccad3
NHSCAD32541.png,NHSCAD32541,NHS,1,iccad3
NHSCAD33590.png,NHSCAD33590,NHS,3,iccad3
NHSCAD33439.png,NHSCAD33439,NHS,3,iccad3
NHSCAD31107.png,NHSCAD31107,NHS,1,iccad3
NHSCAD35320.png,NHSCAD35320,NHS,4,iccad3
NHSCAD34837.png,NHSCAD34837,NHS,1,iccad3
NHSCAD33787.png,NHSCAD33787,NHS,1,iccad3
HSCAD3431.png,HSCAD3431,HS,4,iccad3
NHSCAD34538.png,NHSCAD34538,NHS,0,iccad3
NHSCAD35509.png,NHSCAD35509,NHS,4,iccad3
NHSCAD33583.png,NHSCAD33583,NHS,4,iccad3
NHSCAD31676.png,NHSCAD31676,NHS,0,iccad3
NHSCAD34248.png,NHSCAD34248,NHS,1,iccad3
HSCAD3689.png,HSCAD3689,HS,0,iccad3
NHSCAD31966.png,NHSCAD31966,NHS,0,iccad3
HSCAD3765.png,HSCAD3765,HS,1,iccad3
NHSCAD32474.png,NHSCAD32474,NHS,3,iccad3
HSCAD387.png,HSCAD387,HS,4,iccad3
NHSCAD33880.png,NHSCAD33880,NHS,3,iccad3
HSCAD3426.png,HSCAD3426,HS,2,iccad3
NHSCAD32242.png,NHSCAD32242,NHS,3,iccad3
NHSCAD32296.png,NHSCAD32296,NHS,0,iccad3
NHSCAD32826.png,NHSCAD32826,NHS,1,iccad3
NHSCAD32214.png,NHSCAD32214,NHS,2,iccad3
HSCAD3879.png,HSCAD3879,HS,1,iccad3
NHSCAD31821.png,NHSCAD31821,NHS,3,iccad3
NHSCAD32237.png,NHSCAD32237,NHS,3,iccad3
NHSCAD31724.png,NHSCAD31724,NHS,4,iccad3
NHSCAD33122.png,NHSCAD33122,NHS,1,iccad3
HSCAD3466.png,HSCAD3466,HS,4,iccad3
HSCAD3531.png,HSCAD3531,HS,1,iccad3
HSCAD3501.png,HSCAD3501,HS,3,iccad3
NHSCAD34433.png,NHSCAD34433,NHS,2,iccad3
NHSCAD32465.png,NHSCAD32465,NHS,4,iccad3
NHSCAD31799.png,NHSCAD31799,NHS,2,iccad3
NHSCAD33363.png,NHSCAD33363,NHS,3,iccad3
NHSCAD34289.png,NHSCAD34289,NHS,3,iccad3
NHSCAD34102.png,NHSCAD34102,NHS,0,iccad3
NHSCAD34972.png,NHSCAD34972,NHS,2,iccad3
NHSCAD33564.png,NHSCAD33564,NHS,2,iccad3
NHSCAD3957.png,NHSCAD3957,NHS,4,iccad3
NHSCAD32898.png,NHSCAD32898,NHS,0,iccad3
NHSCAD34046.png,NHSCAD34046,NHS,0,iccad3
HSCAD399.png,HSCAD399,HS,3,iccad3
NHSCAD31972.png,NHSCAD31972,NHS,2,iccad3
NHSCAD32046.png,NHSCAD32046,NHS,0,iccad3
NHSCAD35479.png,NHSCAD35479,NHS,0,iccad3
NHSCAD33068.png,NHSCAD33068,NHS,4,iccad3
NHSCAD31462.png,NHSCAD31462,NHS,1,iccad3
NHSCAD34389.png,NHSCAD34389,NHS,2,iccad3
NHSCAD31842.png,NHSCAD31842,NHS,2,iccad3
NHSCAD34709.png,NHSCAD34709,NHS,3,iccad3
NHSCAD31713.png,NHSCAD31713,NHS,2,iccad3
NHSCAD33106.png,NHSCAD33106,NHS,0,iccad3
NHSCAD34223.png,NHSCAD34223,NHS,2,iccad3
NHSCAD33663.png,NHSCAD33663,NHS,2,iccad3
NHSCAD33318.png,NHSCAD33318,NHS,2,iccad3
NHSCAD33145.png,NHSCAD33145,NHS,2,iccad3
NHSCAD31363.png,NHSCAD31363,NHS,1,iccad3
NHSCAD32280.png,NHSCAD32280,NHS,4,iccad3
HSCAD3349.png,HSCAD3349,HS,0,iccad3
NHSCAD34375.png,NHSCAD34375,NHS,2,iccad3
HSCAD3715.png,HSCAD3715,HS,0,iccad3
NHSCAD3968.png,NHSCAD3968,NHS,1,iccad3
HSCAD3246.png,HSCAD3246,HS,3,iccad3
HSCAD3835.png,HSCAD3835,HS,4,iccad3
NHSCAD31108.png,NHSCAD31108,NHS,2,iccad3
NHSCAD34927.png,NHSCAD34927,NHS,2,iccad3
NHSCAD35450.png,NHSCAD35450,NHS,4,iccad3
NHSCAD32550.png,NHSCAD32550,NHS,4,iccad3
NHSCAD33635.png,NHSCAD33635,NHS,3,iccad3
NHSCAD33044.png,NHSCAD33044,NHS,2,iccad3
NHSCAD34216.png,NHSCAD34216,NHS,0,iccad3
NHSCAD31769.png,NHSCAD31769,NHS,2,iccad3
NHSCAD33335.png,NHSCAD33335,NHS,3,iccad3
NHSCAD33949.png,NHSCAD33949,NHS,3,iccad3
NHSCAD33608.png,NHSCAD33608,NHS,1,iccad3
NHSCAD34412.png,NHSCAD34412,NHS,0,iccad3
NHSCAD33885.png,NHSCAD33885,NHS,4,iccad3
NHSCAD34336.png,NHSCAD34336,NHS,0,iccad3
HSCAD3681.png,HSCAD3681,HS,1,iccad3
NHSCAD34346.png,NHSCAD34346,NHS,2,iccad3
NHSCAD34054.png,NHSCAD34054,NHS,3,iccad3
NHSCAD32570.png,NHSCAD32570,NHS,3,iccad3
NHSCAD33569.png,NHSCAD33569,NHS,3,iccad3
NHSCAD31981.png,NHSCAD31981,NHS,0,iccad3
NHSCAD34584.png,NHSCAD34584,NHS,3,iccad3
NHSCAD34011.png,NHSCAD34011,NHS,0,iccad3
NHSCAD34993.png,NHSCAD34993,NHS,1,iccad3
NHSCAD34957.png,NHSCAD34957,NHS,1,iccad3
NHSCAD32449.png,NHSCAD32449,NHS,3,iccad3
NHSCAD32157.png,NHSCAD32157,NHS,2,iccad3
HSCAD381.png,HSCAD381,HS,2,iccad3
NHSCAD35518.png,NHSCAD35518,NHS,1,iccad3
NHSCAD33762.png,NHSCAD33762,NHS,0,iccad3
NHSCAD33520.png,NHSCAD33520,NHS,4,iccad3
NHSCAD32269.png,NHSCAD32269,NHS,1,iccad3
NHSCAD33464.png,NHSCAD33464,NHS,4,iccad3
NHSCAD35051.png,NHSCAD35051,NHS,0,iccad3
NHSCAD32264.png,NHSCAD32264,NHS,1,iccad3
NHSCAD31103.png,NHSCAD31103,NHS,1,iccad3
NHSCAD35310.png,NHSCAD35310,NHS,4,iccad3
NHSCAD31477.png,NHSCAD31477,NHS,0,iccad3
NHSCAD32692.png,NHSCAD32692,NHS,1,iccad3
NHSCAD34556.png,NHSCAD34556,NHS,0,iccad3
NHSCAD31273.png,NHSCAD31273,NHS,1,iccad3
HSCAD3115.png,HSCAD3115,HS,3,iccad3
NHSCAD34145.png,NHSCAD34145,NHS,4,iccad3
NHSCAD32056.png,NHSCAD32056,NHS,0,iccad3
NHSCAD31473.png,NHSCAD31473,NHS,1,iccad3
HSCAD3200.png,HSCAD3200,HS,3,iccad3
NHSCAD35032.png,NHSCAD35032,NHS,2,iccad3
NHSCAD31111.png,NHSCAD31111,NHS,4,iccad3
NHSCAD35484.png,NHSCAD35484,NHS,4,iccad3
NHSCAD35066.png,NHSCAD35066,NHS,0,iccad3
NHSCAD33717.png,NHSCAD33717,NHS,2,iccad3
NHSCAD33928.png,NHSCAD33928,NHS,2,iccad3
NHSCAD33118.png,NHSCAD33118,NHS,1,iccad3
NHSCAD31960.png,NHSCAD31960,NHS,3,iccad3
NHSCAD33257.png,NHSCAD33257,NHS,1,iccad3
NHSCAD33192.png,NHSCAD33192,NHS,0,iccad3
NHSCAD32297.png,NHSCAD32297,NHS,1,iccad3
NHSCAD34784.png,NHSCAD34784,NHS,2,iccad3
NHSCAD31720.png,NHSCAD31720,NHS,2,iccad3
HSCAD3184.png,HSCAD3184,HS,0,iccad3
NHSCAD35432.png,NHSCAD35432,NHS,0,iccad3
NHSCAD35240.png,NHSCAD35240,NHS,4,iccad3
NHSCAD33703.png,NHSCAD33703,NHS,4,iccad3
HSCAD3880.png,HSCAD3880,HS,2,iccad3
HSCAD3217.png,HSCAD3217,HS,1,iccad3
NHSCAD33535.png,NHSCAD33535,NHS,4,iccad3
NHSCAD32825.png,NHSCAD32825,NHS,1,iccad3
NHSCAD32340.png,NHSCAD32340,NHS,3,iccad3
NHSCAD3987.png,NHSCAD3987,NHS,4,iccad3
NHSCAD35175.png,NHSCAD35175,NHS,1,iccad3
NHSCAD31665.png,NHSCAD31665,NHS,3,iccad3
NHSCAD33715.png,NHSCAD33715,NHS,3,iccad3
NHSCAD32831.png,NHSCAD32831,NHS,0,iccad3
NHSCAD32960.png,NHSCAD32960,NHS,4,iccad3
NHSCAD35473.png,NHSCAD35473,NHS,0,iccad3
NHSCAD34278.png,NHSCAD34278,NHS,2,iccad3
NHSCAD35188.png,NHSCAD35188,NHS,2,iccad3
NHSCAD31991.png,NHSCAD31991,NHS,1,iccad3
NHSCAD33803.png,NHSCAD33803,NHS,1,iccad3
NHSCAD35008.png,NHSCAD35008,NHS,3,iccad3
NHSCAD35103.png,NHSCAD35103,NHS,2,iccad3
NHSCAD32869.png,NHSCAD32869,NHS,0,iccad3
NHSCAD33879.png,NHSCAD33879,NHS,2,iccad3
NHSCAD35210.png,NHSCAD35210,NHS,3,iccad3
HSCAD3289.png,HSCAD3289,HS,1,iccad3
NHSCAD33305.png,NHSCAD33305,NHS,4,iccad3
NHSCAD31394.png,NHSCAD31394,NHS,3,iccad3
NHSCAD33316.png,NHSCAD33316,NHS,0,iccad3
HSCAD3110.png,HSCAD3110,HS,3,iccad3
HSCAD3335.png,HSCAD3335,HS,4,iccad3
NHSCAD35185.png,NHSCAD35185,NHS,1,iccad3
NHSCAD33420.png,NHSCAD33420,NHS,4,iccad3
HSCAD3163.png,HSCAD3163,HS,2,iccad3
NHSCAD32823.png,NHSCAD32823,NHS,0,iccad3
NHSCAD31989.png,NHSCAD31989,NHS,1,iccad3
NHSCAD34544.png,NHSCAD34544,NHS,3,iccad3
HSCAD3260.png,HSCAD3260,HS,0,iccad3
NHSCAD32800.png,NHSCAD32800,NHS,4,iccad3
HSCAD3494.png,HSCAD3494,HS,4,iccad3
NHSCAD33606.png,NHSCAD33606,NHS,4,iccad3
NHSCAD32543.png,NHSCAD32543,NHS,0,iccad3
NHSCAD32127.png,NHSCAD32127,NHS,3,iccad3
NHSCAD32246.png,NHSCAD32246,NHS,2,iccad3
NHSCAD32504.png,NHSCAD32504,NHS,1,iccad3
NHSCAD33688.png,NHSCAD33688,NHS,1,iccad3
NHSCAD31808.png,NHSCAD31808,NHS,3,iccad3
NHSCAD33383.png,NHSCAD33383,NHS,1,iccad3
HSCAD3467.png,HSCAD3467,HS,1,iccad3
NHSCAD34331.png,NHSCAD34331,NHS,0,iccad3
NHSCAD31920.png,NHSCAD31920,NHS,2,iccad3
NHSCAD33421.png,NHSCAD33421,NHS,0,iccad3
NHSCAD31447.png,NHSCAD31447,NHS,2,iccad3
NHSCAD35467.png,NHSCAD35467,NHS,3,iccad3
NHSCAD33082.png,NHSCAD33082,NHS,1,iccad3
NHSCAD32440.png,NHSCAD32440,NHS,4,iccad3
HSCAD3393.png,HSCAD3393,HS,1,iccad3
NHSCAD34968.png,NHSCAD34968,NHS,4,iccad3
NHSCAD33025.png,NHSCAD33025,NHS,2,iccad3
HSCAD3100.png,HSCAD3100,HS,2,iccad3
NHSCAD31819.png,NHSCAD31819,NHS,2,iccad3
NHSCAD32284.png,NHSCAD32284,NHS,3,iccad3
NHSCAD34935.png,NHSCAD34935,NHS,4,iccad3
NHSCAD31947.png,NHSCAD31947,NHS,4,iccad3
HSCAD3343.png,HSCAD3343,HS,4,iccad3
NHSCAD32827.png,NHSCAD32827,NHS,2,iccad3
NHSCAD33754.png,NHSCAD33754,NHS,3,iccad3
NHSCAD35483.png,NHSCAD35483,NHS,3,iccad3
NHSCAD31212.png,NHSCAD31212,NHS,1,iccad3
NHSCAD33860.png,NHSCAD33860,NHS,4,iccad3
NHSCAD34958.png,NHSCAD34958,NHS,2,iccad3
NHSCAD31869.png,NHSCAD31869,NHS,1,iccad3
HSCAD3504.png,HSCAD3504,HS,1,iccad3
NHSCAD33431.png,NHSCAD33431,NHS,2,iccad3
NHSCAD32833.png,NHSCAD32833,NHS,2,iccad3
NHSCAD35136.png,NHSCAD35136,NHS,4,iccad3
NHSCAD31625.png,NHSCAD31625,NHS,4,iccad3
NHSCAD32864.png,NHSCAD32864,NHS,0,iccad3
NHSCAD33963.png,NHSCAD33963,NHS,2,iccad3
NHSCAD31993.png,NHSCAD31993,NHS,2,iccad3
NHSCAD32003.png,NHSCAD32003,NHS,1,iccad3
NHSCAD34730.png,NHSCAD34730,NHS,4,iccad3
NHSCAD33170.png,NHSCAD33170,NHS,3,iccad3
NHSCAD34745.png,NHSCAD34745,NHS,4,iccad3
NHSCAD33921.png,NHSCAD33921,NHS,0,iccad3
NHSCAD32215.png,NHSCAD32215,NHS,3,iccad3
NHSCAD33356.png,NHSCAD33356,NHS,0,iccad3
NHSCAD32861.png,NHSCAD32861,NHS,1,iccad3
NHSCAD33828.png,NHSCAD33828,NHS,2,iccad3
HSCAD3280.png,HSCAD3280,HS,2,iccad3
NHSCAD32666.png,NHSCAD32666,NHS,2,iccad3
NHSCAD33858.png,NHSCAD33858,NHS,1,iccad3
NHSCAD31667.png,NHSCAD31667,NHS,0,iccad3
NHSCAD33850.png,NHSCAD33850,NHS,4,iccad3
NHSCAD31579.png,NHSCAD31579,NHS,3,iccad3
NHSCAD33735.png,NHSCAD33735,NHS,4,iccad3
NHSCAD33343.png,NHSCAD33343,NHS,2,iccad3
NHSCAD33560.png,NHSCAD33560,NHS,4,iccad3
NHSCAD31840.png,NHSCAD31840,NHS,2,iccad3
NHSCAD32974.png,NHSCAD32974,NHS,2,iccad3
NHSCAD35072.png,NHSCAD35072,NHS,1,iccad3
NHSCAD33303.png,NHSCAD33303,NHS,1,iccad3
NHSCAD34715.png,NHSCAD34715,NHS,4,iccad3
NHSCAD32205.png,NHSCAD32205,NHS,4,iccad3
NHSCAD33677.png,NHSCAD33677,NHS,1,iccad3
NHSCAD33358.png,NHSCAD33358,NHS,3,iccad3
HSCAD33.png,HSCAD33,HS,2,iccad3
NHSCAD31605.png,NHSCAD31605,NHS,4,iccad3
NHSCAD32917.png,NHSCAD32917,NHS,1,iccad3
NHSCAD31065.png,NHSCAD31065,NHS,4,iccad3
NHSCAD31454.png,NHSCAD31454,NHS,3,iccad3
NHSCAD34266.png,NHSCAD34266,NHS,0,iccad3
NHSCAD33538.png,NHSCAD33538,NHS,2,iccad3
NHSCAD34882.png,NHSCAD34882,NHS,1,iccad3
NHSCAD31498.png,NHSCAD31498,NHS,2,iccad3
NHSCAD31762.png,NHSCAD31762,NHS,4,iccad3
HSCAD376.png,HSCAD376,HS,3,iccad3
NHSCAD32600.png,NHSCAD32600,NHS,4,iccad3
NHSCAD33337.png,NHSCAD33337,NHS,0,iccad3
NHSCAD33854.png,NHSCAD33854,NHS,3,iccad3
HSCAD3842.png,HSCAD3842,HS,0,iccad3
HSCAD3320.png,HSCAD3320,HS,1,iccad3
NHSCAD31733.png,NHSCAD31733,NHS,3,iccad3
HSCAD3611.png,HSCAD3611,HS,0,iccad3
NHSCAD31864.png,NHSCAD31864,NHS,2,iccad3
NHSCAD32319.png,NHSCAD32319,NHS,2,iccad3
HSCAD3125.png,HSCAD3125,HS,0,iccad3
NHSCAD32646.png,NHSCAD32646,NHS,0,iccad3
NHSCAD33601.png,NHSCAD33601,NHS,4,iccad3
NHSCAD32536.png,NHSCAD32536,NHS,1,iccad3
NHSCAD34686.png,NHSCAD34686,NHS,0,iccad3
NHSCAD34008.png,NHSCAD34008,NHS,1,iccad3
NHSCAD33128.png,NHSCAD33128,NHS,1,iccad3
NHSCAD33832.png,NHSCAD33832,NHS,1,iccad3
HSCAD3568.png,HSCAD3568,HS,1,iccad3
NHSCAD31845.png,NHSCAD31845,NHS,1,iccad3
NHSCAD31154.png,NHSCAD31154,NHS,4,iccad3
NHSCAD33619.png,NHSCAD33619,NHS,2,iccad3
HSCAD3516.png,HSCAD3516,HS,4,iccad3
HSCAD3471.png,HSCAD3471,HS,3,iccad3
NHSCAD33910.png,NHSCAD33910,NHS,4,iccad3
HSCAD3445.png,HSCAD3445,HS,2,iccad3
NHSCAD31153.png,NHSCAD31153,NHS,1,iccad3
NHSCAD31628.png,NHSCAD31628,NHS,3,iccad3
NHSCAD34904.png,NHSCAD34904,NHS,4,iccad3
HSCAD395.png,HSCAD395,HS,1,iccad3
NHSCAD34263.png,NHSCAD34263,NHS,2,iccad3
NHSCAD33791.png,NHSCAD33791,NHS,0,iccad3
NHSCAD31067.png,NHSCAD31067,NHS,3,iccad3
NHSCAD32815.png,NHSCAD32815,NHS,3,iccad3
NHSCAD32068.png,NHSCAD32068,NHS,2,iccad3
NHSCAD34295.png,NHSCAD34295,NHS,4,iccad3
HSCAD3549.png,HSCAD3549,HS,0,iccad3
NHSCAD34233.png,NHSCAD34233,NHS,4,iccad3
NHSCAD33800.png,NHSCAD33800,NHS,3,iccad3
NHSCAD44070.png,NHSCAD44070,NHS,3,iccad4
NHSCAD4562.png,NHSCAD4562,NHS,4,iccad4
NHSCAD42858.png,NHSCAD42858,NHS,3,iccad4
NHSCAD42250.png,NHSCAD42250,NHS,0,iccad4
NHSCAD41132.png,NHSCAD41132,NHS,3,iccad4
NHSCAD42996.png,NHSCAD42996,NHS,1,iccad4
NHSCAD41058.png,NHSCAD41058,NHS,4,iccad4
NHSCAD4218.png,NHSCAD4218,NHS,2,iccad4
NHSCAD42365.png,NHSCAD42365,NHS,4,iccad4
NHSCAD43215.png,NHSCAD43215,NHS,2,iccad4
NHSCAD41264.png,NHSCAD41264,NHS,4,iccad4
NHSCAD41171.png,NHSCAD41171,NHS,4,iccad4
NHSCAD42625.png,NHSCAD42625,NHS,2,iccad4
NHSCAD42149.png,NHSCAD42149,NHS,3,iccad4
NHSCAD4142.png,NHSCAD4142,NHS,2,iccad4
NHSCAD41975.png,NHSCAD41975,NHS,4,iccad4
NHSCAD41529.png,NHSCAD41529,NHS,0,iccad4
NHSCAD43430.png,NHSCAD43430,NHS,2,iccad4
NHSCAD43319.png,NHSCAD43319,NHS,0,iccad4
NHSCAD42790.png,NHSCAD42790,NHS,0,iccad4
NHSCAD41163.png,NHSCAD41163,NHS,0,iccad4
NHSCAD41044.png,NHSCAD41044,NHS,4,iccad4
NHSCAD4818.png,NHSCAD4818,NHS,0,iccad4
NHSCAD43909.png,NHSCAD43909,NHS,3,iccad4
NHSCAD42683.png,NHSCAD42683,NHS,1,iccad4
NHSCAD42553.png,NHSCAD42553,NHS,3,iccad4
NHSCAD42855.png,NHSCAD42855,NHS,4,iccad4
NHSCAD42410.png,NHSCAD42410,NHS,4,iccad4
NHSCAD41256.png,NHSCAD41256,NHS,1,iccad4
NHSCAD41499.png,NHSCAD41499,NHS,4,iccad4
NHSCAD4221.png,NHSCAD4221,NHS,1,iccad4
NHSCAD4849.png,NHSCAD4849,NHS,2,iccad4
NHSCAD42990.png,NHSCAD42990,NHS,0,iccad4
NHSCAD42744.png,NHSCAD42744,NHS,3,iccad4
NHSCAD44217.png,NHSCAD44217,NHS,4,iccad4
HSCAD440.png,HSCAD440,HS,0,iccad4
NHSCAD41320.png,NHSCAD41320,NHS,2,iccad4
NHSCAD4503.png,NHSCAD4503,NHS,0,iccad4
NHSCAD41840.png,NHSCAD41840,NHS,0,iccad4
NHSCAD4154.png,NHSCAD4154,NHS,4,iccad4
NHSCAD42851.png,NHSCAD42851,NHS,2,iccad4
NHSCAD4320.png,NHSCAD4320,NHS,0,iccad4
NHSCAD41344.png,NHSCAD41344,NHS,3,iccad4
NHSCAD44161.png,NHSCAD44161,NHS,4,iccad4
NHSCAD41694.png,NHSCAD41694,NHS,4,iccad4
HSCAD422.png,HSCAD422,HS,2,iccad4
NHSCAD44403.png,NHSCAD44403,NHS,2,iccad4
NHSCAD41883.png,NHSCAD41883,NHS,1,iccad4
NHSCAD44139.png,NHSCAD44139,NHS,4,iccad4
NHSCAD4789.png,NHSCAD4789,NHS,2,iccad4
NHSCAD4583.png,NHSCAD4583,NHS,2,iccad4
NHSCAD42904.png,NHSCAD42904,NHS,1,iccad4
NHSCAD41154.png,NHSCAD41154,NHS,0,iccad4
NHSCAD44171.png,NHSCAD44171,NHS,4,iccad4
NHSCAD42887.png,NHSCAD42887,NHS,4,iccad4
NHSCAD42264.png,NHSCAD42264,NHS,4,iccad4
NHSCAD4917.png,NHSCAD4917,NHS,3,iccad4
NHSCAD44109.png,NHSCAD44109,NHS,0,iccad4
NHSCAD41780.png,NHSCAD41780,NHS,4,iccad4
NHSCAD42685.png,NHSCAD42685,NHS,3,iccad4
NHSCAD41302.png,NHSCAD41302,NHS,2,iccad4
NHSCAD42941.png,NHSCAD42941,NHS,4,iccad4
NHSCAD42813.png,NHSCAD42813,NHS,0,iccad4
NHSCAD41255.png,NHSCAD41255,NHS,0,iccad4
NHSCAD4291.png,NHSCAD4291,NHS,4,iccad4
NHSCAD41514.png,NHSCAD41514,NHS,2,iccad4
NHSCAD4684.png,NHSCAD4684,NHS,0,iccad4
NHSCAD44418.png,NHSCAD44418,NHS,3,iccad4
NHSCAD41147.png,NHSCAD41147,NHS,3,iccad4
NHSCAD43568.png,NHSCAD43568,NHS,3,iccad4
NHSCAD44357.png,NHSCAD44357,NHS,3,iccad4
NHSCAD43634.png,NHSCAD43634,NHS,2,iccad4
NHSCAD42494.png,NHSCAD42494,NHS,3,iccad4
NHSCAD43256.png,NHSCAD43256,NHS,1,iccad4
NHSCAD41473.png,NHSCAD41473,NHS,1,iccad4
NHSCAD41872.png,NHSCAD41872,NHS,0,iccad4
NHSCAD42442.png,NHSCAD42442,NHS,3,iccad4
NHSCAD41122.png,NHSCAD41122,NHS,0,iccad4
NHSCAD41808.png,NHSCAD41808,NHS,4,iccad4
NHSCAD42145.png,NHSCAD42145,NHS,0,iccad4
NHSCAD42785.png,NHSCAD42785,NHS,3,iccad4
NHSCAD44400.png,NHSCAD44400,NHS,4,iccad4
NHSCAD41584.png,NHSCAD41584,NHS,3,iccad4
NHSCAD43734.png,NHSCAD43734,NHS,0,iccad4
NHSCAD4580.png,NHSCAD4580,NHS,1,iccad4
NHSCAD43555.png,NHSCAD43555,NHS,0,iccad4
NHSCAD41917.png,NHSCAD41917,NHS,3,iccad4
NHSCAD41443.png,NHSCAD41443,NHS,4,iccad4
NHSCAD4590.png,NHSCAD4590,NHS,1,iccad4
NHSCAD43703.png,NHSCAD43703,NHS,3,iccad4
NHSCAD41884.png,NHSCAD41884,NHS,2,iccad4
NHSCAD42459.png,NHSCAD42459,NHS,0,iccad4
NHSCAD42755.png,NHSCAD42755,NHS,1,iccad4
NHSCAD4186.png,NHSCAD4186,NHS,1,iccad4
NHSCAD44458.png,NHSCAD44458,NHS,2,iccad4
NHSCAD44455.png,NHSCAD44455,NHS,4,iccad4
NHSCAD4557.png,NHSCAD4557,NHS,4,iccad4
NHSCAD42428.png,NHSCAD42428,NHS,1,iccad4
NHSCAD44475.png,NHSCAD44475,NHS,4,iccad4
NHSCAD4417.png,NHSCAD4417,NHS,2,iccad4
NHSCAD42589.png,NHSCAD42589,NHS,2,iccad4
NHSCAD41643.png,NHSCAD41643,NHS,2,iccad4
NHSCAD4651.png,NHSCAD4651,NHS,3,iccad4
NHSCAD42832.png,NHSCAD42832,NHS,1,iccad4
NHSCAD43456.png,NHSCAD43456,NHS,3,iccad4
NHSCAD43450.png,NHSCAD43450,NHS,3,iccad4
NHSCAD42439.png,NHSCAD42439,NHS,2,iccad4
NHSCAD43572.png,NHSCAD43572,NHS,0,iccad4
NHSCAD41064.png,NHSCAD41064,NHS,3,iccad4
NHSCAD41184.png,NHSCAD41184,NHS,4,iccad4
NHSCAD4168.png,NHSCAD4168,NHS,2,iccad4
NHSCAD41212.png,NHSCAD41212,NHS,4,iccad4
NHSCAD43489.png,NHSCAD43489,NHS,3,iccad4
NHSCAD41911.png,NHSCAD41911,NHS,2,iccad4
NHSCAD43709.png,NHSCAD43709,NHS,1,iccad4
NHSCAD43138.png,NHSCAD43138,NHS,4,iccad4
NHSCAD43162.png,NHSCAD43162,NHS,2,iccad4
NHSCAD4836.png,NHSCAD4836,NHS,1,iccad4
NHSCAD42257.png,NHSCAD42257,NHS,2,iccad4
NHSCAD44104.png,NHSCAD44104,NHS,0,iccad4
NHSCAD44280.png,NHSCAD44280,NHS,4,iccad4
NHSCAD42822.png,NHSCAD42822,NHS,0,iccad4
NHSCAD4504.png,NHSCAD4504,NHS,1,iccad4
NHSCAD44483.png,NHSCAD44483,NHS,3,iccad4
NHSCAD44151.png,NHSCAD44151,NHS,2,iccad4
NHSCAD41816.png,NHSCAD41816,NHS,3,iccad4
HSCAD460.png,HSCAD460,HS,2,iccad4
NHSCAD42172.png,NHSCAD42172,NHS,0,iccad4
NHSCAD43368.png,NHSCAD43368,NHS,3,iccad4
NHSCAD43796.png,NHSCAD43796,NHS,1,iccad4
NHSCAD4594.png,NHSCAD4594,NHS,0,iccad4
NHSCAD43573.png,NHSCAD43573,NHS,3,iccad4
NHSCAD4458.png,NHSCAD4458,NHS,0,iccad4
NHSCAD42165.png,NHSCAD42165,NHS,4,iccad4
NHSCAD42978.png,NHSCAD42978,NHS,1,iccad4
NHSCAD4253.png,NHSCAD4253,NHS,2,iccad4
NHSCAD41983.png,NHSCAD41983,NHS,2,iccad4
NHSCAD43914.png,NHSCAD43914,NHS,0,iccad4
NHSCAD43545.png,NHSCAD43545,NHS,3,iccad4
NHSCAD41575.png,NHSCAD41575,NHS,3,iccad4
NHSCAD42949.png,NHSCAD42949,NHS,3,iccad4
NHSCAD43509.png,NHSCAD43509,NHS,3,iccad4
NHSCAD42028.png,NHSCAD42028,NHS,1,iccad4
NHSCAD4820.png,NHSCAD4820,NHS,4,iccad4
NHSCAD4211.png,NHSCAD4211,NHS,1,iccad4
NHSCAD41571.png,NHSCAD41571,NHS,4,iccad4
NHSCAD41406.png,NHSCAD41406,NHS,4,iccad4
NHSCAD43486.png,NHSCAD43486,NHS,0,iccad4
NHSCAD43949.png,NHSCAD43949,NHS,4,iccad4
NHSCAD4763.png,NHSCAD4763,NHS,2,iccad4
NHSCAD44051.png,NHSCAD44051,NHS,3,iccad4
NHSCAD44033.png,NHSCAD44033,NHS,3,iccad4
NHSCAD4812.png,NHSCAD4812,NHS,3,iccad4
NHSCAD4977.png,NHSCAD4977,NHS,2,iccad4
NHSCAD41939.png,NHSCAD41939,NHS,4,iccad4
NHSCAD43718.png,NHSCAD43718,NHS,1,iccad4
NHSCAD41867.png,NHSCAD41867,NHS,4,iccad4
NHSCAD4880.png,NHSCAD4880,NHS,4,iccad4
NHSCAD43298.png,NHSCAD43298,NHS,2,iccad4
HSCAD493.png,HSCAD493,HS,3,iccad4
NHSCAD42525.png,NHSCAD42525,NHS,2,iccad4
NHSCAD4934.png,NHSCAD4934,NHS,2,iccad4
NHSCAD41587.png,NHSCAD41587,NHS,0,iccad4
NHSCAD41880.png,NHSCAD41880,NHS,4,iccad4
NHSCAD41139.png,NHSCAD41139,NHS,2,iccad4
NHSCAD42020.png,NHSCAD42020,NHS,3,iccad4
NHSCAD4671.png,NHSCAD4671,NHS,3,iccad4
NHSCAD41521.png,NHSCAD41521,NHS,3,iccad4
NHSCAD41435.png,NHSCAD41435,NHS,3,iccad4
NHSCAD41275.png,NHSCAD41275,NHS,2,iccad4
NHSCAD41564.png,NHSCAD41564,NHS,0,iccad4
NHSCAD43378.png,NHSCAD43378,NHS,0,iccad4
NHSCAD42967.png,NHSCAD42967,NHS,3,iccad4
HSCAD424.png,HSCAD424,HS,1,iccad4
NHSCAD43220.png,NHSCAD43220,NHS,3,iccad4
NHSCAD41057.png,NHSCAD41057,NHS,3,iccad4
NHSCAD4118.png,NHSCAD4118,NHS,4,iccad4
NHSCAD41020.png,NHSCAD41020,NHS,3,iccad4
NHSCAD42447.png,NHSCAD42447,NHS,3,iccad4
NHSCAD4867.png,NHSCAD4867,NHS,3,iccad4
NHSCAD4561.png,NHSCAD4561,NHS,3,iccad4
NHSCAD42779.png,NHSCAD42779,NHS,4,iccad4
NHSCAD42901.png,NHSCAD42901,NHS,0,iccad4
NHSCAD44401.png,NHSCAD44401,NHS,0,iccad4
NHSCAD44204.png,NHSCAD44204,NHS,1,iccad4
NHSCAD43349.png,NHSCAD43349,NHS,4,iccad4
NHSCAD42288.png,NHSCAD42288,NHS,1,iccad4
NHSCAD41637.png,NHSCAD41637,NHS,3,iccad4
NHSCAD42748.png,NHSCAD42748,NHS,2,iccad4
NHSCAD43188.png,NHSCAD43188,NHS,3,iccad4
NHSCAD4968.png,NHSCAD4968,NHS,2,iccad4
NHSCAD41168.png,NHSCAD41168,NHS,0,iccad4
NHSCAD43628.png,NHSCAD43628,NHS,0,iccad4
NHSCAD43808.png,NHSCAD43808,NHS,4,iccad4
NHSCAD41619.png,NHSCAD41619,NHS,0,iccad4
NHSCAD4927.png,NHSCAD4927,NHS,3,iccad4
NHSCAD41136.png,NHSCAD41136,NHS,0,iccad4
NHSCAD44172.png,NHSCAD44172,NHS,1,iccad4
NHSCAD4553.png,NHSCAD4553,NHS,2,iccad4
NHSCAD4869.png,NHSCAD4869,NHS,2,iccad4
NHSCAD43409.png,NHSCAD43409,NHS,0,iccad4
NHSCAD43335.png,NHSCAD43335,NHS,3,iccad4
NHSCAD41774.png,NHSCAD41774,NHS,2,iccad4
NHSCAD41666.png,NHSCAD41666,NHS,2,iccad4
NHSCAD41215.png,NHSCAD41215,NHS,1,iccad4
NHSCAD4615.png,NHSCAD4615,NHS,1,iccad4
NHSCAD42444.png,NHSCAD42444,NHS,2,iccad4
NHSCAD44016.png,NHSCAD44016,NHS,2,iccad4
NHSCAD42048.png,NHSCAD42048,NHS,2,iccad4
NHSCAD42867.png,NHSCAD42867,NHS,3,iccad4
NHSCAD41357.png,NHSCAD41357,NHS,2,iccad4
NHSCAD43116.png,NHSCAD43116,NHS,0,iccad4
NHSCAD42440.png,NHSCAD42440,NHS,0,iccad4
NHSCAD4497.png,NHSCAD4497,NHS,4,iccad4
NHSCAD44416.png,NHSCAD44416,NHS,1,iccad4
NHSCAD42186.png,NHSCAD42186,NHS,0,iccad4
NHSCAD44032.png,NHSCAD44032,NHS,1,iccad4
NHSCAD4398.png,NHSCAD4398,NHS,2,iccad4
NHSCAD43204.png,NHSCAD43204,NHS,0,iccad4
NHSCAD44219.png,NHSCAD44219,NHS,0,iccad4
NHSCAD4196.png,NHSCAD4196,NHS,1,iccad4
NHSCAD4517.png,NHSCAD4517,NHS,4,iccad4
NHSCAD4486.png,NHSCAD4486,NHS,2,iccad4
NHSCAD43849.png,NHSCAD43849,NHS,4,iccad4
NHSCAD41709.png,NHSCAD41709,NHS,1,iccad4
NHSCAD44189.png,NHSCAD44189,NHS,3,iccad4
NHSCAD42057.png,NHSCAD42057,NHS,2,iccad4
NHSCAD43945.png,NHSCAD43945,NHS,0,iccad4
NHSCAD41138.png,NHSCAD41138,NHS,1,iccad4
NHSCAD41822.png,NHSCAD41822,NHS,0,iccad4
NHSCAD43287.png,NHSCAD43287,NHS,1,iccad4
NHSCAD43234.png,NHSCAD43234,NHS,2,iccad4
NHSCAD42497.png,NHSCAD42497,NHS,1,iccad4
NHSCAD42037.png,NHSCAD42037,NHS,4,iccad4
NHSCAD4841.png,NHSCAD4841,NHS,1,iccad4
NHSCAD4761.png,NHSCAD4761,NHS,1,iccad4
NHSCAD44062.png,NHSCAD44062,NHS,4,iccad4
NHSCAD42922.png,NHSCAD42922,NHS,1,iccad4
NHSCAD44270.png,NHSCAD44270,NHS,2,iccad4
NHSCAD4857.png,NHSCAD4857,NHS,3,iccad4
NHSCAD43495.png,NHSCAD43495,NHS,3,iccad4
NHSCAD43019.png,NHSCAD43019,NHS,1,iccad4
NHSCAD44229.png,NHSCAD44229,NHS,1,iccad4
NHSCAD41988.png,NHSCAD41988,NHS,2,iccad4
NHSCAD41750.png,NHSCAD41750,NHS,1,iccad4
NHSCAD4290.png,NHSCAD4290,NHS,1,iccad4
NHSCAD4364.png,NHSCAD4364,NHS,3,iccad4
NHSCAD4752.png,NHSCAD4752,NHS,3,iccad4
NHSCAD43236.png,NHSCAD43236,NHS,0,iccad4
NHSCAD43923.png,NHSCAD43923,NHS,0,iccad4
NHSCAD43142.png,NHSCAD43142,NHS,4,iccad4
NHSCAD43208.png,NHSCAD43208,NHS,3,iccad4
NHSCAD4550.png,NHSCAD4550,NHS,1,iccad4
NHSCAD41145.png,NHSCAD41145,NHS,0,iccad4
NHSCAD41027.png,NHSCAD41027,NHS,0,iccad4
NHSCAD41094.png,NHSCAD41094,NHS,4,iccad4
NHSCAD43975.png,NHSCAD43975,NHS,2,iccad4
NHSCAD43260.png,NHSCAD43260,NHS,2,iccad4
NHSCAD42814.png,NHSCAD42814,NHS,1,iccad4
NHSCAD43254.png,NHSCAD43254,NHS,4,iccad4
NHSCAD42421.png,NHSCAD42421,NHS,3,iccad4
NHSCAD4207.png,NHSCAD4207,NHS,1,iccad4
NHSCAD42010.png,NHSCAD42010,NHS,2,iccad4
HSCAD442.png,HSCAD442,HS,2,iccad4
NHSCAD44130.png,NHSCAD44130,NHS,4,iccad4
NHSCAD4134.png,NHSCAD4134,NHS,3,iccad4
NHSCAD4321.png,NHSCAD4321,NHS,1,iccad4
NHSCAD41486.png,NHSCAD41486,NHS,4,iccad4
NHSCAD43746.png,NHSCAD43746,NHS,1,iccad4
NHSCAD42106.png,NHSCAD42106,NHS,4,iccad4
NHSCAD4743.png,NHSCAD4743,NHS,2,iccad4
NHSCAD41548.png,NHSCAD41548,NHS,3,iccad4
NHSCAD43283.png,NHSCAD43283,NHS,2,iccad4
NHSCAD41043.png,NHSCAD41043,NHS,2,iccad4
NHSCAD41016.png,NHSCAD41016,NHS,2,iccad4
NHSCAD4620.png,NHSCAD4620,NHS,1,iccad4
NHSCAD44132.png,NHSCAD44132,NHS,1,iccad4
NHSCAD43691.png,NHSCAD43691,NHS,4,iccad4
NHSCAD44388.png,NHSCAD44388,NHS,1,iccad4
NHSCAD44267.png,NHSCAD44267,NHS,4,iccad4
NHSCAD43510.png,NHSCAD43510,NHS,1,iccad4
NHSCAD4343.png,NHSCAD4343,NHS,1,iccad4
NHSCAD4932.png,NHSCAD4932,NHS,1,iccad4
NHSCAD44383.png,NHSCAD44383,NHS,3,iccad4
NHSCAD41207.png,NHSCAD41207,NHS,4,iccad4
NHSCAD42067.png,NHSCAD42067,NHS,3,iccad4
NHSCAD4474.png,NHSCAD4474,NHS,1,iccad4
NHSCAD41423.png,NHSCAD41423,NHS,1,iccad4
NHSCAD43785.png,NHSCAD43785,NHS,3,iccad4
NHSCAD4383.png,NHSCAD4383,NHS,3,iccad4
NHSCAD41951.png,NHSCAD41951,NHS,2,iccad4
NHSCAD43210.png,NHSCAD43210,NHS,2,iccad4
NHSCAD44156.png,NHSCAD44156,NHS,2,iccad4
NHSCAD41387.png,NHSCAD41387,NHS,1,iccad4
NHSCAD41034.png,NHSCAD41034,NHS,1,iccad4
NHSCAD42097.png,NHSCAD42097,NHS,4,iccad4
NHSCAD41413.png,NHSCAD41413,NHS,0,iccad4
NHSCAD41828.png,NHSCAD41828,NHS,1,iccad4
NHSCAD41679.png,NHSCAD41679,NHS,0,iccad4
NHSCAD41372.png,NHSCAD41372,NHS,0,iccad4
NHSCAD4259.png,NHSCAD4259,NHS,3,iccad4
NHSCAD42676.png,NHSCAD42676,NHS,3,iccad4
NHSCAD43362.png,NHSCAD43362,NHS,4,iccad4
NHSCAD43725.png,NHSCAD43725,NHS,2,iccad4
NHSCAD4157.png,NHSCAD4157,NHS,2,iccad4
NHSCAD4135.png,NHSCAD4135,NHS,0,iccad4
NHSCAD41938.png,NHSCAD41938,NHS,1,iccad4
NHSCAD4217.png,NHSCAD4217,NHS,4,iccad4
NHSCAD42369.png,NHSCAD42369,NHS,1,iccad4
NHSCAD43375.png,NHSCAD43375,NHS,2,iccad4
NHSCAD42480.png,NHSCAD42480,NHS,3,iccad4
NHSCAD43518.png,NHSCAD43518,NHS,3,iccad4
NHSCAD44534.png,NHSCAD44534,NHS,3,iccad4
NHSCAD42658.png,NHSCAD42658,NHS,3,iccad4
NHSCAD4492.png,NHSCAD4492,NHS,4,iccad4
NHSCAD499.png,NHSCAD499,NHS,1,iccad4
NHSCAD4286.png,NHSCAD4286,NHS,0,iccad4
NHSCAD44238.png,NHSCAD44238,NHS,1,iccad4
NHSCAD44006.png,NHSCAD44006,NHS,3,iccad4
NHSCAD43506.png,NHSCAD43506,NHS,1,iccad4
NHSCAD4401.png,NHSCAD4401,NHS,1,iccad4
NHSCAD4799.png,NHSCAD4799,NHS,2,iccad4
NHSCAD42055.png,NHSCAD42055,NHS,4,iccad4
NHSCAD44133.png,NHSCAD44133,NHS,2,iccad4
NHSCAD4381.png,NHSCAD4381,NHS,1,iccad4
NHSCAD41764.png,NHSCAD41764,NHS,1,iccad4
NHSCAD43148.png,NHSCAD43148,NHS,0,iccad4
NHSCAD44275.png,NHSCAD44275,NHS,4,iccad4
NHSCAD44522.png,NHSCAD44522,NHS,1,iccad4
NHSCAD4729.png,NHSCAD4729,NHS,4,iccad4
NHSCAD4828.png,NHSCAD4828,NHS,0,iccad4
NHSCAD4363.png,NHSCAD4363,NHS,2,iccad4
NHSCAD43238.png,NHSCAD43238,NHS,2,iccad4
NHSCAD43784.png,NHSCAD43784,NHS,4,iccad4
NHSCAD42894.png,NHSCAD42894,NHS,3,iccad4
NHSCAD42910.png,NHSCAD42910,NHS,0,iccad4
NHSCAD4323.png,NHSCAD4323,NHS,3,iccad4
NHSCAD4518.png,NHSCAD4518,NHS,0,iccad4
NHSCAD41062.png,NHSCAD41062,NHS,4,iccad4
NHSCAD42157.png,NHSCAD42157,NHS,2,iccad4
NHSCAD4975.png,NHSCAD4975,NHS,0,iccad4
NHSCAD4578.png,NHSCAD4578,NHS,2,iccad4
NHSCAD42234.png,NHSCAD42234,NHS,3,iccad4
NHSCAD4831.png,NHSCAD4831,NHS,1,iccad4
NHSCAD42782.png,NHSCAD42782,NHS,0,iccad4
NHSCAD4460.png,NHSCAD4460,NHS,3,iccad4
NHSCAD42204.png,NHSCAD42204,NHS,2,iccad4
NHSCAD4182.png,NHSCAD4182,NHS,2,iccad4
NHSCAD4814.png,NHSCAD4814,NHS,2,iccad4
NHSCAD42823.png,NHSCAD42823,NHS,1,iccad4
NHSCAD43339.png,NHSCAD43339,NHS,3,iccad4
NHSCAD44420.png,NHSCAD44420,NHS,1,iccad4
NHSCAD43499.png,NHSCAD43499,NHS,4,iccad4
NHSCAD43733.png,NHSCAD43733,NHS,4,iccad4
NHSCAD42920.png,NHSCAD42920,NHS,2,iccad4
NHSCAD42116.png,NHSCAD42116,NHS,2,iccad4
HSCAD487.png,HSCAD487,HS,0,iccad4
NHSCAD41531.png,NHSCAD41531,NHS,0,iccad4
NHSCAD41821.png,NHSCAD41821,NHS,4,iccad4
NHSCAD41053.png,NHSCAD41053,NHS,4,iccad4
NHSCAD44329.png,NHSCAD44329,NHS,1,iccad4
NHSCAD4706.png,NHSCAD4706,NHS,1,iccad4
NHSCAD43826.png,NHSCAD43826,NHS,4,iccad4
NHSCAD42995.png,NHSCAD42995,NHS,0,iccad4
NHSCAD4214.png,NHSCAD4214,NHS,3,iccad4
NHSCAD41280.png,NHSCAD41280,NHS,3,iccad4
NHSCAD41900.png,NHSCAD41900,NHS,4,iccad4
NHSCAD42239.png,NHSCAD42239,NHS,4,iccad4
NHSCAD4506.png,NHSCAD4506,NHS,3,iccad4
NHSCAD4612.png,NHSCAD4612,NHS,4,iccad4
NHSCAD4537.png,NHSCAD4537,NHS,4,iccad4
NHSCAD41252.png,NHSCAD41252,NHS,2,iccad4
NHSCAD44468.png,NHSCAD44468,NHS,0,iccad4
NHSCAD41214.png,NHSCAD41214,NHS,0,iccad4
NHSCAD44545.png,NHSCAD44545,NHS,0,iccad4
NHSCAD44540.png,NHSCAD44540,NHS,1,iccad4
NHSCAD43312.png,NHSCAD43312,NHS,4,iccad4
NHSCAD42000.png,NHSCAD42000,NHS,1,iccad4
NHSCAD43382.png,NHSCAD43382,NHS,4,iccad4
NHSCAD4878.png,NHSCAD4878,NHS,0,iccad4
NHSCAD42035.png,NHSCAD42035,NHS,3,iccad4
NHSCAD41379.png,NHSCAD41379,NHS,4,iccad4
NHSCAD4770.png,NHSCAD4770,NHS,4,iccad4
NHSCAD42804.png,NHSCAD42804,NHS,0,iccad4
NHSCAD41627.png,NHSCAD41627,NHS,1,iccad4
NHSCAD44137.png,NHSCAD44137,NHS,1,iccad4
NHSCAD42834.png,NHSCAD42834,NHS,3,iccad4
NHSCAD42691.png,NHSCAD42691,NHS,1,iccad4
NHSCAD44195.png,NHSCAD44195,NHS,1,iccad4
NHSCAD42669.png,NHSCAD42669,NHS,4,iccad4
NHSCAD43232.png,NHSCAD43232,NHS,4,iccad4
NHSCAD41337.png,NHSCAD41337,NHS,1,iccad4
NHSCAD41240.png,NHSCAD41240,NHS,0,iccad4
NHSCAD42346.png,NHSCAD42346,NHS,1,iccad4
NHSCAD43015.png,NHSCAD43015,NHS,2,iccad4
NHSCAD43279.png,NHSCAD43279,NHS,2,iccad4
NHSCAD44333.png,NHSCAD44333,NHS,2,iccad4
NHSCAD42372.png,NHSCAD42372,NHS,0,iccad4
NHSCAD4449.png,NHSCAD4449,NHS,1,iccad4
NHSCAD42130.png,NHSCAD42130,NHS,3,iccad4
NHSCAD41397.png,NHSCAD41397,NHS,4,iccad4
NHSCAD43654.png,NHSCAD43654,NHS,4,iccad4
NHSCAD4456.png,NHSCAD4456,NHS,2,iccad4
NHSCAD41861.png,NHSCAD41861,NHS,3,iccad4
NHSCAD41629.png,NHSCAD41629,NHS,0,iccad4
NHSCAD4969.png,NHSCAD4969,NHS,3,iccad4
NHSCAD42227.png,NHSCAD42227,NHS,0,iccad4
NHSCAD41463.png,NHSCAD41463,NHS,3,iccad4
NHSCAD43592.png,NHSCAD43592,NHS,2,iccad4
NHSCAD42695.png,NHSCAD42695,NHS,0,iccad4
NHSCAD42184.png,NHSCAD42184,NHS,2,iccad4
NHSCAD44320.png,NHSCAD44320,NHS,3,iccad4
NHSCAD41866.png,NHSCAD41866,NHS,3,iccad4
NHSCAD43302.png,NHSCAD43302,NHS,3,iccad4
NHSCAD42780.png,NHSCAD42780,NHS,3,iccad4
NHSCAD4296.png,NHSCAD4296,NHS,1,iccad4
NHSCAD43941.png,NHSCAD43941,NHS,3,iccad4
NHSCAD41675.png,NHSCAD41675,NHS,2,iccad4
NHSCAD43840.png,NHSCAD43840,NHS,0,iccad4
NHSCAD41144.png,NHSCAD41144,NHS,4,iccad4
NHSCAD41441.png,NHSCAD41441,NHS,1,iccad4
NHSCAD4948.png,NHSCAD4948,NHS,0,iccad4
NHSCAD44180.png,NHSCAD44180,NHS,4,iccad4
NHSCAD43755.png,NHSCAD43755,NHS,1,iccad4
NHSCAD43475.png,NHSCAD43475,NHS,3,iccad4
NHSCAD4718.png,NHSCAD4718,NHS,2,iccad4
NHSCAD41620.png,NHSCAD41620,NHS,3,iccad4
NHSCAD41232.png,NHSCAD41232,NHS,1,iccad4
NHSCAD43314.png,NHSCAD43314,NHS,1,iccad4
HSCAD42.png,HSCAD42,HS,1,iccad4
NHSCAD44224.png,NHSCAD44224,NHS,2,iccad4
NHSCAD4976.png,NHSCAD4976,NHS,1,iccad4
HSCAD476.png,HSCAD476,HS,4,iccad4
NHSCAD41664.png,NHSCAD41664,NHS,3,iccad4
NHSCAD43487.png,NHSCAD43487,NHS,1,iccad4
NHSCAD42846.png,NHSCAD42846,NHS,1,iccad4
NHSCAD43357.png,NHSCAD43357,NHS,2,iccad4
NHSCAD44110.png,NHSCAD44110,NHS,2,iccad4
NHSCAD41271.png,NHSCAD41271,NHS,3,iccad4
NHSCAD43207.png,NHSCAD43207,NHS,4,iccad4
NHSCAD43894.png,NHSCAD43894,NHS,4,iccad4
NHSCAD43273.png,NHSCAD43273,NHS,4,iccad4
NHSCAD42637.png,NHSCAD42637,NHS,4,iccad4
NHSCAD41622.png,NHSCAD41622,NHS,1,iccad4
NHSCAD44107.png,NHSCAD44107,NHS,3,iccad4
NHSCAD4336.png,NHSCAD4336,NHS,0,iccad4
NHSCAD42314.png,NHSCAD42314,NHS,4,iccad4
NHSCAD42370.png,NHSCAD42370,NHS,2,iccad4
NHSCAD41724.png,NHSCAD41724,NHS,3,iccad4
NHSCAD4384.png,NHSCAD4384,NHS,4,iccad4
NHSCAD44232.png,NHSCAD44232,NHS,0,iccad4
NHSCAD4702.png,NHSCAD4702,NHS,3,iccad4
NHSCAD41924.png,NHSCAD41924,NHS,4,iccad4
NHSCAD4640.png,NHSCAD4640,NHS,1,iccad4
NHSCAD42395.png,NHSCAD42395,NHS,0,iccad4
NHSCAD4147.png,NHSCAD4147,NHS,2,iccad4
NHSCAD4899.png,NHSCAD4899,NHS,2,iccad4
NHSCAD4156.png,NHSCAD4156,NHS,0,iccad4
NHSCAD42570.png,NHSCAD42570,NHS,2,iccad4
NHSCAD42228.png,NHSCAD42228,NHS,1,iccad4
NHSCAD44408.png,NHSCAD44408,NHS,2,iccad4
NHSCAD42767.png,NHSCAD42767,NHS,3,iccad4
NHSCAD41537.png,NHSCAD41537,NHS,1,iccad4
NHSCAD42111.png,NHSCAD42111,NHS,2,iccad4
NHSCAD42725.png,NHSCAD42725,NHS,2,iccad4
NHSCAD41972.png,NHSCAD41972,NHS,0,iccad4
NHSCAD43814.png,NHSCAD43814,NHS,1,iccad4
NHSCAD41316.png,NHSCAD41316,NHS,2,iccad4
NHSCAD42602.png,NHSCAD42602,NHS,2,iccad4
NHSCAD42808.png,NHSCAD42808,NHS,4,iccad4
NHSCAD41800.png,NHSCAD41800,NHS,1,iccad4
NHSCAD43175.png,NHSCAD43175,NHS,4,iccad4
NHSCAD43932.png,NHSCAD43932,NHS,3,iccad4
NHSCAD4886.png,NHSCAD4886,NHS,1,iccad4
NHSCAD43359.png,NHSCAD43359,NHS,3,iccad4
NHSCAD43925.png,NHSCAD43925,NHS,2,iccad4
NHSCAD42004.png,NHSCAD42004,NHS,0,iccad4
NHSCAD41049.png,NHSCAD41049,NHS,4,iccad4
NHSCAD42829.png,NHSCAD42829,NHS,2,iccad4
NHSCAD43277.png,NHSCAD43277,NHS,0,iccad4
NHSCAD4632.png,NHSCAD4632,NHS,4,iccad4
NHSCAD42958.png,NHSCAD42958,NHS,3,iccad4
NHSCAD43205.png,NHSCAD43205,NHS,1,iccad4
NHSCAD4870.png,NHSCAD4870,NHS,4,iccad4
NHSCAD43537.png,NHSCAD43537,NHS,0,iccad4
NHSCAD42977.png,NHSCAD42977,NHS,0,iccad4
NHSCAD4992.png,NHSCAD4992,NHS,4,iccad4
NHSCAD43587.png,NHSCAD43587,NHS,0,iccad4
NHSCAD4778.png,NHSCAD4778,NHS,0,iccad4
NHSCAD41933.png,NHSCAD41933,NHS,4,iccad4
NHSCAD42240.png,NHSCAD42240,NHS,0,iccad4
NHSCAD41923.png,NHSCAD41923,NHS,1,iccad4
NHSCAD4623.png,NHSCAD4623,NHS,2,iccad4
NHSCAD4971.png,NHSCAD4971,NHS,1,iccad4
NHSCAD43602.png,NHSCAD43602,NHS,2,iccad4
NHSCAD4479.png,NHSCAD4479,NHS,1,iccad4
NHSCAD4461.png,NHSCAD4461,NHS,2,iccad4
NHSCAD41790.png,NHSCAD41790,NHS,0,iccad4
NHSCAD44257.png,NHSCAD44257,NHS,2,iccad4
NHSCAD42940.png,NHSCAD42940,NHS,1,iccad4
NHSCAD44369.png,NHSCAD44369,NHS,1,iccad4
NHSCAD4392.png,NHSCAD4392,NHS,1,iccad4
NHSCAD43799.png,NHSCAD43799,NHS,4,iccad4
NHSCAD42800.png,NHSCAD42800,NHS,1,iccad4
NHSCAD4222.png,NHSCAD4222,NHS,1,iccad4
NHSCAD42387.png,NHSCAD42387,NHS,1,iccad4
NHSCAD44231.png,NHSCAD44231,NHS,3,iccad4
NHSCAD4689.png,NHSCAD4689,NHS,0,iccad4
NHSCAD41386.png,NHSCAD41386,NHS,0,iccad4
NHSCAD42163.png,NHSCAD42163,NHS,0,iccad4
NHSCAD42986.png,NHSCAD42986,NHS,0,iccad4
NHSCAD41439.png,NHSCAD41439,NHS,4,iccad4
NHSCAD43492.png,NHSCAD43492,NHS,1,iccad4
NHSCAD43196.png,NHSCAD43196,NHS,1,iccad4
NHSCAD44184.png,NHSCAD44184,NHS,3,iccad4
NHSCAD43167.png,NHSCAD43167,NHS,2,iccad4
NHSCAD41100.png,NHSCAD41100,NHS,0,iccad4
NHSCAD42390.png,NHSCAD42390,NHS,0,iccad4
NHSCAD42261.png,NHSCAD42261,NHS,2,iccad4
NHSCAD43352.png,NHSCAD43352,NHS,2,iccad4
NHSCAD44345.png,NHSCAD44345,NHS,0,iccad4
NHSCAD4685.png,NHSCAD4685,NHS,1,iccad4
NHSCAD41404.png,NHSCAD41404,NHS,0,iccad4
NHSCAD42536.png,NHSCAD42536,NHS,4,iccad4
NHSCAD44066.png,NHSCAD44066,NHS,1,iccad4
NHSCAD44023.png,NHSCAD44023,NHS,1,iccad4
NHSCAD4372.png,NHSCAD4372,NHS,0,iccad4
HSCAD445.png,HSCAD445,HS,0,iccad4
NHSCAD42127.png,NHSCAD42127,NHS,0,iccad4
NHSCAD43683.png,NHSCAD43683,NHS,1,iccad4
NHSCAD44214.png,NHSCAD44214,NHS,0,iccad4
NHSCAD41085.png,NHSCAD41085,NHS,4,iccad4
NHSCAD43682.png,NHSCAD43682,NHS,0,iccad4
NHSCAD44272.png,NHSCAD44272,NHS,3,iccad4
NHSCAD43934.png,NHSCAD43934,NHS,2,iccad4
NHSCAD43347.png,NHSCAD43347,NHS,1,iccad4
NHSCAD41155.png,NHSCAD41155,NHS,1,iccad4
NHSCAD41067.png,NHSCAD41067,NHS,2,iccad4
NHSCAD41249.png,NHSCAD41249,NHS,3,iccad4
NHSCAD42939.png,NHSCAD42939,NHS,2,iccad4
NHSCAD41398.png,NHSCAD41398,NHS,2,iccad4
NHSCAD43269.png,NHSCAD43269,NHS,1,iccad4
NHSCAD4785.png,NHSCAD4785,NHS,4,iccad4
NHSCAD43117.png,NHSCAD43117,NHS,2,iccad4
NHSCAD41267.png,NHSCAD41267,NHS,3,iccad4
NHSCAD41178.png,NHSCAD41178,NHS,1,iccad4
NHSCAD43652.png,NHSCAD43652,NHS,2,iccad4
NHSCAD41317.png,NHSCAD41317,NHS,3,iccad4
NHSCAD41328.png,NHSCAD41328,NHS,1,iccad4
NHSCAD43458.png,NHSCAD43458,NHS,4,iccad4
NHSCAD43954.png,NHSCAD43954,NHS,0,iccad4
NHSCAD44259.png,NHSCAD44259,NHS,3,iccad4
NHSCAD43067.png,NHSCAD43067,NHS,4,iccad4
NHSCAD4642.png,NHSCAD4642,NHS,4,iccad4
NHSCAD42866.png,NHSCAD42866,NHS,2,iccad4
NHSCAD42664.png,NHSCAD42664,NHS,4,iccad4
NHSCAD43906.png,NHSCAD43906,NHS,1,iccad4
NHSCAD43105.png,NHSCAD43105,NHS,3,iccad4
NHSCAD41192.png,NHSCAD41192,NHS,3,iccad4
NHSCAD4866.png,NHSCAD4866,NHS,1,iccad4
NHSCAD44199.png,NHSCAD44199,NHS,4,iccad4
NHSCAD43850.png,NHSCAD43850,NHS,1,iccad4
NHSCAD44186.png,NHSCAD44186,NHS,1,iccad4
NHSCAD43013.png,NHSCAD43013,NHS,0,iccad4
NHSCAD44415.png,NHSCAD44415,NHS,0,iccad4
NHSCAD4930.png,NHSCAD4930,NHS,2,iccad4
NHSCAD44442.png,NHSCAD44442,NHS,0,iccad4
NHSCAD4481.png,NHSCAD4481,NHS,2,iccad4
NHSCAD44183.png,NHSCAD44183,NHS,2,iccad4
NHSCAD4852.png,NHSCAD4852,NHS,3,iccad4
NHSCAD44402.png,NHSCAD44402,NHS,1,iccad4
NHSCAD4141.png,NHSCAD4141,NHS,0,iccad4
NHSCAD42951.png,NHSCAD42951,NHS,4,iccad4
NHSCAD41773.png,NHSCAD41773,NHS,1,iccad4
NHSCAD4815.png,NHSCAD4815,NHS,4,iccad4
NHSCAD43389.png,NHSCAD43389,NHS,1,iccad4
NHSCAD4780.png,NHSCAD4780,NHS,4,iccad4
NHSCAD41511.png,NHSCAD41511,NHS,3,iccad4
NHSCAD43479.png,NHSCAD43479,NHS,2,iccad4
NHSCAD43540.png,NHSCAD43540,NHS,3,iccad4
NHSCAD42294.png,NHSCAD42294,NHS,3,iccad4
NHSCAD43823.png,NHSCAD43823,NHS,1,iccad4
NHSCAD43507.png,NHSCAD43507,NHS,2,iccad4
NHSCAD41799.png,NHSCAD41799,NHS,4,iccad4
NHSCAD43794.png,NHSCAD43794,NHS,3,iccad4
NHSCAD42742.png,NHSCAD42742,NHS,4,iccad4
NHSCAD41469.png,NHSCAD41469,NHS,1,iccad4
NHSCAD42576.png,NHSCAD42576,NHS,3,iccad4
NHSCAD41763.png,NHSCAD41763,NHS,0,iccad4
NHSCAD43618.png,NHSCAD43618,NHS,4,iccad4
NHSCAD44159.png,NHSCAD44159,NHS,1,iccad4
NHSCAD43072.png,NHSCAD43072,NHS,1,iccad4
NHSCAD4184.png,NHSCAD4184,NHS,3,iccad4
NHSCAD43057.png,NHSCAD43057,NHS,3,iccad4
NHSCAD42102.png,NHSCAD42102,NHS,2,iccad4
NHSCAD4192.png,NHSCAD4192,NHS,4,iccad4
NHSCAD42310.png,NHSCAD42310,NHS,1,iccad4
NHSCAD42309.png,NHSCAD42309,NHS,0,iccad4
NHSCAD44489.png,NHSCAD44489,NHS,4,iccad4
NHSCAD42110.png,NHSCAD42110,NHS,4,iccad4
NHSCAD41290.png,NHSCAD41290,NHS,0,iccad4
NHSCAD42946.png,NHSCAD42946,NHS,1,iccad4
NHSCAD43547.png,NHSCAD43547,NHS,1,iccad4
NHSCAD43328.png,NHSCAD43328,NHS,1,iccad4
NHSCAD4284.png,NHSCAD4284,NHS,4,iccad4
NHSCAD41492.png,NHSCAD41492,NHS,1,iccad4
NHSCAD42550.png,NHSCAD42550,NHS,0,iccad4
NHSCAD42584.png,NHSCAD42584,NHS,2,iccad4
NHSCAD42827.png,NHSCAD42827,NHS,0,iccad4
NHSCAD42143.png,NHSCAD42143,NHS,2,iccad4
NHSCAD4973.png,NHSCAD4973,NHS,3,iccad4
NHSCAD42092.png,NHSCAD42092,NHS,4,iccad4
NHSCAD43955.png,NHSCAD43955,NHS,3,iccad4
NHSCAD43052.png,NHSCAD43052,NHS,3,iccad4
NHSCAD41175.png,NHSCAD41175,NHS,4,iccad4
NHSCAD43550.png,NHSCAD43550,NHS,0,iccad4
NHSCAD41788.png,NHSCAD41788,NHS,2,iccad4
NHSCAD41254.png,NHSCAD41254,NHS,4,iccad4
NHSCAD43693.png,NHSCAD43693,NHS,2,iccad4
NHSCAD42099.png,NHSCAD42099,NHS,3,iccad4
NHSCAD44076.png,NHSCAD44076,NHS,4,iccad4
NHSCAD4835.png,NHSCAD4835,NHS,4,iccad4
NHSCAD43491.png,NHSCAD43491,NHS,0,iccad4
NHSCAD41614.png,NHSCAD41614,NHS,0,iccad4
NHSCAD42954.png,NHSCAD42954,NHS,0,iccad4
NHSCAD41352.png,NHSCAD41352,NHS,2,iccad4
NHSCAD42217.png,NHSCAD42217,NHS,4,iccad4
NHSCAD44290.png,NHSCAD44290,NHS,0,iccad4
NHSCAD41668.png,NHSCAD41668,NHS,1,iccad4
NHSCAD43047.png,NHSCAD43047,NHS,2,iccad4
NHSCAD41779.png,NHSCAD41779,NHS,2,iccad4
NHSCAD41376.png,NHSCAD41376,NHS,3,iccad4
NHSCAD4895.png,NHSCAD4895,NHS,4,iccad4
NHSCAD44007.png,NHSCAD44007,NHS,2,iccad4
NHSCAD44312.png,NHSCAD44312,NHS,4,iccad4
NHSCAD4514.png,NHSCAD4514,NHS,1,iccad4
NHSCAD43241.png,NHSCAD43241,NHS,1,iccad4
HSCAD429.png,HSCAD429,HS,1,iccad4
NHSCAD43706.png,NHSCAD43706,NHS,0,iccad4
NHSCAD43765.png,NHSCAD43765,NHS,2,iccad4
NHSCAD43113.png,NHSCAD43113,NHS,1,iccad4
NHSCAD41588.png,NHSCAD41588,NHS,2,iccad4
NHSCAD41355.png,NHSCAD41355,NHS,1,iccad4
NHSCAD4324.png,NHSCAD4324,NHS,4,iccad4
NHSCAD43318.png,NHSCAD43318,NHS,4,iccad4
NHSCAD41718.png,NHSCAD41718,NHS,0,iccad4
NHSCAD42049.png,NHSCAD42049,NHS,3,iccad4
NHSCAD41971.png,NHSCAD41971,NHS,3,iccad4
NHSCAD41405.png,NHSCAD41405,NHS,1,iccad4
NHSCAD4345.png,NHSCAD4345,NHS,0,iccad4
NHSCAD42012.png,NHSCAD42012,NHS,4,iccad4
NHSCAD42382.png,NHSCAD42382,NHS,1,iccad4
NHSCAD42699.png,NHSCAD42699,NHS,3,iccad4
NHSCAD43372.png,NHSCAD43372,NHS,3,iccad4
NHSCAD4463.png,NHSCAD4463,NHS,0,iccad4
NHSCAD43704.png,NHSCAD43704,NHS,1,iccad4
NHSCAD43370.png,NHSCAD43370,NHS,2,iccad4
NHSCAD43199.png,NHSCAD43199,NHS,4,iccad4
NHSCAD4748.png,NHSCAD4748,NHS,2,iccad4
NHSCAD42931.png,NHSCAD42931,NHS,1,iccad4
NHSCAD42498.png,NHSCAD42498,NHS,2,iccad4
NHSCAD42639.png,NHSCAD42639,NHS,2,iccad4
NHSCAD4602.png,NHSCAD4602,NHS,4,iccad4
NHSCAD41946.png,NHSCAD41946,NHS,1,iccad4
NHSCAD43554.png,NHSCAD43554,NHS,3,iccad4
NHSCAD41802.png,NHSCAD41802,NHS,3,iccad4
NHSCAD4350.png,NHSCAD4350,NHS,3,iccad4
NHSCAD42563.png,NHSCAD42563,NHS,4,iccad4
NHSCAD43056.png,NHSCAD43056,NHS,2,iccad4
NHSCAD42419.png,NHSCAD42419,NHS,1,iccad4
NHSCAD44543.png,NHSCAD44543,NHS,2,iccad4
NHSCAD41902.png,NHSCAD41902,NHS,2,iccad4
NHSCAD4758.png,NHSCAD4758,NHS,2,iccad4
NHSCAD43021.png,NHSCAD43021,NHS,3,iccad4
NHSCAD4516.png,NHSCAD4516,NHS,3,iccad4
NHSCAD4596.png,NHSCAD4596,NHS,3,iccad4
NHSCAD42681.png,NHSCAD42681,NHS,0,iccad4
NHSCAD4693.png,NHSCAD4693,NHS,2,iccad4
NHSCAD41626.png,NHSCAD41626,NHS,4,iccad4
NHSCAD42299.png,NHSCAD42299,NHS,3,iccad4
NHSCAD4414.png,NHSCAD4414,NHS,3,iccad4
NHSCAD41554.png,NHSCAD41554,NHS,1,iccad4
NHSCAD4162.png,NHSCAD4162,NHS,2,iccad4
NHSCAD4686.png,NHSCAD4686,NHS,3,iccad4
NHSCAD41693.png,NHSCAD41693,NHS,2,iccad4
NHSCAD43122.png,NHSCAD43122,NHS,1,iccad4
NHSCAD42937.png,NHSCAD42937,NHS,4,iccad4
NHSCAD42513.png,NHSCAD42513,NHS,4,iccad4
NHSCAD42016.png,NHSCAD42016,NHS,3,iccad4
NHSCAD44157.png,NHSCAD44157,NHS,3,iccad4
NHSCAD4845.png,NHSCAD4845,NHS,4,iccad4
NHSCAD41149.png,NHSCAD41149,NHS,4,iccad4
NHSCAD44075.png,NHSCAD44075,NHS,3,iccad4
NHSCAD41000.png,NHSCAD41000,NHS,2,iccad4
NHSCAD42617.png,NHSCAD42617,NHS,3,iccad4
NHSCAD41356.png,NHSCAD41356,NHS,4,iccad4
NHSCAD41176.png,NHSCAD41176,NHS,2,iccad4
NHSCAD41740.png,NHSCAD41740,NHS,0,iccad4
NHSCAD42272.png,NHSCAD42272,NHS,0,iccad4
NHSCAD42284.png,NHSCAD42284,NHS,2,iccad4
NHSCAD4919.png,NHSCAD4919,NHS,2,iccad4
NHSCAD43033.png,NHSCAD43033,NHS,2,iccad4
NHSCAD41648.png,NHSCAD41648,NHS,2,iccad4
NHSCAD44339.png,NHSCAD44339,NHS,3,iccad4
NHSCAD4143.png,NHSCAD4143,NHS,4,iccad4
NHSCAD43224.png,NHSCAD43224,NHS,2,iccad4
HSCAD484.png,HSCAD484,HS,3,iccad4
NHSCAD42279.png,NHSCAD42279,NHS,1,iccad4
NHSCAD44495.png,NHSCAD44495,NHS,0,iccad4
NHSCAD44049.png,NHSCAD44049,NHS,4,iccad4
NHSCAD42869.png,NHSCAD42869,NHS,4,iccad4
NHSCAD44306.png,NHSCAD44306,NHS,2,iccad4
NHSCAD42719.png,NHSCAD42719,NHS,1,iccad4
NHSCAD41698.png,NHSCAD41698,NHS,2,iccad4
NHSCAD4783.png,NHSCAD4783,NHS,0,iccad4
NHSCAD43653.png,NHSCAD43653,NHS,3,iccad4
NHSCAD43447.png,NHSCAD43447,NHS,4,iccad4
NHSCAD41636.png,NHSCAD41636,NHS,1,iccad4
NHSCAD41150.png,NHSCAD41150,NHS,1,iccad4
NHSCAD43341.png,NHSCAD43341,NHS,0,iccad4
NHSCAD41601.png,NHSCAD41601,NHS,2,iccad4
NHSCAD4344.png,NHSCAD4344,NHS,2,iccad4
NHSCAD42197.png,NHSCAD42197,NHS,4,iccad4
NHSCAD4131.png,NHSCAD4131,NHS,1,iccad4
NHSCAD4416.png,NHSCAD4416,NHS,0,iccad4
NHSCAD41179.png,NHSCAD41179,NHS,3,iccad4
NHSCAD41338.png,NHSCAD41338,NHS,4,iccad4
NHSCAD41901.png,NHSCAD41901,NHS,1,iccad4
NHSCAD44208.png,NHSCAD44208,NHS,4,iccad4
NHSCAD43405.png,NHSCAD43405,NHS,4,iccad4
NHSCAD4656.png,NHSCAD4656,NHS,3,iccad4
NHSCAD4725.png,NHSCAD4725,NHS,0,iccad4
NHSCAD41573.png,NHSCAD41573,NHS,0,iccad4
NHSCAD4608.png,NHSCAD4608,NHS,2,iccad4
NHSCAD42026.png,NHSCAD42026,NHS,4,iccad4
NHSCAD41001.png,NHSCAD41001,NHS,1,iccad4
NHSCAD41250.png,NHSCAD41250,NHS,0,iccad4
NHSCAD43290.png,NHSCAD43290,NHS,0,iccad4
NHSCAD43687.png,NHSCAD43687,NHS,0,iccad4
NHSCAD42198.png,NHSCAD42198,NHS,2,iccad4
NHSCAD44303.png,NHSCAD44303,NHS,4,iccad4
NHSCAD4618.png,NHSCAD4618,NHS,2,iccad4
NHSCAD41452.png,NHSCAD41452,NHS,1,iccad4
NHSCAD42295.png,NHSCAD42295,NHS,0,iccad4
NHSCAD44255.png,NHSCAD44255,NHS,0,iccad4
NHSCAD42815.png,NHSCAD42815,NHS,2,iccad4
NHSCAD42835.png,NHSCAD42835,NHS,4,iccad4
NHSCAD41807.png,NHSCAD41807,NHS,3,iccad4
NHSCAD43641.png,NHSCAD43641,NHS,0,iccad4
NHSCAD42726.png,NHSCAD42726,NHS,3,iccad4
NHSCAD42696.png,NHSCAD42696,NHS,1,iccad4
NHSCAD4802.png,NHSCAD4802,NHS,3,iccad4
NHSCAD43972.png,NHSCAD43972,NHS,0,iccad4
NHSCAD42043.png,NHSCAD42043,NHS,2,iccad4
NHSCAD4490.png,NHSCAD4490,NHS,1,iccad4
NHSCAD4329.png,NHSCAD4329,NHS,4,iccad4
NHSCAD4352.png,NHSCAD4352,NHS,1,iccad4
NHSCAD43408.png,NHSCAD43408,NHS,2,iccad4
NHSCAD42644.png,NHSCAD42644,NHS,3,iccad4
NHSCAD42238.png,NHSCAD42238,NHS,2,iccad4
NHSCAD4400.png,NHSCAD4400,NHS,0,iccad4
HSCAD411.png,HSCAD411,HS,3,iccad4
NHSCAD41259.png,NHSCAD41259,NHS,4,iccad4
NHSCAD41734.png,NHSCAD41734,NHS,2,iccad4
NHSCAD42231.png,NHSCAD42231,NHS,0,iccad4
NHSCAD43807.png,NHSCAD43807,NHS,3,iccad4
NHSCAD43815.png,NHSCAD43815,NHS,2,iccad4
NHSCAD43525.png,NHSCAD43525,NHS,2,iccad4
NHSCAD41278.png,NHSCAD41278,NHS,1,iccad4
NHSCAD4840.png,NHSCAD4840,NHS,4,iccad4
NHSCAD43201.png,NHSCAD43201,NHS,2,iccad4
NHSCAD43211.png,NHSCAD43211,NHS,3,iccad4
NHSCAD4731.png,NHSCAD4731,NHS,1,iccad4
NHSCAD43593.png,NHSCAD43593,NHS,3,iccad4
NHSCAD43993.png,NHSCAD43993,NHS,2,iccad4
NHSCAD4389.png,NHSCAD4389,NHS,4,iccad4
NHSCAD42425.png,NHSCAD42425,NHS,2,iccad4
NHSCAD42580.png,NHSCAD42580,NHS,3,iccad4
NHSCAD4360.png,NHSCAD4360,NHS,3,iccad4
NHSCAD42336.png,NHSCAD42336,NHS,0,iccad4
NHSCAD41114.png,NHSCAD41114,NHS,3,iccad4
NHSCAD43762.png,NHSCAD43762,NHS,3,iccad4
NHSCAD41219.png,NHSCAD41219,NHS,1,iccad4
NHSCAD44111.png,NHSCAD44111,NHS,3,iccad4
NHSCAD4163.png,NHSCAD4163,NHS,2,iccad4
NHSCAD42783.png,NHSCAD42783,NHS,1,iccad4
NHSCAD41060.png,NHSCAD41060,NHS,2,iccad4
NHSCAD42673.png,NHSCAD42673,NHS,4,iccad4
NHSCAD4334.png,NHSCAD4334,NHS,4,iccad4
NHSCAD41450.png,NHSCAD41450,NHS,2,iccad4
NHSCAD42798.png,NHSCAD42798,NHS,3,iccad4
NHSCAD43164.png,NHSCAD43164,NHS,1,iccad4
NHSCAD44163.png,NHSCAD44163,NHS,1,iccad4
NHSCAD42671.png,NHSCAD42671,NHS,3,iccad4
NHSCAD43867.png,NHSCAD43867,NHS,4,iccad4
NHSCAD41120.png,NHSCAD41120,NHS,2,iccad4
NHSCAD41447.png,NHSCAD41447,NHS,2,iccad4
NHSCAD4929.png,NHSCAD4929,NHS,3,iccad4
NHSCAD44036.png,NHSCAD44036,NHS,0,iccad4
NHSCAD42877.png,NHSCAD42877,NHS,1,iccad4
NHSCAD43311.png,NHSCAD43311,NHS,3,iccad4
NHSCAD42802.png,NHSCAD42802,NHS,3,iccad4
NHSCAD43415.png,NHSCAD43415,NHS,4,iccad4
NHSCAD42700.png,NHSCAD42700,NHS,1,iccad4
NHSCAD4144.png,NHSCAD4144,NHS,3,iccad4
NHSCAD42596.png,NHSCAD42596,NHS,0,iccad4
NHSCAD44010.png,NHSCAD44010,NHS,3,iccad4
NHSCAD43295.png,NHSCAD43295,NHS,0,iccad4
NHSCAD43590.png,NHSCAD43590,NHS,0,iccad4
NHSCAD42680.png,NHSCAD42680,NHS,3,iccad4
NHSCAD41146.png,NHSCAD41146,NHS,1,iccad4
NHSCAD4283.png,NHSCAD4283,NHS,3,iccad4
NHSCAD41697.png,NHSCAD41697,NHS,0,iccad4
NHSCAD43139.png,NHSCAD43139,NHS,0,iccad4
NHSCAD4598.png,NHSCAD4598,NHS,2,iccad4
NHSCAD43750.png,NHSCAD43750,NHS,1,iccad4
NHSCAD42457.png,NHSCAD42457,NHS,4,iccad4
NHSCAD42170.png,NHSCAD42170,NHS,2,iccad4
NHSCAD42247.png,NHSCAD42247,NHS,2,iccad4
NHSCAD44516.png,NHSCAD44516,NHS,3,iccad4
NHSCAD43527.png,NHSCAD43527,NHS,3,iccad4
NHSCAD41080.png,NHSCAD41080,NHS,4,iccad4
NHSCAD44456.png,NHSCAD44456,NHS,0,iccad4
NHSCAD43700.png,NHSCAD43700,NHS,4,iccad4
NHSCAD44236.png,NHSCAD44236,NHS,3,iccad4
NHSCAD41263.png,NHSCAD41263,NHS,0,iccad4
NHSCAD4205.png,NHSCAD4205,NHS,0,iccad4
NHSCAD41459.png,NHSCAD41459,NHS,2,iccad4
NHSCAD4225.png,NHSCAD4225,NHS,4,iccad4
NHSCAD43100.png,NHSCAD43100,NHS,3,iccad4
NHSCAD4965.png,NHSCAD4965,NHS,4,iccad4
NHSCAD41291.png,NHSCAD41291,NHS,1,iccad4
NHSCAD43429.png,NHSCAD43429,NHS,4,iccad4
NHSCAD42566.png,NHSCAD42566,NHS,2,iccad4
NHSCAD43145.png,NHSCAD43145,NHS,1,iccad4
NHSCAD41414.png,NHSCAD41414,NHS,1,iccad4
NHSCAD43180.png,NHSCAD43180,NHS,2,iccad4
NHSCAD43181.png,NHSCAD43181,NHS,0,iccad4
NHSCAD41497.png,NHSCAD41497,NHS,0,iccad4
NHSCAD4529.png,NHSCAD4529,NHS,3,iccad4
NHSCAD43329.png,NHSCAD43329,NHS,2,iccad4
NHSCAD41165.png,NHSCAD41165,NHS,3,iccad4
NHSCAD42034.png,NHSCAD42034,NHS,2,iccad4
NHSCAD41434.png,NHSCAD41434,NHS,4,iccad4
NHSCAD42889.png,NHSCAD42889,NHS,2,iccad4
NHSCAD4494.png,NHSCAD4494,NHS,1,iccad4
NHSCAD43501.png,NHSCAD43501,NHS,1,iccad4
NHSCAD41210.png,NHSCAD41210,NHS,2,iccad4
NHSCAD43924.png,NHSCAD43924,NHS,1,iccad4
NHSCAD42702.png,NHSCAD42702,NHS,2,iccad4
NHSCAD42252.png,NHSCAD42252,NHS,2,iccad4
NHSCAD497.png,NHSCAD497,NHS,4,iccad4
NHSCAD44237.png,NHSCAD44237,NHS,0,iccad4
NHSCAD41162.png,NHSCAD41162,NHS,4,iccad4
NHSCAD4634.png,NHSCAD4634,NHS,0,iccad4
NHSCAD4559.png,NHSCAD4559,NHS,0,iccad4
NHSCAD42039.png,NHSCAD42039,NHS,2,iccad4
NHSCAD43477.png,NHSCAD43477,NHS,0,iccad4
NHSCAD43589.png,NHSCAD43589,NHS,2,iccad4
NHSCAD42058.png,NHSCAD42058,NHS,3,iccad4
NHSCAD4906.png,NHSCAD4906,NHS,1,iccad4
NHSCAD42135.png,NHSCAD42135,NHS,3,iccad4
NHSCAD43770.png,NHSCAD43770,NHS,4,iccad4
NHSCAD43660.png,NHSCAD43660,NHS,1,iccad4
NHSCAD43967.png,NHSCAD43967,NHS,4,iccad4
NHSCAD44166.png,NHSCAD44166,NHS,3,iccad4
NHSCAD4635.png,NHSCAD4635,NHS,1,iccad4
NHSCAD4471.png,NHSCAD4471,NHS,2,iccad4
NHSCAD4921.png,NHSCAD4921,NHS,1,iccad4
NHSCAD4326.png,NHSCAD4326,NHS,1,iccad4
NHSCAD43289.png,NHSCAD43289,NHS,3,iccad4
NHSCAD42622.png,NHSCAD42622,NHS,0,iccad4
NHSCAD42360.png,NHSCAD42360,NHS,4,iccad4
NHSCAD42423.png,NHSCAD42423,NHS,1,iccad4
NHSCAD43805.png,NHSCAD43805,NHS,1,iccad4
NHSCAD42150.png,NHSCAD42150,NHS,1,iccad4
NHSCAD4712.png,NHSCAD4712,NHS,3,iccad4
NHSCAD4355.png,NHSCAD4355,NHS,3,iccad4
NHSCAD43997.png,NHSCAD43997,NHS,3,iccad4
NHSCAD4964.png,NHSCAD4964,NHS,3,iccad4
NHSCAD44460.png,NHSCAD44460,NHS,0,iccad4
NHSCAD4358.png,NHSCAD4358,NHS,2,iccad4
NHSCAD42620.png,NHSCAD42620,NHS,2,iccad4
NHSCAD43176.png,NHSCAD43176,NHS,2,iccad4
NHSCAD41156.png,NHSCAD41156,NHS,3,iccad4
NHSCAD43724.png,NHSCAD43724,NHS,0,iccad4
HSCAD437.png,HSCAD437,HS,0,iccad4
NHSCAD43943.png,NHSCAD43943,NHS,2,iccad4
NHSCAD43090.png,NHSCAD43090,NHS,1,iccad4
NHSCAD4723.png,NHSCAD4723,NHS,2,iccad4
NHSCAD43562.png,NHSCAD43562,NHS,4,iccad4
NHSCAD43723.png,NHSCAD43723,NHS,4,iccad4
NHSCAD44451.png,NHSCAD44451,NHS,0,iccad4
NHSCAD43392.png,NHSCAD43392,NHS,0,iccad4
NHSCAD42373.png,NHSCAD42373,NHS,1,iccad4
NHSCAD41772.png,NHSCAD41772,NHS,0,iccad4
NHSCAD43171.png,NHSCAD43171,NHS,2,iccad4
NHSCAD44264.png,NHSCAD44264,NHS,0,iccad4
NHSCAD44218.png,NHSCAD44218,NHS,1,iccad4
NHSCAD42128.png,NHSCAD42128,NHS,1,iccad4
NHSCAD44410.png,NHSCAD44410,NHS,0,iccad4
NHSCAD41604.png,NHSCAD41604,NHS,1,iccad4
NHSCAD43977.png,NHSCAD43977,NHS,0,iccad4
NHSCAD4129.png,NHSCAD4129,NHS,3,iccad4
NHSCAD41023.png,NHSCAD41023,NHS,3,iccad4
NHSCAD44145.png,NHSCAD44145,NHS,1,iccad4
NHSCAD4341.png,NHSCAD4341,NHS,3,iccad4
NHSCAD41506.png,NHSCAD41506,NHS,3,iccad4
NHSCAD43213.png,NHSCAD43213,NHS,0,iccad4
NHSCAD43622.png,NHSCAD43622,NHS,4,iccad4
NHSCAD4591.png,NHSCAD4591,NHS,3,iccad4
NHSCAD4410.png,NHSCAD4410,NHS,0,iccad4
NHSCAD43412.png,NHSCAD43412,NHS,2,iccad4
NHSCAD41436.png,NHSCAD41436,NHS,0,iccad4
NHSCAD42293.png,NHSCAD42293,NHS,2,iccad4
NHSCAD42474.png,NHSCAD42474,NHS,2,iccad4
NHSCAD43970.png,NHSCAD43970,NHS,2,iccad4
NHSCAD44158.png,NHSCAD44158,NHS,4,iccad4
NHSCAD41090.png,NHSCAD41090,NHS,0,iccad4
NHSCAD44395.png,NHSCAD44395,NHS,3,iccad4
NHSCAD42656.png,NHSCAD42656,NHS,1,iccad4
NHSCAD4837.png,NHSCAD4837,NHS,3,iccad4
NHSCAD42134.png,NHSCAD42134,NHS,2,iccad4
NHSCAD4947.png,NHSCAD4947,NHS,1,iccad4
NHSCAD41703.png,NHSCAD41703,NHS,4,iccad4
HSCAD457.png,HSCAD457,HS,3,iccad4
NHSCAD42251.png,NHSCAD42251,NHS,1,iccad4
NHSCAD42960.png,NHSCAD42960,NHS,4,iccad4
NHSCAD41677.png,NHSCAD41677,NHS,1,iccad4
NHSCAD43523.png,NHSCAD43523,NHS,0,iccad4
NHSCAD44362.png,NHSCAD44362,NHS,4,iccad4
HSCAD452.png,HSCAD452,HS,3,iccad4
NHSCAD43024.png,NHSCAD43024,NHS,2,iccad4
NHSCAD4544.png,NHSCAD4544,NHS,0,iccad4
NHSCAD42709.png,NHSCAD42709,NHS,0,iccad4
NHSCAD44371.png,NHSCAD44371,NHS,4,iccad4
NHSCAD42684.png,NHSCAD42684,NHS,2,iccad4
NHSCAD42988.png,NHSCAD42988,NHS,2,iccad4
NHSCAD42203.png,NHSCAD42203,NHS,3,iccad4
NHSCAD43558.png,NHSCAD43558,NHS,4,iccad4
NHSCAD43493.png,NHSCAD43493,NHS,2,iccad4
NHSCAD42943.png,NHSCAD42943,NHS,2,iccad4
NHSCAD43315.png,NHSCAD43315,NHS,2,iccad4
NHSCAD4339.png,NHSCAD4339,NHS,2,iccad4
NHSCAD4690.png,NHSCAD4690,NHS,1,iccad4
NHSCAD44496.png,NHSCAD44496,NHS,1,iccad4
NHSCAD42838.png,NHSCAD42838,NHS,2,iccad4
NHSCAD41984.png,NHSCAD41984,NHS,4,iccad4
NHSCAD43330.png,NHSCAD43330,NHS,4,iccad4
NHSCAD43087.png,NHSCAD43087,NHS,4,iccad4
NHSCAD43516.png,NHSCAD43516,NHS,2,iccad4
NHSCAD41801.png,NHSCAD41801,NHS,2,iccad4
NHSCAD44391.png,NHSCAD44391,NHS,4,iccad4
NHSCAD43716.png,NHSCAD43716,NHS,2,iccad4
NHSCAD4637.png,NHSCAD4637,NHS,4,iccad4
NHSCAD43522.png,NHSCAD43522,NHS,3,iccad4
HSCAD464.png,HSCAD464,HS,1,iccad4
NHSCAD41827.png,NHSCAD41827,NHS,0,iccad4
NHSCAD4700.png,NHSCAD4700,NHS,0,iccad4
NHSCAD4255.png,NHSCAD4255,NHS,4,iccad4
NHSCAD44328.png,NHSCAD44328,NHS,2,iccad4
NHSCAD41849.png,NHSCAD41849,NHS,4,iccad4
NHSCAD43882.png,NHSCAD43882,NHS,0,iccad4
NHSCAD42538.png,NHSCAD42538,NHS,1,iccad4
NHSCAD42797.png,NHSCAD42797,NHS,2,iccad4
NHSCAD44242.png,NHSCAD44242,NHS,1,iccad4
NHSCAD42666.png,NHSCAD42666,NHS,2,iccad4
NHSCAD41631.png,NHSCAD41631,NHS,1,iccad4
NHSCAD42359.png,NHSCAD42359,NHS,0,iccad4
NHSCAD44293.png,NHSCAD44293,NHS,3,iccad4
NHSCAD41721.png,NHSCAD41721,NHS,4,iccad4
NHSCAD41553.png,NHSCAD41553,NHS,4,iccad4
NHSCAD4588.png,NHSCAD4588,NHS,2,iccad4
NHSCAD42718.png,NHSCAD42718,NHS,0,iccad4
NHSCAD42591.png,NHSCAD42591,NHS,0,iccad4
NHSCAD42323.png,NHSCAD42323,NHS,0,iccad4
NHSCAD41077.png,NHSCAD41077,NHS,0,iccad4
NHSCAD42282.png,NHSCAD42282,NHS,4,iccad4
NHSCAD43402.png,NHSCAD43402,NHS,1,iccad4
NHSCAD41361.png,NHSCAD41361,NHS,2,iccad4
NHSCAD4190.png,NHSCAD4190,NHS,0,iccad4
NHSCAD41981.png,NHSCAD41981,NHS,0,iccad4
NHSCAD43119.png,NHSCAD43119,NHS,3,iccad4
NHSCAD4996.png,NHSCAD4996,NHS,3,iccad4
NHSCAD4212.png,NHSCAD4212,NHS,4,iccad4
NHSCAD4941.png,NHSCAD4941,NHS,4,iccad4
NHSCAD44088.png,NHSCAD44088,NHS,2,iccad4
NHSCAD43612.png,NHSCAD43612,NHS,4,iccad4
NHSCAD4501.png,NHSCAD4501,NHS,3,iccad4
NHSCAD43448.png,NHSCAD43448,NHS,1,iccad4
NHSCAD4703.png,NHSCAD4703,NHS,2,iccad4
NHSCAD41552.png,NHSCAD41552,NHS,3,iccad4
NHSCAD42056.png,NHSCAD42056,NHS,1,iccad4
NHSCAD44200.png,NHSCAD44200,NHS,0,iccad4
NHSCAD42499.png,NHSCAD42499,NHS,3,iccad4
NHSCAD42830.png,NHSCAD42830,NHS,4,iccad4
NHSCAD4540.png,NHSCAD4540,NHS,1,iccad4
NHSCAD43083.png,NHSCAD43083,NHS,0,iccad4
NHSCAD4443.png,NHSCAD4443,NHS,1,iccad4
NHSCAD4916.png,NHSCAD4916,NHS,1,iccad4
NHSCAD42737.png,NHSCAD42737,NHS,1,iccad4
NHSCAD4985.png,NHSCAD4985,NHS,1,iccad4
NHSCAD4638.png,NHSCAD4638,NHS,2,iccad4
NHSCAD41326.png,NHSCAD41326,NHS,3,iccad4
NHSCAD44240.png,NHSCAD44240,NHS,3,iccad4
NHSCAD42019.png,NHSCAD42019,NHS,1,iccad4
NHSCAD44452.png,NHSCAD44452,NHS,1,iccad4
NHSCAD43517.png,NHSCAD43517,NHS,4,iccad4
NHSCAD41544.png,NHSCAD41544,NHS,2,iccad4
NHSCAD43664.png,NHSCAD43664,NHS,0,iccad4
NHSCAD42761.png,NHSCAD42761,NHS,2,iccad4
NHSCAD41501.png,NHSCAD41501,NHS,2,iccad4
NHSCAD43214.png,NHSCAD43214,NHS,1,iccad4
NHSCAD4303.png,NHSCAD4303,NHS,1,iccad4
NHSCAD41785.png,NHSCAD41785,NHS,4,iccad4
NHSCAD4924.png,NHSCAD4924,NHS,2,iccad4
HSCAD435.png,HSCAD435,HS,4,iccad4
NHSCAD42458.png,NHSCAD42458,NHS,2,iccad4
NHSCAD41696.png,NHSCAD41696,NHS,3,iccad4
NHSCAD41121.png,NHSCAD41121,NHS,4,iccad4
NHSCAD42739.png,NHSCAD42739,NHS,2,iccad4
NHSCAD42623.png,NHSCAD42623,NHS,4,iccad4
NHSCAD42300.png,NHSCAD42300,NHS,4,iccad4
NHSCAD41576.png,NHSCAD41576,NHS,4,iccad4
NHSCAD43252.png,NHSCAD43252,NHS,2,iccad4
NHSCAD44297.png,NHSCAD44297,NHS,2,iccad4
NHSCAD4848.png,NHSCAD4848,NHS,0,iccad4
NHSCAD44116.png,NHSCAD44116,NHS,3,iccad4
NHSCAD4354.png,NHSCAD4354,NHS,4,iccad4
NHSCAD43722.png,NHSCAD43722,NHS,1,iccad4
NHSCAD41025.png,NHSCAD41025,NHS,2,iccad4
NHSCAD4750.png,NHSCAD4750,NHS,0,iccad4
NHSCAD42064.png,NHSCAD42064,NHS,4,iccad4
NHSCAD42705.png,NHSCAD42705,NHS,1,iccad4
NHSCAD42601.png,NHSCAD42601,NHS,1,iccad4
NHSCAD41635.png,NHSCAD41635,NHS,4,iccad4
NHSCAD42178.png,NHSCAD42178,NHS,1,iccad4
NHSCAD43793.png,NHSCAD43793,NHS,4,iccad4
NHSCAD41600.png,NHSCAD41600,NHS,0,iccad4
NHSCAD41782.png,NHSCAD41782,NHS,1,iccad4
NHSCAD41419.png,NHSCAD41419,NHS,1,iccad4
NHSCAD41914.png,NHSCAD41914,NHS,0,iccad4
NHSCAD4630.png,NHSCAD4630,NHS,1,iccad4
NHSCAD44020.png,NHSCAD44020,NHS,2,iccad4
NHSCAD41540.png,NHSCAD41540,NHS,4,iccad4
NHSCAD41117.png,NHSCAD41117,NHS,4,iccad4
NHSCAD43307.png,NHSCAD43307,NHS,3,iccad4
NHSCAD43788.png,NHSCAD43788,NHS,2,iccad4
NHSCAD41646.png,NHSCAD41646,NHS,3,iccad4
NHSCAD44126.png,NHSCAD44126,NHS,4,iccad4
NHSCAD44026.png,NHSCAD44026,NHS,4,iccad4
NHSCAD41574.png,NHSCAD41574,NHS,2,iccad4
NHSCAD43813.png,NHSCAD43813,NHS,0,iccad4
NHSCAD41086.png,NHSCAD41086,NHS,4,iccad4
NHSCAD41471.png,NHSCAD41471,NHS,3,iccad4
NHSCAD4451.png,NHSCAD4451,NHS,1,iccad4
NHSCAD44478.png,NHSCAD44478,NHS,2,iccad4
NHSCAD43143.png,NHSCAD43143,NHS,0,iccad4
NHSCAD44533.png,NHSCAD44533,NHS,2,iccad4
NHSCAD42487.png,NHSCAD42487,NHS,0,iccad4
NHSCAD4376.png,NHSCAD4376,NHS,1,iccad4
NHSCAD42044.png,NHSCAD42044,NHS,3,iccad4
NHSCAD41131.png,NHSCAD41131,NHS,0,iccad4
NHSCAD44368.png,NHSCAD44368,NHS,0,iccad4
NHSCAD42061.png,NHSCAD42061,NHS,2,iccad4
NHSCAD43921.png,NHSCAD43921,NHS,4,iccad4
NHSCAD41907.png,NHSCAD41907,NHS,2,iccad4
NHSCAD41332.png,NHSCAD41332,NHS,1,iccad4
NHSCAD42694.png,NHSCAD42694,NHS,3,iccad4
HSCAD455.png,HSCAD455,HS,1,iccad4
NHSCAD4229.png,NHSCAD4229,NHS,3,iccad4
NHSCAD43897.png,NHSCAD43897,NHS,1,iccad4
NHSCAD42975.png,NHSCAD42975,NHS,4,iccad4
NHSCAD4543.png,NHSCAD4543,NHS,2,iccad4
NHSCAD42552.png,NHSCAD42552,NHS,2,iccad4
NHSCAD43437.png,NHSCAD43437,NHS,3,iccad4
NHSCAD42136.png,NHSCAD42136,NHS,0,iccad4
NHSCAD41714.png,NHSCAD41714,NHS,1,iccad4
NHSCAD43097.png,NHSCAD43097,NHS,4,iccad4
NHSCAD4695.png,NHSCAD4695,NHS,1,iccad4
NHSCAD43091.png,NHSCAD43091,NHS,4,iccad4
NHSCAD42511.png,NHSCAD42511,NHS,2,iccad4
HSCAD475.png,HSCAD475,HS,3,iccad4
NHSCAD44378.png,NHSCAD44378,NHS,1,iccad4
NHSCAD4495.png,NHSCAD4495,NHS,2,iccad4
NHSCAD44428.png,NHSCAD44428,NHS,4,iccad4
NHSCAD42650.png,NHSCAD42650,NHS,4,iccad4
NHSCAD41624.png,NHSCAD41624,NHS,0,iccad4
NHSCAD41669.png,NHSCAD41669,NHS,3,iccad4
NHSCAD41795.png,NHSCAD41795,NHS,0,iccad4
NHSCAD41753.png,NHSCAD41753,NHS,4,iccad4
NHSCAD42431.png,NHSCAD42431,NHS,0,iccad4
NHSCAD42592.png,NHSCAD42592,NHS,1,iccad4
NHSCAD41172.png,NHSCAD41172,NHS,0,iccad4
NHSCAD42615.png,NHSCAD42615,NHS,1,iccad4
NHSCAD42890.png,NHSCAD42890,NHS,1,iccad4
NHSCAD41116.png,NHSCAD41116,NHS,2,iccad4
NHSCAD42763.png,NHSCAD42763,NHS,0,iccad4
NHSCAD41986.png,NHSCAD41986,NHS,0,iccad4
NHSCAD4733.png,NHSCAD4733,NHS,2,iccad4
NHSCAD42595.png,NHSCAD42595,NHS,4,iccad4
NHSCAD43081.png,NHSCAD43081,NHS,1,iccad4
NHSCAD44494.png,NHSCAD44494,NHS,4,iccad4
NHSCAD43632.png,NHSCAD43632,NHS,0,iccad4
NHSCAD4219.png,NHSCAD4219,NHS,3,iccad4
NHSCAD4480.png,NHSCAD4480,NHS,3,iccad4
NHSCAD44102.png,NHSCAD44102,NHS,3,iccad4
NHSCAD42992.png,NHSCAD42992,NHS,2,iccad4
NHSCAD4331.png,NHSCAD4331,NHS,1,iccad4
NHSCAD42222.png,NHSCAD42222,NHS,0,iccad4
NHSCAD44198.png,NHSCAD44198,NHS,3,iccad4
NHSCAD41940.png,NHSCAD41940,NHS,0,iccad4
NHSCAD4164.png,NHSCAD4164,NHS,4,iccad4
NHSCAD42752.png,NHSCAD42752,NHS,2,iccad4
NHSCAD4781.png,NHSCAD4781,NHS,1,iccad4
NHSCAD44045.png,NHSCAD44045,NHS,0,iccad4
NHSCAD41829.png,NHSCAD41829,NHS,2,iccad4
NHSCAD44090.png,NHSCAD44090,NHS,0,iccad4
NHSCAD41367.png,NHSCAD41367,NHS,3,iccad4
NHSCAD42298.png,NHSCAD42298,NHS,2,iccad4
NHSCAD42415.png,NHSCAD42415,NHS,4,iccad4
NHSCAD43754.png,NHSCAD43754,NHS,0,iccad4
NHSCAD43323.png,NHSCAD43323,NHS,1,iccad4
NHSCAD44125.png,NHSCAD44125,NHS,3,iccad4
NHSCAD43228.png,NHSCAD43228,NHS,1,iccad4
NHSCAD4555.png,NHSCAD4555,NHS,1,iccad4
NHSCAD43432.png,NHSCAD43432,NHS,3,iccad4
NHSCAD4338.png,NHSCAD4338,NHS,2,iccad4
NHSCAD4318.png,NHSCAD4318,NHS,4,iccad4
NHSCAD43961.png,NHSCAD43961,NHS,2,iccad4
NHSCAD43764.png,NHSCAD43764,NHS,1,iccad4
NHSCAD41966.png,NHSCAD41966,NHS,4,iccad4
NHSCAD4425.png,NHSCAD4425,NHS,0,iccad4
NHSCAD44347.png,NHSCAD44347,NHS,2,iccad4
NHSCAD41107.png,NHSCAD41107,NHS,2,iccad4
NHSCAD4784.png,NHSCAD4784,NHS,2,iccad4
NHSCAD42177.png,NHSCAD42177,NHS,0,iccad4
NHSCAD44050.png,NHSCAD44050,NHS,1,iccad4
NHSCAD43403.png,NHSCAD43403,NHS,2,iccad4
NHSCAD43697.png,NHSCAD43697,NHS,0,iccad4
NHSCAD4161.png,NHSCAD4161,NHS,0,iccad4
NHSCAD42220.png,NHSCAD42220,NHS,4,iccad4
NHSCAD43586.png,NHSCAD43586,NHS,3,iccad4
NHSCAD41373.png,NHSCAD41373,NHS,1,iccad4
NHSCAD41467.png,NHSCAD41467,NHS,4,iccad4
NHSCAD4885.png,NHSCAD4885,NHS,4,iccad4
NHSCAD41174.png,NHSCAD41174,NHS,3,iccad4
NHSCAD44254.png,NHSCAD44254,NHS,3,iccad4
NHSCAD4896.png,NHSCAD4896,NHS,1,iccad4
NHSCAD44053.png,NHSCAD44053,NHS,4,iccad4
NHSCAD4397.png,NHSCAD4397,NHS,1,iccad4
NHSCAD4605.png,NHSCAD4605,NHS,1,iccad4
NHSCAD41941.png,NHSCAD41941,NHS,1,iccad4
NHSCAD42477.png,NHSCAD42477,NHS,0,iccad4
NHSCAD4881.png,NHSCAD4881,NHS,1,iccad4
NHSCAD43842.png,NHSCAD43842,NHS,2,iccad4
NHSCAD43698.png,NHSCAD43698,NHS,2,iccad4
NHSCAD41416.png,NHSCAD41416,NHS,4,iccad4
NHSCAD41569.png,NHSCAD41569,NHS,0,iccad4
NHSCAD41103.png,NHSCAD41103,NHS,4,iccad4
NHSCAD41105.png,NHSCAD41105,NHS,3,iccad4
NHSCAD44059.png,NHSCAD44059,NHS,3,iccad4
NHSCAD44426.png,NHSCAD44426,NHS,2,iccad4
NHSCAD42032.png,NHSCAD42032,NHS,0,iccad4
NHSCAD41956.png,NHSCAD41956,NHS,2,iccad4
NHSCAD41728.png,NHSCAD41728,NHS,1,iccad4
NHSCAD4991.png,NHSCAD4991,NHS,3,iccad4
NHSCAD41374.png,NHSCAD41374,NHS,4,iccad4
NHSCAD43022.png,NHSCAD43022,NHS,0,iccad4
NHSCAD42558.png,NHSCAD42558,NHS,3,iccad4
NHSCAD4811.png,NHSCAD4811,NHS,1,iccad4
NHSCAD41281.png,NHSCAD41281,NHS,0,iccad4
NHSCAD44122.png,NHSCAD44122,NHS,0,iccad4
NHSCAD41493.png,NHSCAD41493,NHS,3,iccad4
NHSCAD42303.png,NHSCAD42303,NHS,3,iccad4
NHSCAD41110.png,NHSCAD41110,NHS,1,iccad4
NHSCAD4407.png,NHSCAD4407,NHS,2,iccad4
NHSCAD4639.png,NHSCAD4639,NHS,0,iccad4
NHSCAD41978.png,NHSCAD41978,NHS,1,iccad4
NHSCAD4238.png,NHSCAD4238,NHS,2,iccad4
NHSCAD42758.png,NHSCAD42758,NHS,3,iccad4
NHSCAD43877.png,NHSCAD43877,NHS,0,iccad4
NHSCAD42807.png,NHSCAD42807,NHS,3,iccad4
NHSCAD43542.png,NHSCAD43542,NHS,1,iccad4
NHSCAD4888.png,NHSCAD4888,NHS,0,iccad4
NHSCAD4887.png,NHSCAD4887,NHS,3,iccad4
NHSCAD43051.png,NHSCAD43051,NHS,2,iccad4
NHSCAD41890.png,NHSCAD41890,NHS,0,iccad4
NHSCAD44177.png,NHSCAD44177,NHS,1,iccad4
NHSCAD41961.png,NHSCAD41961,NHS,4,iccad4
NHSCAD43469.png,NHSCAD43469,NHS,1,iccad4
NHSCAD43848.png,NHSCAD43848,NHS,3,iccad4
NHSCAD41905.png,NHSCAD41905,NHS,4,iccad4
HSCAD413.png,HSCAD413,HS,2,iccad4
NHSCAD43198.png,NHSCAD43198,NHS,3,iccad4
NHSCAD41837.png,NHSCAD41837,NHS,1,iccad4
NHSCAD42547.png,NHSCAD42547,NHS,1,iccad4
NHSCAD43478.png,NHSCAD43478,NHS,1,iccad4
NHSCAD42199.png,NHSCAD42199,NHS,3,iccad4
NHSCAD42859.png,NHSCAD42859,NHS,4,iccad4
NHSCAD41118.png,NHSCAD41118,NHS,0,iccad4
NHSCAD4382.png,NHSCAD4382,NHS,2,iccad4
NHSCAD44052.png,NHSCAD44052,NHS,2,iccad4
NHSCAD44473.png,NHSCAD44473,NHS,2,iccad4
NHSCAD42648.png,NHSCAD42648,NHS,2,iccad4
NHSCAD43011.png,NHSCAD43011,NHS,4,iccad4
NHSCAD41885.png,NHSCAD41885,NHS,3,iccad4
NHSCAD41992.png,NHSCAD41992,NHS,1,iccad4
NHSCAD41733.png,NHSCAD41733,NHS,3,iccad4
NHSCAD42765.png,NHSCAD42765,NHS,4,iccad4
NHSCAD42605.png,NHSCAD42605,NHS,0,iccad4
NHSCAD42796.png,NHSCAD42796,NHS,1,iccad4
NHSCAD43223.png,NHSCAD43223,NHS,1,iccad4
NHSCAD43617.png,NHSCAD43617,NHS,3,iccad4
NHSCAD41126.png,NHSCAD41126,NHS,4,iccad4
HSCAD467.png,HSCAD467,HS,4,iccad4
NHSCAD4431.png,NHSCAD4431,NHS,1,iccad4
NHSCAD43010.png,NHSCAD43010,NHS,2,iccad4
NHSCAD44149.png,NHSCAD44149,NHS,4,iccad4
NHSCAD41019.png,NHSCAD41019,NHS,1,iccad4
NHSCAD41388.png,NHSCAD41388,NHS,4,iccad4
NHSCAD41231.png,NHSCAD41231,NHS,0,iccad4
NHSCAD43041.png,NHSCAD43041,NHS,0,iccad4
NHSCAD43649.png,NHSCAD43649,NHS,3,iccad4
NHSCAD4576.png,NHSCAD4576,NHS,3,iccad4
NHSCAD41015.png,NHSCAD41015,NHS,1,iccad4
NHSCAD43743.png,NHSCAD43743,NHS,0,iccad4
NHSCAD42555.png,NHSCAD42555,NHS,0,iccad4
NHSCAD41402.png,NHSCAD41402,NHS,2,iccad4
NHSCAD42187.png,NHSCAD42187,NHS,1,iccad4
NHSCAD42968.png,NHSCAD42968,NHS,0,iccad4
NHSCAD4237.png,NHSCAD4237,NHS,4,iccad4
NHSCAD42289.png,NHSCAD42289,NHS,2,iccad4
NHSCAD43557.png,NHSCAD43557,NHS,2,iccad4
NHSCAD41855.png,NHSCAD41855,NHS,1,iccad4
NHSCAD43957.png,NHSCAD43957,NHS,2,iccad4
NHSCAD42060.png,NHSCAD42060,NHS,1,iccad4
NHSCAD42914.png,NHSCAD42914,NHS,4,iccad4
NHSCAD43991.png,NHSCAD43991,NHS,1,iccad4
HSCAD47.png,HSCAD47,HS,2,iccad4
NHSCAD4861.png,NHSCAD4861,NHS,1,iccad4
HSCAD444.png,HSCAD444,HS,4,iccad4
NHSCAD41737.png,NHSCAD41737,NHS,1,iccad4
NHSCAD42509.png,NHSCAD42509,NHS,4,iccad4
NHSCAD41605.png,NHSCAD41605,NHS,0,iccad4
NHSCAD43103.png,NHSCAD43103,NHS,2,iccad4
NHSCAD44174.png,NHSCAD44174,NHS,2,iccad4
NHSCAD42979.png,NHSCAD42979,NHS,2,iccad4
NHSCAD43044.png,NHSCAD43044,NHS,4,iccad4
NHSCAD4877.png,NHSCAD4877,NHS,3,iccad4
NHSCAD41411.png,NHSCAD41411,NHS,4,iccad4
NHSCAD43249.png,NHSCAD43249,NHS,4,iccad4
NHSCAD41678.png,NHSCAD41678,NHS,3,iccad4
NHSCAD43388.png,NHSCAD43388,NHS,0,iccad4
NHSCAD42794.png,NHSCAD42794,NHS,3,iccad4
NHSCAD42665.png,NHSCAD42665,NHS,1,iccad4
NHSCAD4827.png,NHSCAD4827,NHS,3,iccad4
NHSCAD44099.png,NHSCAD44099,NHS,4,iccad4
NHSCAD42409.png,NHSCAD42409,NHS,0,iccad4
NHSCAD41715.png,NHSCAD41715,NHS,3,iccad4
NHSCAD41304.png,NHSCAD41304,NHS,0,iccad4
NHSCAD44421.png,NHSCAD44421,NHS,2,iccad4
NHSCAD4391.png,NHSCAD4391,NHS,0,iccad4
NHSCAD41965.png,NHSCAD41965,NHS,2,iccad4
NHSCAD4399.png,NHSCAD4399,NHS,4,iccad4
NHSCAD41353.png,NHSCAD41353,NHS,3,iccad4
NHSCAD42318.png,NHSCAD42318,NHS,0,iccad4
NHSCAD44423.png,NHSCAD44423,NHS,4,iccad4
NHSCAD4349.png,NHSCAD4349,NHS,4,iccad4
NHSCAD4772.png,NHSCAD4772,NHS,3,iccad4
NHSCAD44318.png,NHSCAD44318,NHS,2,iccad4
NHSCAD4745.png,NHSCAD4745,NHS,0,iccad4
NHSCAD42634.png,NHSCAD42634,NHS,2,iccad4
NHSCAD4556.png,NHSCAD4556,NHS,3,iccad4
NHSCAD41871.png,NHSCAD41871,NHS,4,iccad4
NHSCAD44258.png,NHSCAD44258,NHS,4,iccad4
NHSCAD43988.png,NHSCAD43988,NHS,3,iccad4
NHSCAD41327.png,NHSCAD41327,NHS,0,iccad4
NHSCAD42054.png,NHSCAD42054,NHS,0,iccad4
NHSCAD41536.png,NHSCAD41536,NHS,0,iccad4
NHSCAD42400.png,NHSCAD42400,NHS,1,iccad4
NHSCAD4282.png,NHSCAD4282,NHS,2,iccad4
NHSCAD44526.png,NHSCAD44526,NHS,4,iccad4
NHSCAD42872.png,NHSCAD42872,NHS,1,iccad4
NHSCAD44326.png,NHSCAD44326,NHS,4,iccad4
NHSCAD4575.png,NHSCAD4575,NHS,1,iccad4
NHSCAD41266.png,NHSCAD41266,NHS,2,iccad4
NHSCAD41942.png,NHSCAD41942,NHS,2,iccad4
NHSCAD41318.png,NHSCAD41318,NHS,0,iccad4
NHSCAD42881.png,NHSCAD42881,NHS,1,iccad4
NHSCAD42347.png,NHSCAD42347,NHS,4,iccad4
NHSCAD4395.png,NHSCAD4395,NHS,0,iccad4
NHSCAD43902.png,NHSCAD43902,NHS,2,iccad4
NHSCAD41836.png,NHSCAD41836,NHS,0,iccad4
NHSCAD42554.png,NHSCAD42554,NHS,4,iccad4
NHSCAD44382.png,NHSCAD44382,NHS,0,iccad4
NHSCAD4860.png,NHSCAD4860,NHS,4,iccad4
NHSCAD43758.png,NHSCAD43758,NHS,3,iccad4
NHSCAD42984.png,NHSCAD42984,NHS,4,iccad4
NHSCAD43620.png,NHSCAD43620,NHS,2,iccad4
NHSCAD42357.png,NHSCAD42357,NHS,2,iccad4
NHSCAD4242.png,NHSCAD4242,NHS,4,iccad4
NHSCAD41702.png,NHSCAD41702,NHS,2,iccad4
NHSCAD4742.png,NHSCAD4742,NHS,3,iccad4
NHSCAD4666.png,NHSCAD4666,NHS,3,iccad4
NHSCAD4422.png,NHSCAD4422,NHS,2,iccad4
NHSCAD41736.png,NHSCAD41736,NHS,0,iccad4
NHSCAD42496.png,NHSCAD42496,NHS,0,iccad4
NHSCAD4520.png,NHSCAD4520,NHS,2,iccad4
NHSCAD4737.png,NHSCAD4737,NHS,3,iccad4
NHSCAD41334.png,NHSCAD41334,NHS,2,iccad4
NHSCAD41606.png,NHSCAD41606,NHS,2,iccad4
NHSCAD41672.png,NHSCAD41672,NHS,1,iccad4
NHSCAD42041.png,NHSCAD42041,NHS,4,iccad4
NHSCAD4808.png,NHSCAD4808,NHS,0,iccad4
NHSCAD42138.png,NHSCAD42138,NHS,4,iccad4
NHSCAD42117.png,NHSCAD42117,NHS,3,iccad4
NHSCAD42464.png,NHSCAD42464,NHS,1,iccad4
NHSCAD43862.png,NHSCAD43862,NHS,4,iccad4
NHSCAD4692.png,NHSCAD4692,NHS,4,iccad4
NHSCAD42416.png,NHSCAD42416,NHS,2,iccad4
NHSCAD42803.png,NHSCAD42803,NHS,4,iccad4
NHSCAD42701.png,NHSCAD42701,NHS,4,iccad4
NHSCAD41850.png,NHSCAD41850,NHS,1,iccad4
NHSCAD4739.png,NHSCAD4739,NHS,4,iccad4
NHSCAD41268.png,NHSCAD41268,NHS,0,iccad4
NHSCAD44249.png,NHSCAD44249,NHS,4,iccad4
NHSCAD4962.png,NHSCAD4962,NHS,0,iccad4
NHSCAD43601.png,NHSCAD43601,NHS,1,iccad4
NHSCAD42362.png,NHSCAD42362,NHS,3,iccad4
NHSCAD43675.png,NHSCAD43675,NHS,2,iccad4
NHSCAD41735.png,NHSCAD41735,NHS,4,iccad4
NHSCAD42856.png,NHSCAD42856,NHS,1,iccad4
NHSCAD42732.png,NHSCAD42732,NHS,1,iccad4
NHSCAD41873.png,NHSCAD41873,NHS,1,iccad4
NHSCAD42956.png,NHSCAD42956,NHS,4,iccad4
NHSCAD41038.png,NHSCAD41038,NHS,1,iccad4
NHSCAD4304.png,NHSCAD4304,NHS,3,iccad4
NHSCAD42777.png,NHSCAD42777,NHS,0,iccad4
NHSCAD42313.png,NHSCAD42313,NHS,0,iccad4
NHSCAD42930.png,NHSCAD42930,NHS,3,iccad4
NHSCAD44334.png,NHSCAD44334,NHS,3,iccad4
NHSCAD43824.png,NHSCAD43824,NHS,2,iccad4
NHSCAD42772.png,NHSCAD42772,NHS,0,iccad4
NHSCAD43544.png,NHSCAD43544,NHS,4,iccad4
NHSCAD41691.png,NHSCAD41691,NHS,3,iccad4
NHSCAD43344.png,NHSCAD43344,NHS,4,iccad4
NHSCAD43673.png,NHSCAD43673,NHS,0,iccad4
NHSCAD43068.png,NHSCAD43068,NHS,1,iccad4
NHSCAD4938.png,NHSCAD4938,NHS,0,iccad4
HSCAD479.png,HSCAD479,HS,1,iccad4
NHSCAD44039.png,NHSCAD44039,NHS,2,iccad4
NHSCAD42850.png,NHSCAD42850,NHS,1,iccad4
NHSCAD44356.png,NHSCAD44356,NHS,2,iccad4
NHSCAD4629.png,NHSCAD4629,NHS,0,iccad4
NHSCAD41640.png,NHSCAD41640,NHS,1,iccad4
NHSCAD41865.png,NHSCAD41865,NHS,2,iccad4
NHSCAD44429.png,NHSCAD44429,NHS,0,iccad4
NHSCAD43581.png,NHSCAD43581,NHS,0,iccad4
NHSCAD41220.png,NHSCAD41220,NHS,3,iccad4
NHSCAD42080.png,NHSCAD42080,NHS,3,iccad4
HSCAD474.png,HSCAD474,HS,2,iccad4
NHSCAD42911.png,NHSCAD42911,NHS,2,iccad4
NHSCAD42512.png,NHSCAD42512,NHS,3,iccad4
NHSCAD42140.png,NHSCAD42140,NHS,0,iccad4
NHSCAD41953.png,NHSCAD41953,NHS,3,iccad4
NHSCAD43979.png,NHSCAD43979,NHS,1,iccad4
NHSCAD4421.png,NHSCAD4421,NHS,0,iccad4
NHSCAD43714.png,NHSCAD43714,NHS,4,iccad4
NHSCAD41862.png,NHSCAD41862,NHS,4,iccad4
NHSCAD41897.png,NHSCAD41897,NHS,1,iccad4
NHSCAD4773.png,NHSCAD4773,NHS,0,iccad4
NHSCAD41431.png,NHSCAD41431,NHS,0,iccad4
NHSCAD43556.png,NHSCAD43556,NHS,1,iccad4
NHSCAD42189.png,NHSCAD42189,NHS,2,iccad4
NHSCAD41952.png,NHSCAD41952,NHS,4,iccad4
NHSCAD41585.png,NHSCAD41585,NHS,4,iccad4
NHSCAD42098.png,NHSCAD42098,NHS,2,iccad4
NHSCAD43355.png,NHSCAD43355,NHS,0,iccad4
NHSCAD42966.png,NHSCAD42966,NHS,2,iccad4
NHSCAD41170.png,NHSCAD41170,NHS,2,iccad4
NHSCAD42898.png,NHSCAD42898,NHS,2,iccad4
NHSCAD41507.png,NHSCAD41507,NHS,2,iccad4
NHSCAD43380.png,NHSCAD43380,NHS,4,iccad4
NHSCAD43007.png,NHSCAD43007,NHS,4,iccad4
NHSCAD41515.png,NHSCAD41515,NHS,0,iccad4
NHSCAD4415.png,NHSCAD4415,NHS,1,iccad4
NHSCAD44530.png,NHSCAD44530,NHS,4,iccad4
NHSCAD4805.png,NHSCAD4805,NHS,4,iccad4
NHSCAD4173.png,NHSCAD4173,NHS,2,iccad4
NHSCAD4682.png,NHSCAD4682,NHS,4,iccad4
NHSCAD41186.png,NHSCAD41186,NHS,0,iccad4
NHSCAD42449.png,NHSCAD42449,NHS,2,iccad4
NHSCAD42446.png,NHSCAD42446,NHS,1,iccad4
NHSCAD41945.png,NHSCAD41945,NHS,0,iccad4
NHSCAD43048.png,NHSCAD43048,NHS,3,iccad4
NHSCAD41707.png,NHSCAD41707,NHS,2,iccad4
NHSCAD44252.png,NHSCAD44252,NHS,3,iccad4
NHSCAD42114.png,NHSCAD42114,NHS,1,iccad4
NHSCAD41979.png,NHSCAD41979,NHS,2,iccad4
NHSCAD4892.png,NHSCAD4892,NHS,3,iccad4
NHSCAD4797.png,NHSCAD4797,NHS,3,iccad4
NHSCAD44338.png,NHSCAD44338,NHS,2,iccad4
NHSCAD4554.png,NHSCAD4554,NHS,0,iccad4
NHSCAD44539.png,NHSCAD44539,NHS,2,iccad4
NHSCAD4833.png,NHSCAD4833,NHS,0,iccad4
HSCAD415.png,HSCAD415,HS,1,iccad4
NHSCAD42007.png,NHSCAD42007,NHS,3,iccad4
NHSCAD42146.png,NHSCAD42146,NHS,1,iccad4
NHSCAD44305.png,NHSCAD44305,NHS,1,iccad4
NHSCAD41421.png,NHSCAD41421,NHS,3,iccad4
NHSCAD42987.png,NHSCAD42987,NHS,1,iccad4
NHSCAD42275.png,NHSCAD42275,NHS,2,iccad4
NHSCAD4821.png,NHSCAD4821,NHS,1,iccad4
NHSCAD42653.png,NHSCAD42653,NHS,3,iccad4
NHSCAD44479.png,NHSCAD44479,NHS,3,iccad4
NHSCAD42711.png,NHSCAD42711,NHS,2,iccad4
NHSCAD41083.png,NHSCAD41083,NHS,1,iccad4
NHSCAD41274.png,NHSCAD41274,NHS,4,iccad4
NHSCAD43615.png,NHSCAD43615,NHS,2,iccad4
NHSCAD42281.png,NHSCAD42281,NHS,0,iccad4
NHSCAD43792.png,NHSCAD43792,NHS,2,iccad4
NHSCAD43719.png,NHSCAD43719,NHS,4,iccad4
NHSCAD43727.png,NHSCAD43727,NHS,1,iccad4
NHSCAD42042.png,NHSCAD42042,NHS,1,iccad4
NHSCAD42720.png,NHSCAD42720,NHS,2,iccad4
NHSCAD41465.png,NHSCAD41465,NHS,0,iccad4
NHSCAD41347.png,NHSCAD41347,NHS,4,iccad4
NHSCAD42193.png,NHSCAD42193,NHS,2,iccad4
NHSCAD44131.png,NHSCAD44131,NHS,0,iccad4
NHSCAD4999.png,NHSCAD4999,NHS,1,iccad4
NHSCAD41823.png,NHSCAD41823,NHS,1,iccad4
NHSCAD44193.png,NHSCAD44193,NHS,3,iccad4
NHSCAD43831.png,NHSCAD43831,NHS,0,iccad4
NHSCAD44386.png,NHSCAD44386,NHS,3,iccad4
NHSCAD4411.png,NHSCAD4411,NHS,1,iccad4
NHSCAD43012.png,NHSCAD43012,NHS,3,iccad4
NHSCAD44167.png,NHSCAD44167,NHS,4,iccad4
NHSCAD41541.png,NHSCAD41541,NHS,0,iccad4
NHSCAD4133.png,NHSCAD4133,NHS,2,iccad4
NHSCAD41766.png,NHSCAD41766,NHS,3,iccad4
NHSCAD41815.png,NHSCAD41815,NHS,2,iccad4
NHSCAD42386.png,NHSCAD42386,NHS,0,iccad4
NHSCAD4394.png,NHSCAD4394,NHS,4,iccad4
NHSCAD4694.png,NHSCAD4694,NHS,0,iccad4
NHSCAD43267.png,NHSCAD43267,NHS,4,iccad4
NHSCAD44414.png,NHSCAD44414,NHS,4,iccad4
NHSCAD43133.png,NHSCAD43133,NHS,4,iccad4
NHSCAD44498.png,NHSCAD44498,NHS,3,iccad4
NHSCAD41366.png,NHSCAD41366,NHS,2,iccad4
NHSCAD4586.png,NHSCAD4586,NHS,3,iccad4
NHSCAD42200.png,NHSCAD42200,NHS,1,iccad4
NHSCAD41393.png,NHSCAD41393,NHS,2,iccad4
NHSCAD42994.png,NHSCAD42994,NHS,3,iccad4
NHSCAD42341.png,NHSCAD42341,NHS,1,iccad4
NHSCAD43595.png,NHSCAD43595,NHS,3,iccad4
NHSCAD41408.png,NHSCAD41408,NHS,3,iccad4
NHSCAD42534.png,NHSCAD42534,NHS,2,iccad4
NHSCAD44501.png,NHSCAD44501,NHS,2,iccad4
NHSCAD42771.png,NHSCAD42771,NHS,3,iccad4
NHSCAD41135.png,NHSCAD41135,NHS,4,iccad4
NHSCAD43726.png,NHSCAD43726,NHS,3,iccad4
NHSCAD42151.png,NHSCAD42151,NHS,4,iccad4
NHSCAD4150.png,NHSCAD4150,NHS,0,iccad4
NHSCAD42692.png,NHSCAD42692,NHS,4,iccad4
NHSCAD4271.png,NHSCAD4271,NHS,1,iccad4
HSCAD43.png,HSCAD43,HS,3,iccad4
NHSCAD4224.png,NHSCAD4224,NHS,3,iccad4
NHSCAD44074.png,NHSCAD44074,NHS,2,iccad4
NHSCAD42980.png,NHSCAD42980,NHS,3,iccad4
NHSCAD4279.png,NHSCAD4279,NHS,4,iccad4
NHSCAD41647.png,NHSCAD41647,NHS,0,iccad4
NHSCAD42795.png,NHSCAD42795,NHS,0,iccad4
NHSCAD43184.png,NHSCAD43184,NHS,4,iccad4
NHSCAD42698.png,NHSCAD42698,NHS,2,iccad4
NHSCAD4404.png,NHSCAD4404,NHS,4,iccad4
NHSCAD43275.png,NHSCAD43275,NHS,2,iccad4
NHSCAD42667.png,NHSCAD42667,NHS,3,iccad4
NHSCAD41781.png,NHSCAD41781,NHS,0,iccad4
NHSCAD43825.png,NHSCAD43825,NHS,3,iccad4
NHSCAD4688.png,NHSCAD4688,NHS,2,iccad4
NHSCAD43978.png,NHSCAD43978,NHS,3,iccad4
NHSCAD42213.png,NHSCAD42213,NHS,0,iccad4
NHSCAD4627.png,NHSCAD4627,NHS,4,iccad4
NHSCAD43156.png,NHSCAD43156,NHS,4,iccad4
NHSCAD43414.png,NHSCAD43414,NHS,3,iccad4
NHSCAD4551.png,NHSCAD4551,NHS,3,iccad4
NHSCAD44310.png,NHSCAD44310,NHS,2,iccad4
NHSCAD42045.png,NHSCAD42045,NHS,0,iccad4
NHSCAD4491.png,NHSCAD4491,NHS,3,iccad4
NHSCAD42450.png,NHSCAD42450,NHS,1,iccad4
NHSCAD42883.png,NHSCAD42883,NHS,0,iccad4
NHSCAD43245.png,NHSCAD43245,NHS,0,iccad4
NHSCAD4287.png,NHSCAD4287,NHS,0,iccad4
NHSCAD42927.png,NHSCAD42927,NHS,1,iccad4
NHSCAD41583.png,NHSCAD41583,NHS,2,iccad4
NHSCAD41543.png,NHSCAD41543,NHS,3,iccad4
NHSCAD41400.png,NHSCAD41400,NHS,1,iccad4
NHSCAD44216.png,NHSCAD44216,NHS,3,iccad4
NHSCAD42502.png,NHSCAD42502,NHS,2,iccad4
NHSCAD43963.png,NHSCAD43963,NHS,0,iccad4
NHSCAD41882.png,NHSCAD41882,NHS,0,iccad4
NHSCAD42974.png,NHSCAD42974,NHS,2,iccad4
NHSCAD42406.png,NHSCAD42406,NHS,4,iccad4
NHSCAD42630.png,NHSCAD42630,NHS,3,iccad4
NHSCAD41221.png,NHSCAD41221,NHS,4,iccad4
NHSCAD41089.png,NHSCAD41089,NHS,2,iccad4
NHSCAD41457.png,NHSCAD41457,NHS,2,iccad4
NHSCAD44511.png,NHSCAD44511,NHS,3,iccad4
NHSCAD42506.png,NHSCAD42506,NHS,1,iccad4
NHSCAD44146.png,NHSCAD44146,NHS,0,iccad4
NHSCAD44354.png,NHSCAD44354,NHS,0,iccad4
NHSCAD42604.png,NHSCAD42604,NHS,4,iccad4
NHSCAD42121.png,NHSCAD42121,NHS,3,iccad4
NHSCAD42244.png,NHSCAD42244,NHS,4,iccad4
NHSCAD41804.png,NHSCAD41804,NHS,0,iccad4
NHSCAD44040.png,NHSCAD44040,NHS,0,iccad4
NHSCAD41839.png,NHSCAD41839,NHS,4,iccad4
NHSCAD42356.png,NHSCAD42356,NHS,4,iccad4
NHSCAD43614.png,NHSCAD43614,NHS,1,iccad4
NHSCAD44085.png,NHSCAD44085,NHS,4,iccad4
NHSCAD4669.png,NHSCAD4669,NHS,0,iccad4
NHSCAD42388.png,NHSCAD42388,NHS,4,iccad4
NHSCAD41542.png,NHSCAD41542,NHS,1,iccad4
NHSCAD41208.png,NHSCAD41208,NHS,3,iccad4
NHSCAD42609.png,NHSCAD42609,NHS,4,iccad4
NHSCAD4262.png,NHSCAD4262,NHS,1,iccad4
NHSCAD43411.png,NHSCAD43411,NHS,1,iccad4
NHSCAD42841.png,NHSCAD42841,NHS,0,iccad4
NHSCAD42504.png,NHSCAD42504,NHS,4,iccad4
NHSCAD4786.png,NHSCAD4786,NHS,1,iccad4
NHSCAD43150.png,NHSCAD43150,NHS,3,iccad4
NHSCAD42191.png,NHSCAD42191,NHS,1,iccad4
NHSCAD41046.png,NHSCAD41046,NHS,1,iccad4
NHSCAD43611.png,NHSCAD43611,NHS,3,iccad4
NHSCAD44529.png,NHSCAD44529,NHS,2,iccad4
NHSCAD42955.png,NHSCAD42955,NHS,1,iccad4
NHSCAD41770.png,NHSCAD41770,NHS,3,iccad4
NHSCAD42993.png,NHSCAD42993,NHS,4,iccad4
NHSCAD41377.png,NHSCAD41377,NHS,0,iccad4
NHSCAD41292.png,NHSCAD41292,NHS,4,iccad4
NHSCAD43441.png,NHSCAD43441,NHS,3,iccad4
NHSCAD4967.png,NHSCAD4967,NHS,1,iccad4
NHSCAD42770.png,NHSCAD42770,NHS,2,iccad4
NHSCAD44443.png,NHSCAD44443,NHS,1,iccad4
NHSCAD4541.png,NHSCAD4541,NHS,3,iccad4
NHSCAD4913.png,NHSCAD4913,NHS,0,iccad4
NHSCAD41856.png,NHSCAD41856,NHS,2,iccad4
NHSCAD44205.png,NHSCAD44205,NHS,0,iccad4
NHSCAD42769.png,NHSCAD42769,NHS,1,iccad4
NHSCAD43121.png,NHSCAD43121,NHS,2,iccad4
NHSCAD41903.png,NHSCAD41903,NHS,3,iccad4
NHSCAD43678.png,NHSCAD43678,NHS,0,iccad4
NHSCAD42427.png,NHSCAD42427,NHS,0,iccad4
NHSCAD44340.png,NHSCAD44340,NHS,0,iccad4
NHSCAD43443.png,NHSCAD43443,NHS,1,iccad4
NHSCAD43125.png,NHSCAD43125,NHS,0,iccad4
NHSCAD42426.png,NHSCAD42426,NHS,3,iccad4
NHSCAD43086.png,NHSCAD43086,NHS,1,iccad4
NHSCAD41623.png,NHSCAD41623,NHS,3,iccad4
NHSCAD4220.png,NHSCAD4220,NHS,0,iccad4
NHSCAD44241.png,NHSCAD44241,NHS,0,iccad4
NHSCAD41608.png,NHSCAD41608,NHS,4,iccad4
NHSCAD41591.png,NHSCAD41591,NHS,0,iccad4
NHSCAD41104.png,NHSCAD41104,NHS,0,iccad4
NHSCAD43104.png,NHSCAD43104,NHS,1,iccad4
NHSCAD42549.png,NHSCAD42549,NHS,3,iccad4
NHSCAD42961.png,NHSCAD42961,NHS,2,iccad4
NHSCAD43428.png,NHSCAD43428,NHS,3,iccad4
NHSCAD44436.png,NHSCAD44436,NHS,3,iccad4
NHSCAD42999.png,NHSCAD42999,NHS,3,iccad4
NHSCAD42085.png,NHSCAD42085,NHS,3,iccad4
NHSCAD4203.png,NHSCAD4203,NHS,3,iccad4
NHSCAD43183.png,NHSCAD43183,NHS,3,iccad4
NHSCAD42824.png,NHSCAD42824,NHS,2,iccad4
NHSCAD41173.png,NHSCAD41173,NHS,1,iccad4
NHSCAD42285.png,NHSCAD42285,NHS,3,iccad4
NHSCAD4795.png,NHSCAD4795,NHS,4,iccad4
NHSCAD43285.png,NHSCAD43285,NHS,4,iccad4
NHSCAD42707.png,NHSCAD42707,NHS,2,iccad4
NHSCAD4522.png,NHSCAD4522,NHS,4,iccad4
NHSCAD42181.png,NHSCAD42181,NHS,0,iccad4
NHSCAD44298.png,NHSCAD44298,NHS,3,iccad4
NHSCAD41731.png,NHSCAD41731,NHS,0,iccad4
NHSCAD42776.png,NHSCAD42776,NHS,3,iccad4
NHSCAD44068.png,NHSCAD44068,NHS,0,iccad4
NHSCAD4757.png,NHSCAD4757,NHS,3,iccad4
NHSCAD42438.png,NHSCAD42438,NHS,4,iccad4
NHSCAD43742.png,NHSCAD43742,NHS,4,iccad4
NHSCAD4511.png,NHSCAD4511,NHS,3,iccad4
NHSCAD41838.png,NHSCAD41838,NHS,2,iccad4
NHSCAD4245.png,NHSCAD4245,NHS,0,iccad4
NHSCAD42539.png,NHSCAD42539,NHS,2,iccad4
NHSCAD43514.png,NHSCAD43514,NHS,0,iccad4
NHSCAD42565.png,NHSCAD42565,NHS,1,iccad4
NHSCAD41385.png,NHSCAD41385,NHS,3,iccad4
NHSCAD4875.png,NHSCAD4875,NHS,4,iccad4
NHSCAD4611.png,NHSCAD4611,NHS,3,iccad4
NHSCAD41039.png,NHSCAD41039,NHS,4,iccad4
NHSCAD42122.png,NHSCAD42122,NHS,0,iccad4
NHSCAD43919.png,NHSCAD43919,NHS,0,iccad4
NHSCAD42631.png,NHSCAD42631,NHS,0,iccad4
NHSCAD42507.png,NHSCAD42507,NHS,2,iccad4
HSCAD488.png,HSCAD488,HS,1,iccad4
NHSCAD44330.png,NHSCAD44330,NHS,4,iccad4
NHSCAD43073.png,NHSCAD43073,NHS,4,iccad4
NHSCAD42161.png,NHSCAD42161,NHS,2,iccad4
NHSCAD43661.png,NHSCAD43661,NHS,2,iccad4
NHSCAD4357.png,NHSCAD4357,NHS,1,iccad4
NHSCAD43425.png,NHSCAD43425,NHS,1,iccad4
NHSCAD43237.png,NHSCAD43237,NHS,1,iccad4
NHSCAD41222.png,NHSCAD41222,NHS,3,iccad4
NHSCAD41248.png,NHSCAD41248,NHS,2,iccad4
NHSCAD41683.png,NHSCAD41683,NHS,0,iccad4
NHSCAD44379.png,NHSCAD44379,NHS,2,iccad4
NHSCAD41479.png,NHSCAD41479,NHS,2,iccad4
NHSCAD44349.png,NHSCAD44349,NHS,4,iccad4
NHSCAD4523.png,NHSCAD4523,NHS,0,iccad4
NHSCAD44060.png,NHSCAD44060,NHS,1,iccad4
NHSCAD41442.png,NHSCAD41442,NHS,2,iccad4
NHSCAD43645.png,NHSCAD43645,NHS,4,iccad4
NHSCAD44017.png,NHSCAD44017,NHS,4,iccad4
NHSCAD41639.png,NHSCAD41639,NHS,2,iccad4
NHSCAD43888.png,NHSCAD43888,NHS,1,iccad4
NHSCAD44285.png,NHSCAD44285,NHS,4,iccad4
NHSCAD41673.png,NHSCAD41673,NHS,3,iccad4
NHSCAD4713.png,NHSCAD4713,NHS,2,iccad4
NHSCAD4111.png,NHSCAD4111,NHS,3,iccad4
NHSCAD41489.png,NHSCAD41489,NHS,2,iccad4
NHSCAD43080.png,NHSCAD43080,NHS,3,iccad4
NHSCAD42093.png,NHSCAD42093,NHS,2,iccad4
NHSCAD43453.png,NHSCAD43453,NHS,2,iccad4
NHSCAD42219.png,NHSCAD42219,NHS,0,iccad4
NHSCAD41218.png,NHSCAD41218,NHS,0,iccad4
NHSCAD4342.png,NHSCAD4342,NHS,4,iccad4
NHSCAD43561.png,NHSCAD43561,NHS,2,iccad4
NHSCAD43484.png,NHSCAD43484,NHS,3,iccad4
NHSCAD41847.png,NHSCAD41847,NHS,1,iccad4
NHSCAD42677.png,NHSCAD42677,NHS,0,iccad4
NHSCAD4151.png,NHSCAD4151,NHS,0,iccad4
NHSCAD42762.png,NHSCAD42762,NHS,3,iccad4
NHSCAD4102.png,NHSCAD4102,NHS,2,iccad4
NHSCAD42916.png,NHSCAD42916,NHS,2,iccad4
NHSCAD42619.png,NHSCAD42619,NHS,4,iccad4
NHSCAD42728.png,NHSCAD42728,NHS,1,iccad4
NHSCAD43126.png,NHSCAD43126,NHS,2,iccad4
NHSCAD42050.png,NHSCAD42050,NHS,4,iccad4
NHSCAD4231.png,NHSCAD4231,NHS,4,iccad4
NHSCAD43633.png,NHSCAD43633,NHS,1,iccad4
NHSCAD43822.png,NHSCAD43822,NHS,0,iccad4
NHSCAD43291.png,NHSCAD43291,NHS,1,iccad4
NHSCAD43099.png,NHSCAD43099,NHS,2,iccad4
NHSCAD44124.png,NHSCAD44124,NHS,2,iccad4
NHSCAD44359.png,NHSCAD44359,NHS,0,iccad4
NHSCAD41592.png,NHSCAD41592,NHS,2,iccad4
NHSCAD44461.png,NHSCAD44461,NHS,1,iccad4
NHSCAD44491.png,NHSCAD44491,NHS,2,iccad4
NHSCAD44342.png,NHSCAD44342,NHS,2,iccad4
NHSCAD41284.png,NHSCAD41284,NHS,2,iccad4
NHSCAD42027.png,NHSCAD42027,NHS,0,iccad4
NHSCAD4842.png,NHSCAD4842,NHS,3,iccad4
NHSCAD44282.png,NHSCAD44282,NHS,1,iccad4
NHSCAD41319.png,NHSCAD41319,NHS,1,iccad4
NHSCAD44244.png,NHSCAD44244,NHS,4,iccad4
NHSCAD4704.png,NHSCAD4704,NHS,4,iccad4
NHSCAD4165.png,NHSCAD4165,NHS,1,iccad4
NHSCAD43851.png,NHSCAD43851,NHS,2,iccad4
NHSCAD41295.png,NHSCAD41295,NHS,0,iccad4
NHSCAD41893.png,NHSCAD41893,NHS,2,iccad4
NHSCAD41087.png,NHSCAD41087,NHS,0,iccad4
NHSCAD41730.png,NHSCAD41730,NHS,4,iccad4
NHSCAD42571.png,NHSCAD42571,NHS,3,iccad4
NHSCAD42167.png,NHSCAD42167,NHS,3,iccad4
NHSCAD43195.png,NHSCAD43195,NHS,0,iccad4
NHSCAD43800.png,NHSCAD43800,NHS,1,iccad4
NHSCAD43467.png,NHSCAD43467,NHS,4,iccad4
NHSCAD44118.png,NHSCAD44118,NHS,0,iccad4
NHSCAD43271.png,NHSCAD43271,NHS,3,iccad4
NHSCAD43034.png,NHSCAD43034,NHS,3,iccad4
NHSCAD43410.png,NHSCAD43410,NHS,4,iccad4
NHSCAD43369.png,NHSCAD43369,NHS,0,iccad4
NHSCAD44445.png,NHSCAD44445,NHS,3,iccad4
NHSCAD44344.png,NHSCAD44344,NHS,4,iccad4
NHSCAD42962.png,NHSCAD42962,NHS,3,iccad4
NHSCAD43546.png,NHSCAD43546,NHS,0,iccad4
NHSCAD43472.png,NHSCAD43472,NHS,0,iccad4
NHSCAD44262.png,NHSCAD44262,NHS,4,iccad4
NHSCAD41928.png,NHSCAD41928,NHS,1,iccad4
NHSCAD42712.png,NHSCAD42712,NHS,3,iccad4
NHSCAD42562.png,NHSCAD42562,NHS,3,iccad4
NHSCAD4648.png,NHSCAD4648,NHS,2,iccad4
HSCAD49.png,HSCAD49,HS,2,iccad4
NHSCAD41069.png,NHSCAD41069,NHS,3,iccad4
NHSCAD41638.png,NHSCAD41638,NHS,0,iccad4
NHSCAD42527.png,NHSCAD42527,NHS,4,iccad4
NHSCAD4317.png,NHSCAD4317,NHS,1,iccad4
NHSCAD41881.png,NHSCAD41881,NHS,4,iccad4
NHSCAD41523.png,NHSCAD41523,NHS,0,iccad4
NHSCAD44065.png,NHSCAD44065,NHS,4,iccad4
NHSCAD43880.png,NHSCAD43880,NHS,4,iccad4
NHSCAD43206.png,NHSCAD43206,NHS,2,iccad4
NHSCAD44201.png,NHSCAD44201,NHS,2,iccad4
NHSCAD43074.png,NHSCAD43074,NHS,0,iccad4
NHSCAD42697.png,NHSCAD42697,NHS,4,iccad4
NHSCAD4488.png,NHSCAD4488,NHS,0,iccad4
NHSCAD4909.png,NHSCAD4909,NHS,2,iccad4
NHSCAD4202.png,NHSCAD4202,NHS,2,iccad4
NHSCAD42206.png,NHSCAD42206,NHS,1,iccad4
NHSCAD4293.png,NHSCAD4293,NHS,2,iccad4
NHSCAD43582.png,NHSCAD43582,NHS,1,iccad4
NHSCAD44523.png,NHSCAD44523,NHS,0,iccad4
NHSCAD43216.png,NHSCAD43216,NHS,3,iccad4
NHSCAD41427.png,NHSCAD41427,NHS,0,iccad4
NHSCAD41296.png,NHSCAD41296,NHS,1,iccad4
HSCAD416.png,HSCAD416,HS,3,iccad4
NHSCAD4813.png,NHSCAD4813,NHS,0,iccad4
NHSCAD4681.png,NHSCAD4681,NHS,3,iccad4
NHSCAD4277.png,NHSCAD4277,NHS,4,iccad4
HSCAD433.png,HSCAD433,HS,1,iccad4
NHSCAD44355.png,NHSCAD44355,NHS,1,iccad4
NHSCAD42401.png,NHSCAD42401,NHS,4,iccad4
NHSCAD42432.png,NHSCAD42432,NHS,1,iccad4
NHSCAD42948.png,NHSCAD42948,NHS,2,iccad4
NHSCAD43221.png,NHSCAD43221,NHS,4,iccad4
NHSCAD44295.png,NHSCAD44295,NHS,0,iccad4
NHSCAD42575.png,NHSCAD42575,NHS,2,iccad4
NHSCAD42959.png,NHSCAD42959,NHS,0,iccad4
NHSCAD4950.png,NHSCAD4950,NHS,4,iccad4
NHSCAD44113.png,NHSCAD44113,NHS,0,iccad4
NHSCAD4189.png,NHSCAD4189,NHS,3,iccad4
NHSCAD43903.png,NHSCAD43903,NHS,4,iccad4
NHSCAD42278.png,NHSCAD42278,NHS,4,iccad4
NHSCAD44497.png,NHSCAD44497,NHS,2,iccad4
NHSCAD42843.png,NHSCAD42843,NHS,4,iccad4
NHSCAD42826.png,NHSCAD42826,NHS,3,iccad4
NHSCAD41190.png,NHSCAD41190,NHS,0,iccad4
NHSCAD42775.png,NHSCAD42775,NHS,2,iccad4
NHSCAD42652.png,NHSCAD42652,NHS,2,iccad4
NHSCAD43473.png,NHSCAD43473,NHS,1,iccad4
NHSCAD41072.png,NHSCAD41072,NHS,0,iccad4
NHSCAD44365.png,NHSCAD44365,NHS,1,iccad4
NHSCAD4874.png,NHSCAD4874,NHS,2,iccad4
NHSCAD42202.png,NHSCAD42202,NHS,2,iccad4
NHSCAD43239.png,NHSCAD43239,NHS,3,iccad4
NHSCAD44057.png,NHSCAD44057,NHS,3,iccad4
NHSCAD43890.png,NHSCAD43890,NHS,3,iccad4
NHSCAD44502.png,NHSCAD44502,NHS,3,iccad4
NHSCAD41362.png,NHSCAD41362,NHS,3,iccad4
NHSCAD41420.png,NHSCAD41420,NHS,4,iccad4
NHSCAD43728.png,NHSCAD43728,NHS,4,iccad4
NHSCAD42662.png,NHSCAD42662,NHS,3,iccad4
NHSCAD44225.png,NHSCAD44225,NHS,3,iccad4
NHSCAD4519.png,NHSCAD4519,NHS,1,iccad4
NHSCAD4626.png,NHSCAD4626,NHS,3,iccad4
NHSCAD43732.png,NHSCAD43732,NHS,2,iccad4
NHSCAD43464.png,NHSCAD43464,NHS,1,iccad4
NHSCAD41185.png,NHSCAD41185,NHS,2,iccad4
NHSCAD43774.png,NHSCAD43774,NHS,2,iccad4
NHSCAD4768.png,NHSCAD4768,NHS,0,iccad4
NHSCAD4375.png,NHSCAD4375,NHS,0,iccad4
NHSCAD4126.png,NHSCAD4126,NHS,0,iccad4
NHSCAD4819.png,NHSCAD4819,NHS,2,iccad4
NHSCAD43737.png,NHSCAD43737,NHS,2,iccad4
NHSCAD42301.png,NHSCAD42301,NHS,1,iccad4
NHSCAD42862.png,NHSCAD42862,NHS,3,iccad4
NHSCAD41689.png,NHSCAD41689,NHS,2,iccad4
NHSCAD4804.png,NHSCAD4804,NHS,2,iccad4
NHSCAD42424.png,NHSCAD42424,NHS,4,iccad4
HSCAD410.png,HSCAD410,HS,2,iccad4
NHSCAD44525.png,NHSCAD44525,NHS,3,iccad4
NHSCAD41364.png,NHSCAD41364,NHS,1,iccad4
NHSCAD41227.png,NHSCAD41227,NHS,0,iccad4
NHSCAD41348.png,NHSCAD41348,NHS,2,iccad4
NHSCAD41324.png,NHSCAD41324,NHS,4,iccad4
NHSCAD41546.png,NHSCAD41546,NHS,1,iccad4
NHSCAD42845.png,NHSCAD42845,NHS,0,iccad4
NHSCAD42283.png,NHSCAD42283,NHS,1,iccad4
NHSCAD43098.png,NHSCAD43098,NHS,0,iccad4
NHSCAD4260.png,NHSCAD4260,NHS,4,iccad4
NHSCAD44239.png,NHSCAD44239,NHS,2,iccad4
NHSCAD43676.png,NHSCAD43676,NHS,3,iccad4
NHSCAD43672.png,NHSCAD43672,NHS,4,iccad4
NHSCAD41277.png,NHSCAD41277,NHS,0,iccad4
NHSCAD4248.png,NHSCAD4248,NHS,4,iccad4
NHSCAD4592.png,NHSCAD4592,NHS,4,iccad4
NHSCAD43639.png,NHSCAD43639,NHS,2,iccad4
NHSCAD43243.png,NHSCAD43243,NHS,3,iccad4
NHSCAD43596.png,NHSCAD43596,NHS,0,iccad4
NHSCAD4285.png,NHSCAD4285,NHS,0,iccad4
NHSCAD44028.png,NHSCAD44028,NHS,1,iccad4
NHSCAD42654.png,NHSCAD42654,NHS,0,iccad4
NHSCAD4112.png,NHSCAD4112,NHS,1,iccad4
NHSCAD43692.png,NHSCAD43692,NHS,0,iccad4
NHSCAD4267.png,NHSCAD4267,NHS,1,iccad4
NHSCAD4280.png,NHSCAD4280,NHS,0,iccad4
NHSCAD43490.png,NHSCAD43490,NHS,3,iccad4
NHSCAD44335.png,NHSCAD44335,NHS,4,iccad4
NHSCAD4960.png,NHSCAD4960,NHS,4,iccad4
NHSCAD41525.png,NHSCAD41525,NHS,3,iccad4
NHSCAD41949.png,NHSCAD41949,NHS,3,iccad4
NHSCAD41030.png,NHSCAD41030,NHS,4,iccad4
NHSCAD41003.png,NHSCAD41003,NHS,4,iccad4
NHSCAD42025.png,NHSCAD42025,NHS,3,iccad4
NHSCAD44221.png,NHSCAD44221,NHS,4,iccad4
NHSCAD41845.png,NHSCAD41845,NHS,2,iccad4
NHSCAD43227.png,NHSCAD43227,NHS,0,iccad4
NHSCAD4776.png,NHSCAD4776,NHS,1,iccad4
NHSCAD43498.png,NHSCAD43498,NHS,2,iccad4
NHSCAD43817.png,NHSCAD43817,NHS,4,iccad4
NHSCAD43360.png,NHSCAD43360,NHS,1,iccad4
NHSCAD4160.png,NHSCAD4160,NHS,1,iccad4
NHSCAD4199.png,NHSCAD4199,NHS,3,iccad4
NHSCAD43766.png,NHSCAD43766,NHS,4,iccad4
NHSCAD41236.png,NHSCAD41236,NHS,0,iccad4
NHSCAD4563.png,NHSCAD4563,NHS,2,iccad4
NHSCAD4850.png,NHSCAD4850,NHS,4,iccad4
NHSCAD4512.png,NHSCAD4512,NHS,4,iccad4
NHSCAD41245.png,NHSCAD41245,NHS,4,iccad4
NHSCAD43140.png,NHSCAD43140,NHS,1,iccad4
NHSCAD41653.png,NHSCAD41653,NHS,4,iccad4
NHSCAD43604.png,NHSCAD43604,NHS,0,iccad4
NHSCAD41161.png,NHSCAD41161,NHS,2,iccad4
NHSCAD42715.png,NHSCAD42715,NHS,4,iccad4
NHSCAD42682.png,NHSCAD42682,NHS,4,iccad4
NHSCAD4939.png,NHSCAD4939,NHS,2,iccad4
NHSCAD4879.png,NHSCAD4879,NHS,2,iccad4
NHSCAD41632.png,NHSCAD41632,NHS,3,iccad4
NHSCAD4110.png,NHSCAD4110,NHS,3,iccad4
NHSCAD43580.png,NHSCAD43580,NHS,4,iccad4
NHSCAD4569.png,NHSCAD4569,NHS,0,iccad4
NHSCAD41754.png,NHSCAD41754,NHS,0,iccad4
NHSCAD42873.png,NHSCAD42873,NHS,4,iccad4
NHSCAD4174.png,NHSCAD4174,NHS,4,iccad4
NHSCAD44005.png,NHSCAD44005,NHS,1,iccad4
NHSCAD42741.png,NHSCAD42741,NHS,1,iccad4
NHSCAD4258.png,NHSCAD4258,NHS,2,iccad4
NHSCAD42417.png,NHSCAD42417,NHS,3,iccad4
NHSCAD43294.png,NHSCAD43294,NHS,4,iccad4
NHSCAD43996.png,NHSCAD43996,NHS,1,iccad4
NHSCAD42542.png,NHSCAD42542,NHS,1,iccad4
NHSCAD43078.png,NHSCAD43078,NHS,4,iccad4
NHSCAD41726.png,NHSCAD41726,NHS,4,iccad4
NHSCAD43250.png,NHSCAD43250,NHS,4,iccad4
NHSCAD4570.png,NHSCAD4570,NHS,1,iccad4
NHSCAD43420.png,NHSCAD43420,NHS,1,iccad4
NHSCAD43071.png,NHSCAD43071,NHS,4,iccad4
NHSCAD4365.png,NHSCAD4365,NHS,4,iccad4
NHSCAD41660.png,NHSCAD41660,NHS,0,iccad4
NHSCAD43321.png,NHSCAD43321,NHS,3,iccad4
NHSCAD4606.png,NHSCAD4606,NHS,3,iccad4
NHSCAD4176.png,NHSCAD4176,NHS,1,iccad4
NHSCAD44477.png,NHSCAD44477,NHS,0,iccad4
NHSCAD43917.png,NHSCAD43917,NHS,4,iccad4
NHSCAD4362.png,NHSCAD4362,NHS,1,iccad4
NHSCAD42259.png,NHSCAD42259,NHS,0,iccad4
NHSCAD43749.png,NHSCAD43749,NHS,3,iccad4
NHSCAD42169.png,NHSCAD42169,NHS,1,iccad4
NHSCAD42147.png,NHSCAD42147,NHS,4,iccad4
NHSCAD41056.png,NHSCAD41056,NHS,2,iccad4
NHSCAD44142.png,NHSCAD44142,NHS,2,iccad4
HSCAD423.png,HSCAD423,HS,0,iccad4
NHSCAD43035.png,NHSCAD43035,NHS,4,iccad4
NHSCAD43786.png,NHSCAD43786,NHS,0,iccad4
NHSCAD41490.png,NHSCAD41490,NHS,2,iccad4
NHSCAD4546.png,NHSCAD4546,NHS,3,iccad4
NHSCAD42225.png,NHSCAD42225,NHS,3,iccad4
NHSCAD41369.png,NHSCAD41369,NHS,1,iccad4
NHSCAD43327.png,NHSCAD43327,NHS,0,iccad4
NHSCAD44457.png,NHSCAD44457,NHS,1,iccad4
NHSCAD43251.png,NHSCAD43251,NHS,1,iccad4
NHSCAD43043.png,NHSCAD43043,NHS,3,iccad4
NHSCAD42334.png,NHSCAD42334,NHS,2,iccad4
NHSCAD41725.png,NHSCAD41725,NHS,2,iccad4
NHSCAD43674.png,NHSCAD43674,NHS,1,iccad4
NHSCAD43397.png,NHSCAD43397,NHS,0,iccad4
NHSCAD4227.png,NHSCAD4227,NHS,1,iccad4
NHSCAD4853.png,NHSCAD4853,NHS,0,iccad4
NHSCAD42031.png,NHSCAD42031,NHS,4,iccad4
NHSCAD41671.png,NHSCAD41671,NHS,4,iccad4
NHSCAD42876.png,NHSCAD42876,NHS,3,iccad4
HSCAD469.png,HSCAD469,HS,1,iccad4
NHSCAD43640.png,NHSCAD43640,NHS,4,iccad4
NHSCAD42223.png,NHSCAD42223,NHS,1,iccad4
NHSCAD4658.png,NHSCAD4658,NHS,2,iccad4
NHSCAD41051.png,NHSCAD41051,NHS,0,iccad4
NHSCAD42520.png,NHSCAD42520,NHS,2,iccad4
NHSCAD41962.png,NHSCAD41962,NHS,3,iccad4
NHSCAD44364.png,NHSCAD44364,NHS,4,iccad4
NHSCAD43801.png,NHSCAD43801,NHS,2,iccad4
NHSCAD4130.png,NHSCAD4130,NHS,0,iccad4
NHSCAD42892.png,NHSCAD42892,NHS,0,iccad4
NHSCAD43627.png,NHSCAD43627,NHS,4,iccad4
NHSCAD42500.png,NHSCAD42500,NHS,0,iccad4
NHSCAD4923.png,NHSCAD4923,NHS,0,iccad4
NHSCAD43539.png,NHSCAD43539,NHS,2,iccad4
NHSCAD43951.png,NHSCAD43951,NHS,1,iccad4
NHSCAD4636.png,NHSCAD4636,NHS,3,iccad4
NHSCAD41075.png,NHSCAD41075,NHS,3,iccad4
NHSCAD44488.png,NHSCAD44488,NHS,3,iccad4
NHSCAD44206.png,NHSCAD44206,NHS,2,iccad4
NHSCAD43076.png,NHSCAD43076,NHS,3,iccad4
NHSCAD4893.png,NHSCAD4893,NHS,0,iccad4
NHSCAD42078.png,NHSCAD42078,NHS,1,iccad4
NHSCAD4918.png,NHSCAD4918,NHS,0,iccad4
NHSCAD43170.png,NHSCAD43170,NHS,3,iccad4
NHSCAD41228.png,NHSCAD41228,NHS,1,iccad4
NHSCAD42408.png,NHSCAD42408,NHS,3,iccad4
NHSCAD42989.png,NHSCAD42989,NHS,4,iccad4
NHSCAD43513.png,NHSCAD43513,NHS,3,iccad4
NHSCAD43820.png,NHSCAD43820,NHS,3,iccad4
NHSCAD4801.png,NHSCAD4801,NHS,1,iccad4
NHSCAD42908.png,NHSCAD42908,NHS,3,iccad4
NHSCAD41409.png,NHSCAD41409,NHS,2,iccad4
NHSCAD43763.png,NHSCAD43763,NHS,0,iccad4
NHSCAD4120.png,NHSCAD4120,NHS,0,iccad4
NHSCAD44485.png,NHSCAD44485,NHS,1,iccad4
NHSCAD41098.png,NHSCAD41098,NHS,2,iccad4
NHSCAD41071.png,NHSCAD41071,NHS,4,iccad4
NHSCAD44394.png,NHSCAD44394,NHS,2,iccad4
NHSCAD43096.png,NHSCAD43096,NHS,3,iccad4
NHSCAD42997.png,NHSCAD42997,NHS,2,iccad4
NHSCAD4513.png,NHSCAD4513,NHS,0,iccad4
HSCAD48.png,HSCAD48,HS,2,iccad4
HSCAD449.png,HSCAD449,HS,4,iccad4
NHSCAD4672.png,NHSCAD4672,NHS,4,iccad4
NHSCAD4432.png,NHSCAD4432,NHS,1,iccad4
NHSCAD41906.png,NHSCAD41906,NHS,1,iccad4
NHSCAD43643.png,NHSCAD43643,NHS,2,iccad4
NHSCAD41519.png,NHSCAD41519,NHS,0,iccad4
NHSCAD4464.png,NHSCAD4464,NHS,1,iccad4
NHSCAD43686.png,NHSCAD43686,NHS,4,iccad4
NHSCAD43442.png,NHSCAD43442,NHS,4,iccad4
NHSCAD44440.png,NHSCAD44440,NHS,3,iccad4
NHSCAD41370.png,NHSCAD41370,NHS,2,iccad4
NHSCAD41140.png,NHSCAD41140,NHS,0,iccad4
NHSCAD4806.png,NHSCAD4806,NHS,1,iccad4
NHSCAD44092.png,NHSCAD44092,NHS,2,iccad4
NHSCAD42327.png,NHSCAD42327,NHS,0,iccad4
NHSCAD43253.png,NHSCAD43253,NHS,3,iccad4
NHSCAD41244.png,NHSCAD41244,NHS,4,iccad4
NHSCAD43855.png,NHSCAD43855,NHS,1,iccad4
NHSCAD42919.png,NHSCAD42919,NHS,4,iccad4
NHSCAD41321.png,NHSCAD41321,NHS,3,iccad4
NHSCAD44372.png,NHSCAD44372,NHS,0,iccad4
NHSCAD41825.png,NHSCAD41825,NHS,3,iccad4
NHSCAD41555.png,NHSCAD41555,NHS,0,iccad4
NHSCAD43597.png,NHSCAD43597,NHS,1,iccad4
NHSCAD41909.png,NHSCAD41909,NHS,0,iccad4
NHSCAD41041.png,NHSCAD41041,NHS,0,iccad4
NHSCAD41681.png,NHSCAD41681,NHS,1,iccad4
NHSCAD43694.png,NHSCAD43694,NHS,3,iccad4
NHSCAD43160.png,NHSCAD43160,NHS,4,iccad4
NHSCAD42088.png,NHSCAD42088,NHS,4,iccad4
NHSCAD41974.png,NHSCAD41974,NHS,2,iccad4
NHSCAD43598.png,NHSCAD43598,NHS,2,iccad4
NHSCAD4708.png,NHSCAD4708,NHS,2,iccad4
NHSCAD42837.png,NHSCAD42837,NHS,1,iccad4
NHSCAD4935.png,NHSCAD4935,NHS,3,iccad4
NHSCAD43591.png,NHSCAD43591,NHS,1,iccad4
NHSCAD42248.png,NHSCAD42248,NHS,3,iccad4
NHSCAD4367.png,NHSCAD4367,NHS,1,iccad4
NHSCAD41618.png,NHSCAD41618,NHS,1,iccad4
NHSCAD41899.png,NHSCAD41899,NHS,3,iccad4
NHSCAD42103.png,NHSCAD42103,NHS,3,iccad4
NHSCAD43621.png,NHSCAD43621,NHS,3,iccad4
NHSCAD42242.png,NHSCAD42242,NHS,2,iccad4
NHSCAD41649.png,NHSCAD41649,NHS,4,iccad4
NHSCAD4653.png,NHSCAD4653,NHS,2,iccad4
NHSCAD41716.png,NHSCAD41716,NHS,2,iccad4
NHSCAD43075.png,NHSCAD43075,NHS,2,iccad4
NHSCAD43927.png,NHSCAD43927,NHS,3,iccad4
NHSCAD41006.png,NHSCAD41006,NHS,1,iccad4
NHSCAD44519.png,NHSCAD44519,NHS,0,iccad4
NHSCAD44508.png,NHSCAD44508,NHS,4,iccad4
NHSCAD44504.png,NHSCAD44504,NHS,0,iccad4
NHSCAD41285.png,NHSCAD41285,NHS,3,iccad4
NHSCAD44119.png,NHSCAD44119,NHS,1,iccad4
NHSCAD42825.png,NHSCAD42825,NHS,4,iccad4
NHSCAD4472.png,NHSCAD4472,NHS,4,iccad4
NHSCAD42746.png,NHSCAD42746,NHS,1,iccad4
NHSCAD41680.png,NHSCAD41680,NHS,4,iccad4
NHSCAD41563.png,NHSCAD41563,NHS,1,iccad4
NHSCAD43261.png,NHSCAD43261,NHS,3,iccad4
NHSCAD42315.png,NHSCAD42315,NHS,1,iccad4
NHSCAD42721.png,NHSCAD42721,NHS,3,iccad4
NHSCAD41870.png,NHSCAD41870,NHS,3,iccad4
NHSCAD44381.png,NHSCAD44381,NHS,2,iccad4
NHSCAD41692.png,NHSCAD41692,NHS,0,iccad4
NHSCAD41097.png,NHSCAD41097,NHS,1,iccad4
NHSCAD43696.png,NHSCAD43696,NHS,4,iccad4
NHSCAD43235.png,NHSCAD43235,NHS,3,iccad4
NHSCAD4178.png,NHSCAD4178,NHS,3,iccad4
NHSCAD41258.png,NHSCAD41258,NHS,3,iccad4
NHSCAD4297.png,NHSCAD4297,NHS,4,iccad4
NHSCAD4897.png,NHSCAD4897,NHS,3,iccad4
NHSCAD41018.png,NHSCAD41018,NHS,0,iccad4
NHSCAD4230.png,NHSCAD4230,NHS,0,iccad4
NHSCAD42237.png,NHSCAD42237,NHS,1,iccad4
NHSCAD41474.png,NHSCAD41474,NHS,2,iccad4
NHSCAD4674.png,NHSCAD4674,NHS,0,iccad4
NHSCAD4525.png,NHSCAD4525,NHS,2,iccad4
NHSCAD42046.png,NHSCAD42046,NHS,4,iccad4
NHSCAD41927.png,NHSCAD41927,NHS,0,iccad4
NHSCAD42587.png,NHSCAD42587,NHS,0,iccad4
NHSCAD4125.png,NHSCAD4125,NHS,4,iccad4
NHSCAD41024.png,NHSCAD41024,NHS,1,iccad4
NHSCAD42374.png,NHSCAD42374,NHS,4,iccad4
NHSCAD43374.png,NHSCAD43374,NHS,1,iccad4
NHSCAD43680.png,NHSCAD43680,NHS,3,iccad4
NHSCAD42918.png,NHSCAD42918,NHS,1,iccad4
NHSCAD4970.png,NHSCAD4970,NHS,0,iccad4
NHSCAD4607.png,NHSCAD4607,NHS,4,iccad4
NHSCAD43992.png,NHSCAD43992,NHS,3,iccad4
NHSCAD43530.png,NHSCAD43530,NHS,4,iccad4
NHSCAD41384.png,NHSCAD41384,NHS,2,iccad4
NHSCAD41655.png,NHSCAD41655,NHS,3,iccad4
NHSCAD41662.png,NHSCAD41662,NHS,4,iccad4
NHSCAD41558.png,NHSCAD41558,NHS,4,iccad4
NHSCAD42971.png,NHSCAD42971,NHS,3,iccad4
NHSCAD41129.png,NHSCAD41129,NHS,1,iccad4
NHSCAD44175.png,NHSCAD44175,NHS,3,iccad4
NHSCAD42861.png,NHSCAD42861,NHS,2,iccad4
NHSCAD42070.png,NHSCAD42070,NHS,2,iccad4
NHSCAD43895.png,NHSCAD43895,NHS,3,iccad4
NHSCAD41699.png,NHSCAD41699,NHS,4,iccad4
NHSCAD42519.png,NHSCAD42519,NHS,0,iccad4
NHSCAD43399.png,NHSCAD43399,NHS,2,iccad4
NHSCAD42366.png,NHSCAD42366,NHS,2,iccad4
NHSCAD4823.png,NHSCAD4823,NHS,0,iccad4
NHSCAD42107.png,NHSCAD42107,NHS,2,iccad4
NHSCAD4855.png,NHSCAD4855,NHS,4,iccad4
NHSCAD43128.png,NHSCAD43128,NHS,3,iccad4
NHSCAD42848.png,NHSCAD42848,NHS,3,iccad4
NHSCAD44073.png,NHSCAD44073,NHS,1,iccad4
NHSCAD41630.png,NHSCAD41630,NHS,4,iccad4
NHSCAD43039.png,NHSCAD43039,NHS,2,iccad4
NHSCAD43605.png,NHSCAD43605,NHS,1,iccad4
NHSCAD43297.png,NHSCAD43297,NHS,1,iccad4
NHSCAD42412.png,NHSCAD42412,NHS,3,iccad4
NHSCAD41480.png,NHSCAD41480,NHS,3,iccad4
NHSCAD4243.png,NHSCAD4243,NHS,2,iccad4
NHSCAD4788.png,NHSCAD4788,NHS,0,iccad4
NHSCAD42733.png,NHSCAD42733,NHS,4,iccad4
NHSCAD44535.png,NHSCAD44535,NHS,4,iccad4
NHSCAD4232.png,NHSCAD4232,NHS,1,iccad4
NHSCAD44405.png,NHSCAD44405,NHS,4,iccad4
NHSCAD42196.png,NHSCAD42196,NHS,1,iccad4
NHSCAD42349.png,NHSCAD42349,NHS,3,iccad4
NHSCAD42229.png,NHSCAD42229,NHS,2,iccad4
NHSCAD44025.png,NHSCAD44025,NHS,2,iccad4
NHSCAD42492.png,NHSCAD42492,NHS,1,iccad4
NHSCAD42337.png,NHSCAD42337,NHS,1,iccad4
NHSCAD43373.png,NHSCAD43373,NHS,0,iccad4
NHSCAD42801.png,NHSCAD42801,NHS,2,iccad4
NHSCAD4809.png,NHSCAD4809,NHS,2,iccad4
NHSCAD43928.png,NHSCAD43928,NHS,0,iccad4
NHSCAD43828.png,NHSCAD43828,NHS,1,iccad4
NHSCAD41713.png,NHSCAD41713,NHS,0,iccad4
NHSCAD41810.png,NHSCAD41810,NHS,2,iccad4
NHSCAD43005.png,NHSCAD43005,NHS,1,iccad4
NHSCAD42716.png,NHSCAD42716,NHS,2,iccad4
NHSCAD42567.png,NHSCAD42567,NHS,3,iccad4
NHSCAD42100.png,NHSCAD42100,NHS,1,iccad4
NHSCAD41755.png,NHSCAD41755,NHS,1,iccad4
NHSCAD42461.png,NHSCAD42461,NHS,3,iccad4
NHSCAD42096.png,NHSCAD42096,NHS,1,iccad4
NHSCAD4552.png,NHSCAD4552,NHS,4,iccad4
NHSCAD41642.png,NHSCAD41642,NHS,0,iccad4
NHSCAD41547.png,NHSCAD41547,NHS,2,iccad4
NHSCAD43483.png,NHSCAD43483,NHS,2,iccad4
NHSCAD42723.png,NHSCAD42723,NHS,1,iccad4
NHSCAD42897.png,NHSCAD42897,NHS,0,iccad4
NHSCAD42017.png,NHSCAD42017,NHS,4,iccad4
NHSCAD41578.png,NHSCAD41578,NHS,0,iccad4
NHSCAD41130.png,NHSCAD41130,NHS,4,iccad4
NHSCAD4348.png,NHSCAD4348,NHS,3,iccad4
NHSCAD44350.png,NHSCAD44350,NHS,1,iccad4
NHSCAD42460.png,NHSCAD42460,NHS,2,iccad4
NHSCAD43721.png,NHSCAD43721,NHS,3,iccad4
NHSCAD43293.png,NHSCAD43293,NHS,3,iccad4
NHSCAD41674.png,NHSCAD41674,NHS,0,iccad4
NHSCAD43014.png,NHSCAD43014,NHS,1,iccad4
NHSCAD42597.png,NHSCAD42597,NHS,1,iccad4
NHSCAD4910.png,NHSCAD4910,NHS,4,iccad4
NHSCAD44307.png,NHSCAD44307,NHS,3,iccad4
NHSCAD4577.png,NHSCAD4577,NHS,4,iccad4
NHSCAD41265.png,NHSCAD41265,NHS,1,iccad4
NHSCAD43797.png,NHSCAD43797,NHS,3,iccad4
NHSCAD4122.png,NHSCAD4122,NHS,2,iccad4
NHSCAD4409.png,NHSCAD4409,NHS,4,iccad4
NHSCAD4119.png,NHSCAD4119,NHS,2,iccad4
NHSCAD4535.png,NHSCAD4535,NHS,1,iccad4
NHSCAD4659.png,NHSCAD4659,NHS,0,iccad4
NHSCAD44251.png,NHSCAD44251,NHS,2,iccad4
NHSCAD44035.png,NHSCAD44035,NHS,4,iccad4
NHSCAD41991.png,NHSCAD41991,NHS,0,iccad4
NHSCAD43282.png,NHSCAD43282,NHS,1,iccad4
NHSCAD41749.png,NHSCAD41749,NHS,4,iccad4
NHSCAD42065.png,NHSCAD42065,NHS,1,iccad4
NHSCAD42875.png,NHSCAD42875,NHS,2,iccad4
NHSCAD43286.png,NHSCAD43286,NHS,0,iccad4
NHSCAD44380.png,NHSCAD44380,NHS,4,iccad4
NHSCAD43454.png,NHSCAD43454,NHS,1,iccad4
NHSCAD41964.png,NHSCAD41964,NHS,1,iccad4
NHSCAD4774.png,NHSCAD4774,NHS,2,iccad4
NHSCAD42354.png,NHSCAD42354,NHS,0,iccad4
NHSCAD42600.png,NHSCAD42600,NHS,0,iccad4
NHSCAD4538.png,NHSCAD4538,NHS,2,iccad4
NHSCAD42688.png,NHSCAD42688,NHS,4,iccad4
NHSCAD43833.png,NHSCAD43833,NHS,2,iccad4
NHSCAD43407.png,NHSCAD43407,NHS,1,iccad4
NHSCAD43832.png,NHSCAD43832,NHS,1,iccad4
NHSCAD43520.png,NHSCAD43520,NHS,2,iccad4
NHSCAD42305.png,NHSCAD42305,NHS,4,iccad4
NHSCAD43114.png,NHSCAD43114,NHS,3,iccad4
NHSCAD42882.png,NHSCAD42882,NHS,4,iccad4
NHSCAD42934.png,NHSCAD42934,NHS,2,iccad4
NHSCAD44450.png,NHSCAD44450,NHS,4,iccad4
NHSCAD41237.png,NHSCAD41237,NHS,1,iccad4
NHSCAD4986.png,NHSCAD4986,NHS,2,iccad4
NHSCAD42483.png,NHSCAD42483,NHS,1,iccad4
NHSCAD42551.png,NHSCAD42551,NHS,1,iccad4
NHSCAD43778.png,NHSCAD43778,NHS,1,iccad4
NHSCAD4250.png,NHSCAD4250,NHS,4,iccad4
NHSCAD43310.png,NHSCAD43310,NHS,2,iccad4
NHSCAD41892.png,NHSCAD41892,NHS,1,iccad4
NHSCAD43812.png,NHSCAD43812,NHS,4,iccad4
NHSCAD41746.png,NHSCAD41746,NHS,1,iccad4
NHSCAD41793.png,NHSCAD41793,NHS,3,iccad4
NHSCAD42277.png,NHSCAD42277,NHS,0,iccad4
NHSCAD42704.png,NHSCAD42704,NHS,0,iccad4
NHSCAD42201.png,NHSCAD42201,NHS,4,iccad4
NHSCAD41444.png,NHSCAD41444,NHS,3,iccad4
NHSCAD4241.png,NHSCAD4241,NHS,1,iccad4
NHSCAD42515.png,NHSCAD42515,NHS,1,iccad4
NHSCAD4616.png,NHSCAD4616,NHS,3,iccad4
NHSCAD41777.png,NHSCAD41777,NHS,0,iccad4
NHSCAD42367.png,NHSCAD42367,NHS,3,iccad4
NHSCAD41189.png,NHSCAD41189,NHS,4,iccad4
NHSCAD42068.png,NHSCAD42068,NHS,0,iccad4
NHSCAD43534.png,NHSCAD43534,NHS,2,iccad4
NHSCAD41784.png,NHSCAD41784,NHS,3,iccad4
NHSCAD41954.png,NHSCAD41954,NHS,0,iccad4
NHSCAD41841.png,NHSCAD41841,NHS,1,iccad4
NHSCAD43030.png,NHSCAD43030,NHS,2,iccad4
NHSCAD42430.png,NHSCAD42430,NHS,3,iccad4
NHSCAD43082.png,NHSCAD43082,NHS,4,iccad4
NHSCAD42292.png,NHSCAD42292,NHS,1,iccad4
NHSCAD44524.png,NHSCAD44524,NHS,2,iccad4
NHSCAD43202.png,NHSCAD43202,NHS,3,iccad4
NHSCAD43384.png,NHSCAD43384,NHS,1,iccad4
NHSCAD4604.png,NHSCAD4604,NHS,0,iccad4
NHSCAD42322.png,NHSCAD42322,NHS,1,iccad4
NHSCAD4722.png,NHSCAD4722,NHS,3,iccad4
NHSCAD43619.png,NHSCAD43619,NHS,0,iccad4
NHSCAD43476.png,NHSCAD43476,NHS,4,iccad4
NHSCAD43690.png,NHSCAD43690,NHS,1,iccad4
NHSCAD42917.png,NHSCAD42917,NHS,3,iccad4
NHSCAD44346.png,NHSCAD44346,NHS,1,iccad4
NHSCAD44315.png,NHSCAD44315,NHS,2,iccad4
NHSCAD42194.png,NHSCAD42194,NHS,3,iccad4
NHSCAD43046.png,NHSCAD43046,NHS,0,iccad4
NHSCAD41771.png,NHSCAD41771,NHS,4,iccad4
NHSCAD42086.png,NHSCAD42086,NHS,0,iccad4
NHSCAD4508.png,NHSCAD4508,NHS,0,iccad4
NHSCAD4915.png,NHSCAD4915,NHS,4,iccad4
NHSCAD42543.png,NHSCAD42543,NHS,2,iccad4
NHSCAD41796.png,NHSCAD41796,NHS,1,iccad4
NHSCAD4159.png,NHSCAD4159,NHS,4,iccad4
NHSCAD42481.png,NHSCAD42481,NHS,4,iccad4
NHSCAD41948.png,NHSCAD41948,NHS,4,iccad4
NHSCAD43987.png,NHSCAD43987,NHS,1,iccad4
NHSCAD4423.png,NHSCAD4423,NHS,2,iccad4
NHSCAD42529.png,NHSCAD42529,NHS,1,iccad4
NHSCAD44396.png,NHSCAD44396,NHS,4,iccad4
NHSCAD41846.png,NHSCAD41846,NHS,0,iccad4
NHSCAD4467.png,NHSCAD4467,NHS,4,iccad4
NHSCAD42002.png,NHSCAD42002,NHS,3,iccad4
NHSCAD41957.png,NHSCAD41957,NHS,4,iccad4
NHSCAD41119.png,NHSCAD41119,NHS,3,iccad4
NHSCAD42006.png,NHSCAD42006,NHS,2,iccad4
NHSCAD43157.png,NHSCAD43157,NHS,0,iccad4
NHSCAD4609.png,NHSCAD4609,NHS,0,iccad4
NHSCAD41341.png,NHSCAD41341,NHS,1,iccad4
NHSCAD44077.png,NHSCAD44077,NHS,0,iccad4
NHSCAD43101.png,NHSCAD43101,NHS,4,iccad4
NHSCAD4505.png,NHSCAD4505,NHS,2,iccad4
NHSCAD44154.png,NHSCAD44154,NHS,1,iccad4
NHSCAD41446.png,NHSCAD41446,NHS,1,iccad4
NHSCAD41418.png,NHSCAD41418,NHS,0,iccad4
NHSCAD4172.png,NHSCAD4172,NHS,3,iccad4
NHSCAD41468.png,NHSCAD41468,NHS,0,iccad4
NHSCAD43938.png,NHSCAD43938,NHS,1,iccad4
NHSCAD42176.png,NHSCAD42176,NHS,3,iccad4
NHSCAD42393.png,NHSCAD42393,NHS,2,iccad4
NHSCAD44430.png,NHSCAD44430,NHS,2,iccad4
NHSCAD43748.png,NHSCAD43748,NHS,4,iccad4
NHSCAD4446.png,NHSCAD4446,NHS,4,iccad4
NHSCAD43268.png,NHSCAD43268,NHS,0,iccad4
NHSCAD43574.png,NHSCAD43574,NHS,1,iccad4
NHSCAD4727.png,NHSCAD4727,NHS,3,iccad4
NHSCAD42805.png,NHSCAD42805,NHS,1,iccad4
NHSCAD41010.png,NHSCAD41010,NHS,1,iccad4
NHSCAD41768.png,NHSCAD41768,NHS,0,iccad4
NHSCAD44141.png,NHSCAD44141,NHS,0,iccad4
NHSCAD4628.png,NHSCAD4628,NHS,2,iccad4
NHSCAD41063.png,NHSCAD41063,NHS,0,iccad4
NHSCAD43118.png,NHSCAD43118,NHS,1,iccad4
NHSCAD43055.png,NHSCAD43055,NHS,0,iccad4
NHSCAD4272.png,NHSCAD4272,NHS,4,iccad4
NHSCAD42326.png,NHSCAD42326,NHS,3,iccad4
NHSCAD42792.png,NHSCAD42792,NHS,2,iccad4
NHSCAD41407.png,NHSCAD41407,NHS,2,iccad4
NHSCAD41739.png,NHSCAD41739,NHS,2,iccad4
NHSCAD41050.png,NHSCAD41050,NHS,3,iccad4
NHSCAD43497.png,NHSCAD43497,NHS,1,iccad4
NHSCAD43771.png,NHSCAD43771,NHS,3,iccad4
NHSCAD42860.png,NHSCAD42860,NHS,1,iccad4
NHSCAD42896.png,NHSCAD42896,NHS,4,iccad4
NHSCAD42574.png,NHSCAD42574,NHS,1,iccad4
NHSCAD43154.png,NHSCAD43154,NHS,1,iccad4
NHSCAD4275.png,NHSCAD4275,NHS,0,iccad4
NHSCAD4677.png,NHSCAD4677,NHS,4,iccad4
NHSCAD42021.png,NHSCAD42021,NHS,4,iccad4
NHSCAD44012.png,NHSCAD44012,NHS,4,iccad4
NHSCAD43839.png,NHSCAD43839,NHS,3,iccad4
NHSCAD43127.png,NHSCAD43127,NHS,1,iccad4
NHSCAD4127.png,NHSCAD4127,NHS,1,iccad4
NHSCAD43543.png,NHSCAD43543,NHS,2,iccad4
NHSCAD44108.png,NHSCAD44108,NHS,4,iccad4
NHSCAD4730.png,NHSCAD4730,NHS,0,iccad4
NHSCAD43303.png,NHSCAD43303,NHS,4,iccad4
NHSCAD41127.png,NHSCAD41127,NHS,0,iccad4
NHSCAD44373.png,NHSCAD44373,NHS,1,iccad4
NHSCAD4755.png,NHSCAD4755,NHS,0,iccad4
NHSCAD4882.png,NHSCAD4882,NHS,3,iccad4
NHSCAD41410.png,NHSCAD41410,NHS,1,iccad4
NHSCAD43006.png,NHSCAD43006,NHS,2,iccad4
NHSCAD42886.png,NHSCAD42886,NHS,1,iccad4
NHSCAD41930.png,NHSCAD41930,NHS,3,iccad4
NHSCAD43182.png,NHSCAD43182,NHS,1,iccad4
NHSCAD43600.png,NHSCAD43600,NHS,0,iccad4
NHSCAD42342.png,NHSCAD42342,NHS,4,iccad4
NHSCAD43356.png,NHSCAD43356,NHS,1,iccad4
NHSCAD41042.png,NHSCAD41042,NHS,1,iccad4
NHSCAD43567.png,NHSCAD43567,NHS,4,iccad4
NHSCAD43998.png,NHSCAD43998,NHS,2,iccad4
NHSCAD43864.png,NHSCAD43864,NHS,1,iccad4
NHSCAD43136.png,NHSCAD43136,NHS,1,iccad4
NHSCAD42268.png,NHSCAD42268,NHS,0,iccad4
NHSCAD41011.png,NHSCAD41011,NHS,2,iccad4
NHSCAD4332.png,NHSCAD4332,NHS,1,iccad4
NHSCAD41910.png,NHSCAD41910,NHS,1,iccad4
NHSCAD42501.png,NHSCAD42501,NHS,1,iccad4
NHSCAD4371.png,NHSCAD4371,NHS,4,iccad4
NHSCAD41751.png,NHSCAD41751,NHS,3,iccad4
NHSCAD43795.png,NHSCAD43795,NHS,0,iccad4
NHSCAD44512.png,NHSCAD44512,NHS,4,iccad4
NHSCAD41955.png,NHSCAD41955,NHS,1,iccad4
NHSCAD43393.png,NHSCAD43393,NHS,1,iccad4
HSCAD430.png,HSCAD430,HS,4,iccad4
NHSCAD41491.png,NHSCAD41491,NHS,0,iccad4
NHSCAD41449.png,NHSCAD41449,NHS,4,iccad4
NHSCAD43948.png,NHSCAD43948,NHS,2,iccad4
NHSCAD4374.png,NHSCAD4374,NHS,3,iccad4
NHSCAD41539.png,NHSCAD41539,NHS,2,iccad4
HSCAD478.png,HSCAD478,HS,0,iccad4
NHSCAD4868.png,NHSCAD4868,NHS,0,iccad4
NHSCAD44024.png,NHSCAD44024,NHS,3,iccad4
NHSCAD4566.png,NHSCAD4566,NHS,3,iccad4
NHSCAD43365.png,NHSCAD43365,NHS,1,iccad4
NHSCAD41835.png,NHSCAD41835,NHS,4,iccad4
NHSCAD41294.png,NHSCAD41294,NHS,3,iccad4
NHSCAD4263.png,NHSCAD4263,NHS,2,iccad4
NHSCAD4766.png,NHSCAD4766,NHS,1,iccad4
NHSCAD4274.png,NHSCAD4274,NHS,3,iccad4
NHSCAD41478.png,NHSCAD41478,NHS,1,iccad4
NHSCAD41931.png,NHSCAD41931,NHS,0,iccad4
NHSCAD44058.png,NHSCAD44058,NHS,4,iccad4
NHSCAD44518.png,NHSCAD44518,NHS,1,iccad4
NHSCAD42915.png,NHSCAD42915,NHS,0,iccad4
NHSCAD4526.png,NHSCAD4526,NHS,3,iccad4
NHSCAD43353.png,NHSCAD43353,NHS,4,iccad4
NHSCAD43689.png,NHSCAD43689,NHS,2,iccad4
NHSCAD4314.png,NHSCAD4314,NHS,2,iccad4
NHSCAD4597.png,NHSCAD4597,NHS,4,iccad4
NHSCAD41243.png,NHSCAD41243,NHS,2,iccad4
NHSCAD43166.png,NHSCAD43166,NHS,4,iccad4
NHSCAD43969.png,NHSCAD43969,NHS,3,iccad4
NHSCAD42190.png,NHSCAD42190,NHS,0,iccad4
NHSCAD4440.png,NHSCAD4440,NHS,3,iccad4
NHSCAD41351.png,NHSCAD41351,NHS,4,iccad4
NHSCAD41485.png,NHSCAD41485,NHS,4,iccad4
NHSCAD42678.png,NHSCAD42678,NHS,4,iccad4
NHSCAD44304.png,NHSCAD44304,NHS,0,iccad4
NHSCAD42358.png,NHSCAD42358,NHS,3,iccad4
NHSCAD44509.png,NHSCAD44509,NHS,0,iccad4
NHSCAD4765.png,NHSCAD4765,NHS,0,iccad4
NHSCAD42414.png,NHSCAD42414,NHS,1,iccad4
NHSCAD43626.png,NHSCAD43626,NHS,3,iccad4
NHSCAD42418.png,NHSCAD42418,NHS,0,iccad4
NHSCAD44437.png,NHSCAD44437,NHS,4,iccad4
NHSCAD43416.png,NHSCAD43416,NHS,1,iccad4
NHSCAD43111.png,NHSCAD43111,NHS,0,iccad4
NHSCAD42646.png,NHSCAD42646,NHS,4,iccad4
NHSCAD43146.png,NHSCAD43146,NHS,3,iccad4
NHSCAD42091.png,NHSCAD42091,NHS,1,iccad4
NHSCAD41976.png,NHSCAD41976,NHS,3,iccad4
NHSCAD41074.png,NHSCAD41074,NHS,2,iccad4
NHSCAD42472.png,NHSCAD42472,NHS,0,iccad4
NHSCAD43871.png,NHSCAD43871,NHS,4,iccad4
NHSCAD42660.png,NHSCAD42660,NHS,1,iccad4
NHSCAD41968.png,NHSCAD41968,NHS,0,iccad4
NHSCAD41440.png,NHSCAD41440,NHS,0,iccad4
NHSCAD42024.png,NHSCAD42024,NHS,2,iccad4
NHSCAD44464.png,NHSCAD44464,NHS,3,iccad4
NHSCAD4316.png,NHSCAD4316,NHS,3,iccad4
NHSCAD42847.png,NHSCAD42847,NHS,2,iccad4
NHSCAD42537.png,NHSCAD42537,NHS,0,iccad4
NHSCAD42112.png,NHSCAD42112,NHS,3,iccad4
NHSCAD4843.png,NHSCAD4843,NHS,0,iccad4
NHSCAD42381.png,NHSCAD42381,NHS,0,iccad4
NHSCAD41792.png,NHSCAD41792,NHS,2,iccad4
NHSCAD41498.png,NHSCAD41498,NHS,1,iccad4
NHSCAD43515.png,NHSCAD43515,NHS,1,iccad4
NHSCAD44322.png,NHSCAD44322,NHS,0,iccad4
NHSCAD4177.png,NHSCAD4177,NHS,2,iccad4
NHSCAD43284.png,NHSCAD43284,NHS,3,iccad4
NHSCAD44476.png,NHSCAD44476,NHS,1,iccad4
NHSCAD41615.png,NHSCAD41615,NHS,2,iccad4
HSCAD494.png,HSCAD494,HS,4,iccad4
NHSCAD41762.png,NHSCAD41762,NHS,4,iccad4
NHSCAD43783.png,NHSCAD43783,NHS,2,iccad4
NHSCAD43646.png,NHSCAD43646,NHS,0,iccad4
NHSCAD42781.png,NHSCAD42781,NHS,2,iccad4
NHSCAD42753.png,NHSCAD42753,NHS,3,iccad4
NHSCAD43452.png,NHSCAD43452,NHS,1,iccad4
NHSCAD44507.png,NHSCAD44507,NHS,3,iccad4
NHSCAD42599.png,NHSCAD42599,NHS,3,iccad4
NHSCAD41305.png,NHSCAD41305,NHS,1,iccad4
NHSCAD4901.png,NHSCAD4901,NHS,1,iccad4
NHSCAD4600.png,NHSCAD4600,NHS,1,iccad4
NHSCAD43168.png,NHSCAD43168,NHS,4,iccad4
NHSCAD44003.png,NHSCAD44003,NHS,4,iccad4
NHSCAD4473.png,NHSCAD4473,NHS,0,iccad4
NHSCAD42159.png,NHSCAD42159,NHS,0,iccad4
NHSCAD44463.png,NHSCAD44463,NHS,0,iccad4
NHSCAD43699.png,NHSCAD43699,NHS,3,iccad4
NHSCAD43247.png,NHSCAD43247,NHS,2,iccad4
NHSCAD44492.png,NHSCAD44492,NHS,1,iccad4
NHSCAD4767.png,NHSCAD4767,NHS,3,iccad4
NHSCAD43920.png,NHSCAD43920,NHS,2,iccad4
NHSCAD44187.png,NHSCAD44187,NHS,0,iccad4
NHSCAD42274.png,NHSCAD42274,NHS,1,iccad4
NHSCAD4444.png,NHSCAD4444,NHS,2,iccad4
NHSCAD41877.png,NHSCAD41877,NHS,2,iccad4
NHSCAD4822.png,NHSCAD4822,NHS,3,iccad4
HSCAD418.png,HSCAD418,HS,2,iccad4
NHSCAD42493.png,NHSCAD42493,NHS,2,iccad4
NHSCAD4697.png,NHSCAD4697,NHS,4,iccad4
NHSCAD41778.png,NHSCAD41778,NHS,1,iccad4
NHSCAD41488.png,NHSCAD41488,NHS,1,iccad4
NHSCAD41276.png,NHSCAD41276,NHS,3,iccad4
NHSCAD42606.png,NHSCAD42606,NHS,1,iccad4
NHSCAD41315.png,NHSCAD41315,NHS,4,iccad4
NHSCAD44106.png,NHSCAD44106,NHS,2,iccad4
NHSCAD4496.png,NHSCAD4496,NHS,3,iccad4
NHSCAD41960.png,NHSCAD41960,NHS,2,iccad4
NHSCAD41723.png,NHSCAD41723,NHS,1,iccad4
NHSCAD43930.png,NHSCAD43930,NHS,4,iccad4
NHSCAD43135.png,NHSCAD43135,NHS,2,iccad4
NHSCAD43203.png,NHSCAD43203,NHS,4,iccad4
NHSCAD41634.png,NHSCAD41634,NHS,2,iccad4
NHSCAD44135.png,NHSCAD44135,NHS,4,iccad4
NHSCAD4470.png,NHSCAD4470,NHS,3,iccad4
NHSCAD4379.png,NHSCAD4379,NHS,3,iccad4
NHSCAD4387.png,NHSCAD4387,NHS,2,iccad4
NHSCAD41312.png,NHSCAD41312,NHS,3,iccad4
NHSCAD44233.png,NHSCAD44233,NHS,1,iccad4
NHSCAD43610.png,NHSCAD43610,NHS,2,iccad4
NHSCAD44210.png,NHSCAD44210,NHS,2,iccad4
NHSCAD41868.png,NHSCAD41868,NHS,0,iccad4
NHSCAD44325.png,NHSCAD44325,NHS,3,iccad4
NHSCAD43433.png,NHSCAD43433,NHS,4,iccad4
NHSCAD43669.png,NHSCAD43669,NHS,0,iccad4
NHSCAD4527.png,NHSCAD4527,NHS,4,iccad4
NHSCAD43953.png,NHSCAD43953,NHS,4,iccad4
NHSCAD42523.png,NHSCAD42523,NHS,0,iccad4
NHSCAD43929.png,NHSCAD43929,NHS,1,iccad4
NHSCAD43449.png,NHSCAD43449,NHS,2,iccad4
NHSCAD42451.png,NHSCAD42451,NHS,3,iccad4
NHSCAD43404.png,NHSCAD43404,NHS,3,iccad4
NHSCAD41831.png,NHSCAD41831,NHS,0,iccad4
NHSCAD4884.png,NHSCAD4884,NHS,2,iccad4
NHSCAD42505.png,NHSCAD42505,NHS,0,iccad4
NHSCAD42071.png,NHSCAD42071,NHS,3,iccad4
NHSCAD43383.png,NHSCAD43383,NHS,0,iccad4
NHSCAD4699.png,NHSCAD4699,NHS,4,iccad4
NHSCAD42123.png,NHSCAD42123,NHS,1,iccad4
NHSCAD42921.png,NHSCAD42921,NHS,3,iccad4
NHSCAD4832.png,NHSCAD4832,NHS,3,iccad4
NHSCAD41235.png,NHSCAD41235,NHS,3,iccad4
NHSCAD42036.png,NHSCAD42036,NHS,0,iccad4
HSCAD453.png,HSCAD453,HS,4,iccad4
NHSCAD42254.png,NHSCAD42254,NHS,4,iccad4
NHSCAD41577.png,NHSCAD41577,NHS,1,iccad4
NHSCAD41487.png,NHSCAD41487,NHS,0,iccad4
NHSCAD4891.png,NHSCAD4891,NHS,1,iccad4
NHSCAD43264.png,NHSCAD43264,NHS,1,iccad4
NHSCAD44323.png,NHSCAD44323,NHS,2,iccad4
NHSCAD44319.png,NHSCAD44319,NHS,0,iccad4
HSCAD443.png,HSCAD443,HS,3,iccad4
NHSCAD42516.png,NHSCAD42516,NHS,2,iccad4
NHSCAD496.png,NHSCAD496,NHS,3,iccad4
NHSCAD41273.png,NHSCAD41273,NHS,0,iccad4
NHSCAD4622.png,NHSCAD4622,NHS,4,iccad4
NHSCAD4571.png,NHSCAD4571,NHS,3,iccad4
NHSCAD42544.png,NHSCAD42544,NHS,3,iccad4
NHSCAD41115.png,NHSCAD41115,NHS,1,iccad4
NHSCAD43551.png,NHSCAD43551,NHS,1,iccad4
NHSCAD41335.png,NHSCAD41335,NHS,3,iccad4
NHSCAD41036.png,NHSCAD41036,NHS,0,iccad4
NHSCAD42466.png,NHSCAD42466,NHS,4,iccad4
NHSCAD42508.png,NHSCAD42508,NHS,3,iccad4
NHSCAD42533.png,NHSCAD42533,NHS,1,iccad4
NHSCAD41996.png,NHSCAD41996,NHS,1,iccad4
NHSCAD44503.png,NHSCAD44503,NHS,4,iccad4
NHSCAD41066.png,NHSCAD41066,NHS,4,iccad4
NHSCAD42756.png,NHSCAD42756,NHS,4,iccad4
NHSCAD42998.png,NHSCAD42998,NHS,4,iccad4
NHSCAD42029.png,NHSCAD42029,NHS,2,iccad4
NHSCAD44147.png,NHSCAD44147,NHS,2,iccad4
NHSCAD43064.png,NHSCAD43064,NHS,0,iccad4
NHSCAD43474.png,NHSCAD43474,NHS,2,iccad4
NHSCAD43670.png,NHSCAD43670,NHS,2,iccad4
NHSCAD44327.png,NHSCAD44327,NHS,0,iccad4
NHSCAD4257.png,NHSCAD4257,NHS,1,iccad4
NHSCAD43262.png,NHSCAD43262,NHS,4,iccad4
NHSCAD43426.png,NHSCAD43426,NHS,2,iccad4
NHSCAD43730.png,NHSCAD43730,NHS,3,iccad4
NHSCAD41187.png,NHSCAD41187,NHS,1,iccad4
NHSCAD44054.png,NHSCAD44054,NHS,0,iccad4
NHSCAD42383.png,NHSCAD42383,NHS,4,iccad4
NHSCAD41650.png,NHSCAD41650,NHS,3,iccad4
NHSCAD42488.png,NHSCAD42488,NHS,1,iccad4
NHSCAD44212.png,NHSCAD44212,NHS,4,iccad4
NHSCAD4139.png,NHSCAD4139,NHS,3,iccad4
NHSCAD41125.png,NHSCAD41125,NHS,2,iccad4
NHSCAD4191.png,NHSCAD4191,NHS,4,iccad4
NHSCAD41860.png,NHSCAD41860,NHS,2,iccad4
NHSCAD42495.png,NHSCAD42495,NHS,4,iccad4
NHSCAD42076.png,NHSCAD42076,NHS,3,iccad4
NHSCAD41567.png,NHSCAD41567,NHS,4,iccad4
NHSCAD42436.png,NHSCAD42436,NHS,0,iccad4
NHSCAD4662.png,NHSCAD4662,NHS,4,iccad4
NHSCAD42270.png,NHSCAD42270,NHS,2,iccad4
NHSCAD43899.png,NHSCAD43899,NHS,4,iccad4
NHSCAD4655.png,NHSCAD4655,NHS,1,iccad4
NHSCAD4581.png,NHSCAD4581,NHS,3,iccad4
NHSCAD4530.png,NHSCAD4530,NHS,0,iccad4
HSCAD490.png,HSCAD490,HS,0,iccad4
NHSCAD4216.png,NHSCAD4216,NHS,1,iccad4
NHSCAD44277.png,NHSCAD44277,NHS,0,iccad4
NHSCAD4462.png,NHSCAD4462,NHS,4,iccad4
NHSCAD43985.png,NHSCAD43985,NHS,4,iccad4
NHSCAD43939.png,NHSCAD43939,NHS,2,iccad4
NHSCAD42942.png,NHSCAD42942,NHS,0,iccad4
NHSCAD41095.png,NHSCAD41095,NHS,3,iccad4
NHSCAD42142.png,NHSCAD42142,NHS,4,iccad4
NHSCAD4524.png,NHSCAD4524,NHS,1,iccad4
NHSCAD41391.png,NHSCAD41391,NHS,1,iccad4
NHSCAD4528.png,NHSCAD4528,NHS,4,iccad4
NHSCAD43904.png,NHSCAD43904,NHS,3,iccad4
NHSCAD42594.png,NHSCAD42594,NHS,3,iccad4
NHSCAD44439.png,NHSCAD44439,NHS,1,iccad4
NHSCAD4599.png,NHSCAD4599,NHS,0,iccad4
NHSCAD44117.png,NHSCAD44117,NHS,4,iccad4
NHSCAD43345.png,NHSCAD43345,NHS,3,iccad4
NHSCAD43745.png,NHSCAD43745,NHS,0,iccad4
NHSCAD4244.png,NHSCAD4244,NHS,3,iccad4
NHSCAD4945.png,NHSCAD4945,NHS,3,iccad4
NHSCAD43367.png,NHSCAD43367,NHS,4,iccad4
NHSCAD4782.png,NHSCAD4782,NHS,3,iccad4
NHSCAD42651.png,NHSCAD42651,NHS,1,iccad4
NHSCAD41500.png,NHSCAD41500,NHS,1,iccad4
NHSCAD43887.png,NHSCAD43887,NHS,0,iccad4
NHSCAD41854.png,NHSCAD41854,NHS,0,iccad4
NHSCAD42001.png,NHSCAD42001,NHS,2,iccad4
NHSCAD41354.png,NHSCAD41354,NHS,0,iccad4
NHSCAD42766.png,NHSCAD42766,NHS,2,iccad4
NHSCAD4305.png,NHSCAD4305,NHS,1,iccad4
NHSCAD4412.png,NHSCAD4412,NHS,2,iccad4
NHSCAD4208.png,NHSCAD4208,NHS,2,iccad4
NHSCAD42084.png,NHSCAD42084,NHS,2,iccad4
NHSCAD41099.png,NHSCAD41099,NHS,4,iccad4
NHSCAD44234.png,NHSCAD44234,NHS,2,iccad4
NHSCAD4307.png,NHSCAD4307,NHS,2,iccad4
NHSCAD42902.png,NHSCAD42902,NHS,2,iccad4
NHSCAD41141.png,NHSCAD41141,NHS,3,iccad4
NHSCAD4898.png,NHSCAD4898,NHS,0,iccad4
NHSCAD43852.png,NHSCAD43852,NHS,3,iccad4
NHSCAD41028.png,NHSCAD41028,NHS,1,iccad4
NHSCAD43419.png,NHSCAD43419,NHS,3,iccad4
NHSCAD42139.png,NHSCAD42139,NHS,2,iccad4
NHSCAD41729.png,NHSCAD41729,NHS,3,iccad4
NHSCAD43775.png,NHSCAD43775,NHS,4,iccad4
NHSCAD43058.png,NHSCAD43058,NHS,4,iccad4
NHSCAD41967.png,NHSCAD41967,NHS,3,iccad4
NHSCAD44115.png,NHSCAD44115,NHS,2,iccad4
NHSCAD43629.png,NHSCAD43629,NHS,1,iccad4
NHSCAD42626.png,NHSCAD42626,NHS,3,iccad4
NHSCAD44087.png,NHSCAD44087,NHS,1,iccad4
NHSCAD44048.png,NHSCAD44048,NHS,2,iccad4
NHSCAD41088.png,NHSCAD41088,NHS,1,iccad4
NHSCAD4558.png,NHSCAD4558,NHS,2,iccad4
NHSCAD41879.png,NHSCAD41879,NHS,1,iccad4
NHSCAD4663.png,NHSCAD4663,NHS,2,iccad4
HSCAD438.png,HSCAD438,HS,1,iccad4
NHSCAD44324.png,NHSCAD44324,NHS,1,iccad4
NHSCAD43637.png,NHSCAD43637,NHS,0,iccad4
NHSCAD4649.png,NHSCAD4649,NHS,0,iccad4
NHSCAD42291.png,NHSCAD42291,NHS,4,iccad4
NHSCAD44279.png,NHSCAD44279,NHS,2,iccad4
NHSCAD41517.png,NHSCAD41517,NHS,4,iccad4
NHSCAD42230.png,NHSCAD42230,NHS,4,iccad4
NHSCAD4790.png,NHSCAD4790,NHS,4,iccad4
NHSCAD41293.png,NHSCAD41293,NHS,2,iccad4
NHSCAD41368.png,NHSCAD41368,NHS,0,iccad4
NHSCAD4983.png,NHSCAD4983,NHS,4,iccad4
NHSCAD4754.png,NHSCAD4754,NHS,4,iccad4
HSCAD477.png,HSCAD477,HS,4,iccad4
NHSCAD43908.png,NHSCAD43908,NHS,4,iccad4
NHSCAD42260.png,NHSCAD42260,NHS,1,iccad4
NHSCAD4254.png,NHSCAD4254,NHS,3,iccad4
NHSCAD41166.png,NHSCAD41166,NHS,2,iccad4
NHSCAD41720.png,NHSCAD41720,NHS,2,iccad4
NHSCAD44467.png,NHSCAD44467,NHS,2,iccad4
NHSCAD44274.png,NHSCAD44274,NHS,1,iccad4
NHSCAD43869.png,NHSCAD43869,NHS,1,iccad4
HSCAD448.png,HSCAD448,HS,3,iccad4
NHSCAD43881.png,NHSCAD43881,NHS,3,iccad4
NHSCAD42817.png,NHSCAD42817,NHS,4,iccad4
NHSCAD4370.png,NHSCAD4370,NHS,1,iccad4
NHSCAD4994.png,NHSCAD4994,NHS,1,iccad4
NHSCAD44192.png,NHSCAD44192,NHS,2,iccad4
NHSCAD43857.png,NHSCAD43857,NHS,3,iccad4
NHSCAD4928.png,NHSCAD4928,NHS,0,iccad4
NHSCAD42972.png,NHSCAD42972,NHS,0,iccad4
NHSCAD44351.png,NHSCAD44351,NHS,2,iccad4
NHSCAD4482.png,NHSCAD4482,NHS,4,iccad4
NHSCAD42063.png,NHSCAD42063,NHS,0,iccad4
NHSCAD42773.png,NHSCAD42773,NHS,1,iccad4
NHSCAD43240.png,NHSCAD43240,NHS,0,iccad4
NHSCAD41657.png,NHSCAD41657,NHS,2,iccad4
NHSCAD41759.png,NHSCAD41759,NHS,0,iccad4
NHSCAD43413.png,NHSCAD43413,NHS,0,iccad4
NHSCAD42079.png,NHSCAD42079,NHS,4,iccad4
NHSCAD42532.png,NHSCAD42532,NHS,0,iccad4
NHSCAD41197.png,NHSCAD41197,NHS,3,iccad4
NHSCAD4724.png,NHSCAD4724,NHS,4,iccad4
NHSCAD42982.png,NHSCAD42982,NHS,1,iccad4
NHSCAD42478.png,NHSCAD42478,NHS,1,iccad4
NHSCAD43089.png,NHSCAD43089,NHS,2,iccad4
NHSCAD43549.png,NHSCAD43549,NHS,4,iccad4
NHSCAD42435.png,NHSCAD42435,NHS,3,iccad4
HSCAD421.png,HSCAD421,HS,4,iccad4
NHSCAD4792.png,NHSCAD4792,NHS,3,iccad4
HSCAD412.png,HSCAD412,HS,4,iccad4
NHSCAD4261.png,NHSCAD4261,NHS,0,iccad4
NHSCAD4549.png,NHSCAD4549,NHS,0,iccad4
NHSCAD43879.png,NHSCAD43879,NHS,2,iccad4
NHSCAD41429.png,NHSCAD41429,NHS,2,iccad4
NHSCAD44487.png,NHSCAD44487,NHS,2,iccad4
NHSCAD44470.png,NHSCAD44470,NHS,4,iccad4
NHSCAD43263.png,NHSCAD43263,NHS,0,iccad4
NHSCAD42344.png,NHSCAD42344,NHS,3,iccad4
NHSCAD43079.png,NHSCAD43079,NHS,0,iccad4
NHSCAD4954.png,NHSCAD4954,NHS,3,iccad4
NHSCAD43144.png,NHSCAD43144,NHS,2,iccad4
NHSCAD42407.png,NHSCAD42407,NHS,2,iccad4
NHSCAD4751.png,NHSCAD4751,NHS,1,iccad4
NHSCAD42749.png,NHSCAD42749,NHS,3,iccad4
NHSCAD41308.png,NHSCAD41308,NHS,3,iccad4
NHSCAD43910.png,NHSCAD43910,NHS,1,iccad4
NHSCAD43608.png,NHSCAD43608,NHS,4,iccad4
NHSCAD44165.png,NHSCAD44165,NHS,2,iccad4
NHSCAD44300.png,NHSCAD44300,NHS,1,iccad4
NHSCAD41283.png,NHSCAD41283,NHS,4,iccad4
NHSCAD41106.png,NHSCAD41106,NHS,1,iccad4
NHSCAD43191.png,NHSCAD43191,NHS,2,iccad4
NHSCAD4377.png,NHSCAD4377,NHS,2,iccad4
NHSCAD43761.png,NHSCAD43761,NHS,4,iccad4
NHSCAD43803.png,NHSCAD43803,NHS,4,iccad4
NHSCAD42033.png,NHSCAD42033,NHS,1,iccad4
NHSCAD42475.png,NHSCAD42475,NHS,3,iccad4
NHSCAD42073.png,NHSCAD42073,NHS,1,iccad4
NHSCAD42928.png,NHSCAD42928,NHS,4,iccad4
NHSCAD42751.png,NHSCAD42751,NHS,4,iccad4
NHSCAD41426.png,NHSCAD41426,NHS,3,iccad4
NHSCAD41395.png,NHSCAD41395,NHS,0,iccad4
NHSCAD41206.png,NHSCAD41206,NHS,1,iccad4
NHSCAD44417.png,NHSCAD44417,NHS,2,iccad4
NHSCAD43559.png,NHSCAD43559,NHS,3,iccad4
NHSCAD41936.png,NHSCAD41936,NHS,0,iccad4
NHSCAD42985.png,NHSCAD42985,NHS,3,iccad4
NHSCAD41152.png,NHSCAD41152,NHS,2,iccad4
HSCAD441.png,HSCAD441,HS,1,iccad4
NHSCAD43739.png,NHSCAD43739,NHS,0,iccad4
NHSCAD44521.png,NHSCAD44521,NHS,4,iccad4
NHSCAD44392.png,NHSCAD44392,NHS,0,iccad4
NHSCAD4582.png,NHSCAD4582,NHS,4,iccad4
NHSCAD41238.png,NHSCAD41238,NHS,2,iccad4
NHSCAD43827.png,NHSCAD43827,NHS,0,iccad4
NHSCAD4251.png,NHSCAD4251,NHS,0,iccad4
NHSCAD4369.png,NHSCAD4369,NHS,3,iccad4
NHSCAD4661.png,NHSCAD4661,NHS,3,iccad4
NHSCAD42640.png,NHSCAD42640,NHS,0,iccad4
NHSCAD42236.png,NHSCAD42236,NHS,0,iccad4
NHSCAD43802.png,NHSCAD43802,NHS,3,iccad4
NHSCAD42909.png,NHSCAD42909,NHS,1,iccad4
NHSCAD43806.png,NHSCAD43806,NHS,2,iccad4
NHSCAD43966.png,NHSCAD43966,NHS,2,iccad4
NHSCAD42437.png,NHSCAD42437,NHS,1,iccad4
NHSCAD42448.png,NHSCAD42448,NHS,4,iccad4
HSCAD461.png,HSCAD461,HS,3,iccad4
NHSCAD42104.png,NHSCAD42104,NHS,0,iccad4
NHSCAD41448.png,NHSCAD41448,NHS,3,iccad4
NHSCAD4204.png,NHSCAD4204,NHS,3,iccad4
NHSCAD43717.png,NHSCAD43717,NHS,3,iccad4
NHSCAD42320.png,NHSCAD42320,NHS,2,iccad4
NHSCAD41934.png,NHSCAD41934,NHS,2,iccad4
NHSCAD4403.png,NHSCAD4403,NHS,2,iccad4
NHSCAD43060.png,NHSCAD43060,NHS,4,iccad4
NHSCAD41325.png,NHSCAD41325,NHS,2,iccad4
NHSCAD43179.png,NHSCAD43179,NHS,3,iccad4
NHSCAD41794.png,NHSCAD41794,NHS,4,iccad4
NHSCAD43377.png,NHSCAD43377,NHS,3,iccad4
NHSCAD4233.png,NHSCAD4233,NHS,2,iccad4
NHSCAD42590.png,NHSCAD42590,NHS,4,iccad4
NHSCAD41786.png,NHSCAD41786,NHS,0,iccad4
NHSCAD44253.png,NHSCAD44253,NHS,4,iccad4
NHSCAD42433.png,NHSCAD42433,NHS,4,iccad4
NHSCAD4313.png,NHSCAD4313,NHS,0,iccad4
NHSCAD41894.png,NHSCAD41894,NHS,3,iccad4
NHSCAD44424.png,NHSCAD44424,NHS,0,iccad4
NHSCAD44105.png,NHSCAD44105,NHS,1,iccad4
NHSCAD43123.png,NHSCAD43123,NHS,3,iccad4
NHSCAD4252.png,NHSCAD4252,NHS,1,iccad4
NHSCAD4105.png,NHSCAD4105,NHS,2,iccad4
NHSCAD41288.png,NHSCAD41288,NHS,4,iccad4
NHSCAD41472.png,NHSCAD41472,NHS,0,iccad4
NHSCAD4646.png,NHSCAD4646,NHS,3,iccad4
HSCAD473.png,HSCAD473,HS,1,iccad4
NHSCAD43859.png,NHSCAD43859,NHS,0,iccad4
NHSCAD4997.png,NHSCAD4997,NHS,4,iccad4
NHSCAD41727.png,NHSCAD41727,NHS,0,iccad4
NHSCAD43016.png,NHSCAD43016,NHS,4,iccad4
NHSCAD41177.png,NHSCAD41177,NHS,0,iccad4
NHSCAD4621.png,NHSCAD4621,NHS,3,iccad4
NHSCAD4311.png,NHSCAD4311,NHS,3,iccad4
NHSCAD42757.png,NHSCAD42757,NHS,2,iccad4
NHSCAD4673.png,NHSCAD4673,NHS,2,iccad4
NHSCAD42215.png,NHSCAD42215,NHS,3,iccad4
NHSCAD4847.png,NHSCAD4847,NHS,3,iccad4
NHSCAD43387.png,NHSCAD43387,NHS,4,iccad4
NHSCAD41195.png,NHSCAD41195,NHS,0,iccad4
NHSCAD41888.png,NHSCAD41888,NHS,1,iccad4
NHSCAD44138.png,NHSCAD44138,NHS,2,iccad4
NHSCAD43835.png,NHSCAD43835,NHS,4,iccad4
NHSCAD4485.png,NHSCAD4485,NHS,3,iccad4
NHSCAD42593.png,NHSCAD42593,NHS,2,iccad4
NHSCAD43008.png,NHSCAD43008,NHS,3,iccad4
NHSCAD42789.png,NHSCAD42789,NHS,3,iccad4
NHSCAD4298.png,NHSCAD4298,NHS,4,iccad4
NHSCAD43647.png,NHSCAD43647,NHS,1,iccad4
NHSCAD4256.png,NHSCAD4256,NHS,0,iccad4
NHSCAD44067.png,NHSCAD44067,NHS,2,iccad4
NHSCAD41633.png,NHSCAD41633,NHS,0,iccad4
NHSCAD43830.png,NHSCAD43830,NHS,4,iccad4
NHSCAD43819.png,NHSCAD43819,NHS,1,iccad4
NHSCAD42479.png,NHSCAD42479,NHS,2,iccad4
NHSCAD42211.png,NHSCAD42211,NHS,4,iccad4
NHSCAD43818.png,NHSCAD43818,NHS,0,iccad4
NHSCAD43630.png,NHSCAD43630,NHS,3,iccad4
NHSCAD42559.png,NHSCAD42559,NHS,4,iccad4
NHSCAD44041.png,NHSCAD44041,NHS,1,iccad4
NHSCAD43200.png,NHSCAD43200,NHS,1,iccad4
NHSCAD42331.png,NHSCAD42331,NHS,0,iccad4
NHSCAD41392.png,NHSCAD41392,NHS,4,iccad4
NHSCAD41853.png,NHSCAD41853,NHS,4,iccad4
NHSCAD4386.png,NHSCAD4386,NHS,1,iccad4
NHSCAD42445.png,NHSCAD42445,NHS,0,iccad4
NHSCAD44185.png,NHSCAD44185,NHS,4,iccad4
NHSCAD4213.png,NHSCAD4213,NHS,2,iccad4
NHSCAD43744.png,NHSCAD43744,NHS,3,iccad4
NHSCAD4269.png,NHSCAD4269,NHS,3,iccad4
NHSCAD41530.png,NHSCAD41530,NHS,4,iccad4
NHSCAD44413.png,NHSCAD44413,NHS,3,iccad4
NHSCAD43787.png,NHSCAD43787,NHS,1,iccad4
NHSCAD43759.png,NHSCAD43759,NHS,0,iccad4
NHSCAD43265.png,NHSCAD43265,NHS,2,iccad4
NHSCAD4489.png,NHSCAD4489,NHS,2,iccad4
NHSCAD42788.png,NHSCAD42788,NHS,2,iccad4
NHSCAD41579.png,NHSCAD41579,NHS,2,iccad4
NHSCAD41920.png,NHSCAD41920,NHS,2,iccad4
NHSCAD44173.png,NHSCAD44173,NHS,0,iccad4
NHSCAD43002.png,NHSCAD43002,NHS,4,iccad4
NHSCAD43853.png,NHSCAD43853,NHS,4,iccad4
NHSCAD44038.png,NHSCAD44038,NHS,3,iccad4
NHSCAD41202.png,NHSCAD41202,NHS,4,iccad4
NHSCAD43137.png,NHSCAD43137,NHS,3,iccad4
NHSCAD42661.png,NHSCAD42661,NHS,2,iccad4
NHSCAD4966.png,NHSCAD4966,NHS,0,iccad4
NHSCAD42812.png,NHSCAD42812,NHS,2,iccad4
NHSCAD43317.png,NHSCAD43317,NHS,4,iccad4
NHSCAD43440.png,NHSCAD43440,NHS,0,iccad4
NHSCAD4223.png,NHSCAD4223,NHS,3,iccad4
NHSCAD4705.png,NHSCAD4705,NHS,0,iccad4
NHSCAD4175.png,NHSCAD4175,NHS,0,iccad4
HSCAD489.png,HSCAD489,HS,3,iccad4
NHSCAD4145.png,NHSCAD4145,NHS,3,iccad4
NHSCAD4732.png,NHSCAD4732,NHS,3,iccad4
NHSCAD42893.png,NHSCAD42893,NHS,2,iccad4
NHSCAD43776.png,NHSCAD43776,NHS,3,iccad4
NHSCAD42113.png,NHSCAD42113,NHS,0,iccad4
NHSCAD41560.png,NHSCAD41560,NHS,2,iccad4
NHSCAD43460.png,NHSCAD43460,NHS,2,iccad4
NHSCAD4378.png,NHSCAD4378,NHS,4,iccad4
NHSCAD41603.png,NHSCAD41603,NHS,4,iccad4
NHSCAD4455.png,NHSCAD4455,NHS,3,iccad4
NHSCAD42351.png,NHSCAD42351,NHS,4,iccad4
NHSCAD41504.png,NHSCAD41504,NHS,0,iccad4
NHSCAD41299.png,NHSCAD41299,NHS,3,iccad4
NHSCAD41311.png,NHSCAD41311,NHS,2,iccad4
NHSCAD43892.png,NHSCAD43892,NHS,1,iccad4
NHSCAD4266.png,NHSCAD4266,NHS,4,iccad4
NHSCAD43173.png,NHSCAD43173,NHS,1,iccad4
NHSCAD43779.png,NHSCAD43779,NHS,2,iccad4
NHSCAD41157.png,NHSCAD41157,NHS,2,iccad4
NHSCAD43141.png,NHSCAD43141,NHS,3,iccad4
NHSCAD41241.png,NHSCAD41241,NHS,1,iccad4
NHSCAD44055.png,NHSCAD44055,NHS,1,iccad4
NHSCAD4315.png,NHSCAD4315,NHS,1,iccad4
NHSCAD4201.png,NHSCAD4201,NHS,1,iccad4
NHSCAD43212.png,NHSCAD43212,NHS,4,iccad4
NHSCAD41651.png,NHSCAD41651,NHS,0,iccad4
NHSCAD43231.png,NHSCAD43231,NHS,0,iccad4
NHSCAD42265.png,NHSCAD42265,NHS,1,iccad4
NHSCAD41052.png,NHSCAD41052,NHS,1,iccad4
NHSCAD43940.png,NHSCAD43940,NHS,0,iccad4
NHSCAD42195.png,NHSCAD42195,NHS,0,iccad4
NHSCAD44021.png,NHSCAD44021,NHS,4,iccad4
NHSCAD43658.png,NHSCAD43658,NHS,3,iccad4
NHSCAD43616.png,NHSCAD43616,NHS,4,iccad4
NHSCAD43865.png,NHSCAD43865,NHS,2,iccad4
NHSCAD41309.png,NHSCAD41309,NHS,0,iccad4
NHSCAD43962.png,NHSCAD43962,NHS,4,iccad4
NHSCAD42062.png,NHSCAD42062,NHS,3,iccad4
NHSCAD43108.png,NHSCAD43108,NHS,2,iccad4
NHSCAD4469.png,NHSCAD4469,NHS,1,iccad4
NHSCAD41148.png,NHSCAD41148,NHS,2,iccad4
NHSCAD42764.png,NHSCAD42764,NHS,1,iccad4
NHSCAD42345.png,NHSCAD42345,NHS,0,iccad4
NHSCAD41857.png,NHSCAD41857,NHS,3,iccad4
NHSCAD4698.png,NHSCAD4698,NHS,2,iccad4
NHSCAD42340.png,NHSCAD42340,NHS,0,iccad4
NHSCAD42306.png,NHSCAD42306,NHS,1,iccad4
NHSCAD42286.png,NHSCAD42286,NHS,0,iccad4
NHSCAD43747.png,NHSCAD43747,NHS,2,iccad4
NHSCAD42754.png,NHSCAD42754,NHS,0,iccad4
NHSCAD4499.png,NHSCAD4499,NHS,1,iccad4
NHSCAD43710.png,NHSCAD43710,NHS,0,iccad4
NHSCAD42608.png,NHSCAD42608,NHS,3,iccad4
NHSCAD43027.png,NHSCAD43027,NHS,3,iccad4
NHSCAD42556.png,NHSCAD42556,NHS,1,iccad4
NHSCAD42005.png,NHSCAD42005,NHS,1,iccad4
NHSCAD43110.png,NHSCAD43110,NHS,4,iccad4
NHSCAD44363.png,NHSCAD44363,NHS,0,iccad4
NHSCAD43569.png,NHSCAD43569,NHS,0,iccad4
NHSCAD41437.png,NHSCAD41437,NHS,1,iccad4
NHSCAD41522.png,NHSCAD41522,NHS,2,iccad4
NHSCAD42821.png,NHSCAD42821,NHS,4,iccad4
NHSCAD42884.png,NHSCAD42884,NHS,2,iccad4
NHSCAD41889.png,NHSCAD41889,NHS,2,iccad4
NHSCAD43752.png,NHSCAD43752,NHS,4,iccad4
NHSCAD43684.png,NHSCAD43684,NHS,2,iccad4
NHSCAD43222.png,NHSCAD43222,NHS,0,iccad4
NHSCAD43248.png,NHSCAD43248,NHS,3,iccad4
NHSCAD43494.png,NHSCAD43494,NHS,4,iccad4
NHSCAD44235.png,NHSCAD44235,NHS,4,iccad4
NHSCAD42510.png,NHSCAD42510,NHS,1,iccad4
NHSCAD44061.png,NHSCAD44061,NHS,2,iccad4
NHSCAD43667.png,NHSCAD43667,NHS,3,iccad4
NHSCAD42131.png,NHSCAD42131,NHS,0,iccad4
NHSCAD41922.png,NHSCAD41922,NHS,0,iccad4
NHSCAD4678.png,NHSCAD4678,NHS,2,iccad4
NHSCAD42936.png,NHSCAD42936,NHS,1,iccad4
NHSCAD43878.png,NHSCAD43878,NHS,1,iccad4
NHSCAD4798.png,NHSCAD4798,NHS,0,iccad4
NHSCAD44472.png,NHSCAD44472,NHS,0,iccad4
NHSCAD44471.png,NHSCAD44471,NHS,1,iccad4
NHSCAD42210.png,NHSCAD42210,NHS,2,iccad4
NHSCAD44227.png,NHSCAD44227,NHS,0,iccad4
NHSCAD4738.png,NHSCAD4738,NHS,2,iccad4
NHSCAD42906.png,NHSCAD42906,NHS,0,iccad4
NHSCAD41760.png,NHSCAD41760,NHS,3,iccad4
NHSCAD4587.png,NHSCAD4587,NHS,4,iccad4
NHSCAD4448.png,NHSCAD4448,NHS,4,iccad4
NHSCAD4762.png,NHSCAD4762,NHS,3,iccad4
NHSCAD42087.png,NHSCAD42087,NHS,1,iccad4
NHSCAD44309.png,NHSCAD44309,NHS,0,iccad4
NHSCAD4825.png,NHSCAD4825,NHS,4,iccad4
NHSCAD43470.png,NHSCAD43470,NHS,3,iccad4
NHSCAD4459.png,NHSCAD4459,NHS,1,iccad4
NHSCAD4647.png,NHSCAD4647,NHS,4,iccad4
NHSCAD41982.png,NHSCAD41982,NHS,1,iccad4
NHSCAD4726.png,NHSCAD4726,NHS,1,iccad4
NHSCAD41572.png,NHSCAD41572,NHS,1,iccad4
NHSCAD41365.png,NHSCAD41365,NHS,4,iccad4
NHSCAD41549.png,NHSCAD41549,NHS,4,iccad4
NHSCAD43158.png,NHSCAD43158,NHS,2,iccad4
NHSCAD42787.png,NHSCAD42787,NHS,1,iccad4
NHSCAD43713.png,NHSCAD43713,NHS,1,iccad4
NHSCAD4327.png,NHSCAD4327,NHS,2,iccad4
NHSCAD42463.png,NHSCAD42463,NHS,0,iccad4
NHSCAD4247.png,NHSCAD4247,NHS,2,iccad4
NHSCAD42403.png,NHSCAD42403,NHS,3,iccad4
NHSCAD43566.png,NHSCAD43566,NHS,2,iccad4
NHSCAD42548.png,NHSCAD42548,NHS,2,iccad4
NHSCAD41417.png,NHSCAD41417,NHS,3,iccad4
NHSCAD43873.png,NHSCAD43873,NHS,1,iccad4
NHSCAD42865.png,NHSCAD42865,NHS,0,iccad4
NHSCAD41482.png,NHSCAD41482,NHS,2,iccad4
NHSCAD41688.png,NHSCAD41688,NHS,0,iccad4
HSCAD428.png,HSCAD428,HS,0,iccad4
NHSCAD41641.png,NHSCAD41641,NHS,3,iccad4
NHSCAD43332.png,NHSCAD43332,NHS,1,iccad4
NHSCAD43711.png,NHSCAD43711,NHS,2,iccad4
NHSCAD41565.png,NHSCAD41565,NHS,2,iccad4
NHSCAD4665.png,NHSCAD4665,NHS,1,iccad4
NHSCAD43735.png,NHSCAD43735,NHS,3,iccad4
NHSCAD44317.png,NHSCAD44317,NHS,4,iccad4
NHSCAD4140.png,NHSCAD4140,NHS,0,iccad4
NHSCAD42255.png,NHSCAD42255,NHS,0,iccad4
NHSCAD43390.png,NHSCAD43390,NHS,3,iccad4
NHSCAD4807.png,NHSCAD4807,NHS,3,iccad4
NHSCAD42018.png,NHSCAD42018,NHS,0,iccad4
NHSCAD44121.png,NHSCAD44121,NHS,4,iccad4
NHSCAD4402.png,NHSCAD4402,NHS,3,iccad4
NHSCAD4961.png,NHSCAD4961,NHS,2,iccad4
NHSCAD42126.png,NHSCAD42126,NHS,3,iccad4
NHSCAD41297.png,NHSCAD41297,NHS,4,iccad4
NHSCAD44375.png,NHSCAD44375,NHS,3,iccad4
NHSCAD4830.png,NHSCAD4830,NHS,4,iccad4
NHSCAD4984.png,NHSCAD4984,NHS,0,iccad4
NHSCAD41233.png,NHSCAD41233,NHS,4,iccad4
NHSCAD41741.png,NHSCAD41741,NHS,1,iccad4
NHSCAD42486.png,NHSCAD42486,NHS,4,iccad4
NHSCAD43147.png,NHSCAD43147,NHS,4,iccad4
NHSCAD4396.png,NHSCAD4396,NHS,3,iccad4
NHSCAD42422.png,NHSCAD42422,NHS,0,iccad4
NHSCAD44393.png,NHSCAD44393,NHS,1,iccad4
NHSCAD42266.png,NHSCAD42266,NHS,2,iccad4
NHSCAD4978.png,NHSCAD4978,NHS,3,iccad4
NHSCAD4101.png,NHSCAD4101,NHS,3,iccad4
NHSCAD4169.png,NHSCAD4169,NHS,4,iccad4
NHSCAD41980.png,NHSCAD41980,NHS,3,iccad4
NHSCAD42297.png,NHSCAD42297,NHS,1,iccad4
NHSCAD4408.png,NHSCAD4408,NHS,3,iccad4
NHSCAD44269.png,NHSCAD44269,NHS,0,iccad4
NHSCAD41545.png,NHSCAD41545,NHS,0,iccad4
NHSCAD42455.png,NHSCAD42455,NHS,1,iccad4
NHSCAD41524.png,NHSCAD41524,NHS,1,iccad4
NHSCAD43798.png,NHSCAD43798,NHS,2,iccad4
NHSCAD42339.png,NHSCAD42339,NHS,2,iccad4
NHSCAD43875.png,NHSCAD43875,NHS,3,iccad4
NHSCAD42945.png,NHSCAD42945,NHS,0,iccad4
NHSCAD43077.png,NHSCAD43077,NHS,1,iccad4
NHSCAD41783.png,NHSCAD41783,NHS,2,iccad4
NHSCAD41078.png,NHSCAD41078,NHS,1,iccad4
NHSCAD41415.png,NHSCAD41415,NHS,2,iccad4
NHSCAD44367.png,NHSCAD44367,NHS,3,iccad4
NHSCAD42368.png,NHSCAD42368,NHS,0,iccad4
NHSCAD43508.png,NHSCAD43508,NHS,4,iccad4
NHSCAD41124.png,NHSCAD41124,NHS,1,iccad4
NHSCAD43898.png,NHSCAD43898,NHS,2,iccad4
NHSCAD43856.png,NHSCAD43856,NHS,2,iccad4
NHSCAD42598.png,NHSCAD42598,NHS,2,iccad4
NHSCAD44043.png,NHSCAD44043,NHS,2,iccad4
NHSCAD42355.png,NHSCAD42355,NHS,1,iccad4
NHSCAD41874.png,NHSCAD41874,NHS,2,iccad4
NHSCAD43971.png,NHSCAD43971,NHS,4,iccad4
NHSCAD42118.png,NHSCAD42118,NHS,0,iccad4
NHSCAD43053.png,NHSCAD43053,NHS,4,iccad4
NHSCAD43860.png,NHSCAD43860,NHS,2,iccad4
NHSCAD44500.png,NHSCAD44500,NHS,1,iccad4
NHSCAD44071.png,NHSCAD44071,NHS,4,iccad4
NHSCAD43876.png,NHSCAD43876,NHS,4,iccad4
NHSCAD42573.png,NHSCAD42573,NHS,0,iccad4
NHSCAD44120.png,NHSCAD44120,NHS,3,iccad4
NHSCAD4953.png,NHSCAD4953,NHS,2,iccad4
NHSCAD42324.png,NHSCAD42324,NHS,4,iccad4
NHSCAD41453.png,NHSCAD41453,NHS,4,iccad4
NHSCAD42330.png,NHSCAD42330,NHS,3,iccad4
NHSCAD44302.png,NHSCAD44302,NHS,3,iccad4
NHSCAD42953.png,NHSCAD42953,NHS,3,iccad4
NHSCAD42214.png,NHSCAD42214,NHS,1,iccad4
NHSCAD41345.png,NHSCAD41345,NHS,0,iccad4
NHSCAD42933.png,NHSCAD42933,NHS,0,iccad4
NHSCAD41412.png,NHSCAD41412,NHS,3,iccad4
NHSCAD43340.png,NHSCAD43340,NHS,3,iccad4
NHSCAD44247.png,NHSCAD44247,NHS,1,iccad4
NHSCAD42628.png,NHSCAD42628,NHS,4,iccad4
NHSCAD43288.png,NHSCAD43288,NHS,2,iccad4
NHSCAD42119.png,NHSCAD42119,NHS,1,iccad4
NHSCAD44128.png,NHSCAD44128,NHS,1,iccad4
NHSCAD41869.png,NHSCAD41869,NHS,1,iccad4
NHSCAD4406.png,NHSCAD4406,NHS,0,iccad4
NHSCAD4667.png,NHSCAD4667,NHS,4,iccad4
NHSCAD4454.png,NHSCAD4454,NHS,4,iccad4
NHSCAD4904.png,NHSCAD4904,NHS,2,iccad4
NHSCAD4839.png,NHSCAD4839,NHS,2,iccad4
NHSCAD43579.png,NHSCAD43579,NHS,1,iccad4
NHSCAD43946.png,NHSCAD43946,NHS,3,iccad4
NHSCAD42132.png,NHSCAD42132,NHS,1,iccad4
NHSCAD41272.png,NHSCAD41272,NHS,1,iccad4
NHSCAD44114.png,NHSCAD44114,NHS,1,iccad4
NHSCAD41342.png,NHSCAD41342,NHS,4,iccad4
NHSCAD4890.png,NHSCAD4890,NHS,4,iccad4
NHSCAD44447.png,NHSCAD44447,NHS,0,iccad4
NHSCAD4424.png,NHSCAD4424,NHS,4,iccad4
NHSCAD41520.png,NHSCAD41520,NHS,2,iccad4
NHSCAD41113.png,NHSCAD41113,NHS,0,iccad4
NHSCAD43463.png,NHSCAD43463,NHS,0,iccad4
NHSCAD44123.png,NHSCAD44123,NHS,1,iccad4
NHSCAD44387.png,NHSCAD44387,NHS,0,iccad4
NHSCAD41758.png,NHSCAD41758,NHS,4,iccad4
NHSCAD41076.png,NHSCAD41076,NHS,4,iccad4
NHSCAD43485.png,NHSCAD43485,NHS,4,iccad4
NHSCAD4107.png,NHSCAD4107,NHS,1,iccad4
NHSCAD43462.png,NHSCAD43462,NHS,4,iccad4
NHSCAD41239.png,NHSCAD41239,NHS,4,iccad4
NHSCAD44250.png,NHSCAD44250,NHS,1,iccad4
HSCAD466.png,HSCAD466,HS,3,iccad4
HSCAD454.png,HSCAD454,HS,0,iccad4
NHSCAD41333.png,NHSCAD41333,NHS,4,iccad4
NHSCAD42912.png,NHSCAD42912,NHS,3,iccad4
NHSCAD4265.png,NHSCAD4265,NHS,0,iccad4
NHSCAD4668.png,NHSCAD4668,NHS,2,iccad4
NHSCAD44008.png,NHSCAD44008,NHS,4,iccad4
NHSCAD43301.png,NHSCAD43301,NHS,2,iccad4
NHSCAD42740.png,NHSCAD42740,NHS,0,iccad4
NHSCAD41599.png,NHSCAD41599,NHS,4,iccad4
NHSCAD43192.png,NHSCAD43192,NHS,0,iccad4
NHSCAD44308.png,NHSCAD44308,NHS,4,iccad4
NHSCAD4465.png,NHSCAD4465,NHS,3,iccad4
NHSCAD43000.png,NHSCAD43000,NHS,1,iccad4
NHSCAD43163.png,NHSCAD43163,NHS,0,iccad4
NHSCAD42014.png,NHSCAD42014,NHS,1,iccad4
NHSCAD41054.png,NHSCAD41054,NHS,0,iccad4
NHSCAD43974.png,NHSCAD43974,NHS,1,iccad4
NHSCAD4894.png,NHSCAD4894,NHS,2,iccad4
NHSCAD43563.png,NHSCAD43563,NHS,3,iccad4
NHSCAD42714.png,NHSCAD42714,NHS,1,iccad4
NHSCAD42629.png,NHSCAD42629,NHS,1,iccad4
NHSCAD41380.png,NHSCAD41380,NHS,3,iccad4
NHSCAD4166.png,NHSCAD4166,NHS,3,iccad4
NHSCAD4103.png,NHSCAD4103,NHS,3,iccad4
NHSCAD43480.png,NHSCAD43480,NHS,4,iccad4
NHSCAD43435.png,NHSCAD43435,NHS,2,iccad4
NHSCAD43870.png,NHSCAD43870,NHS,3,iccad4
HSCAD492.png,HSCAD492,HS,2,iccad4
NHSCAD42638.png,NHSCAD42638,NHS,1,iccad4
NHSCAD41616.png,NHSCAD41616,NHS,3,iccad4
NHSCAD42929.png,NHSCAD42929,NHS,0,iccad4
NHSCAD4719.png,NHSCAD4719,NHS,4,iccad4
NHSCAD42585.png,NHSCAD42585,NHS,3,iccad4
NHSCAD44148.png,NHSCAD44148,NHS,3,iccad4
NHSCAD4952.png,NHSCAD4952,NHS,0,iccad4
NHSCAD4385.png,NHSCAD4385,NHS,0,iccad4
NHSCAD43740.png,NHSCAD43740,NHS,1,iccad4
NHSCAD43366.png,NHSCAD43366,NHS,2,iccad4
NHSCAD44510.png,NHSCAD44510,NHS,2,iccad4
NHSCAD44047.png,NHSCAD44047,NHS,3,iccad4
NHSCAD41830.png,NHSCAD41830,NHS,4,iccad4
NHSCAD43371.png,NHSCAD43371,NHS,4,iccad4
NHSCAD4427.png,NHSCAD4427,NHS,1,iccad4
NHSCAD43130.png,NHSCAD43130,NHS,2,iccad4
HSCAD436.png,HSCAD436,HS,2,iccad4
NHSCAD4194.png,NHSCAD4194,NHS,3,iccad4
NHSCAD4759.png,NHSCAD4759,NHS,4,iccad4
NHSCAD43535.png,NHSCAD43535,NHS,4,iccad4
NHSCAD43524.png,NHSCAD43524,NHS,1,iccad4
NHSCAD44311.png,NHSCAD44311,NHS,3,iccad4
NHSCAD4310.png,NHSCAD4310,NHS,1,iccad4
NHSCAD42568.png,NHSCAD42568,NHS,4,iccad4
NHSCAD4838.png,NHSCAD4838,NHS,0,iccad4
NHSCAD44271.png,NHSCAD44271,NHS,4,iccad4
NHSCAD42868.png,NHSCAD42868,NHS,1,iccad4
HSCAD459.png,HSCAD459,HS,0,iccad4
NHSCAD43599.png,NHSCAD43599,NHS,4,iccad4
NHSCAD42645.png,NHSCAD42645,NHS,0,iccad4
NHSCAD44301.png,NHSCAD44301,NHS,2,iccad4
NHSCAD42610.png,NHSCAD42610,NHS,1,iccad4
NHSCAD4466.png,NHSCAD4466,NHS,2,iccad4
NHSCAD44188.png,NHSCAD44188,NHS,2,iccad4
NHSCAD41005.png,NHSCAD41005,NHS,0,iccad4
NHSCAD41432.png,NHSCAD41432,NHS,1,iccad4
NHSCAD4121.png,NHSCAD4121,NHS,1,iccad4
NHSCAD4564.png,NHSCAD4564,NHS,0,iccad4
NHSCAD41876.png,NHSCAD41876,NHS,4,iccad4
NHSCAD44481.png,NHSCAD44481,NHS,0,iccad4
NHSCAD44097.png,NHSCAD44097,NHS,2,iccad4
NHSCAD42839.png,NHSCAD42839,NHS,3,iccad4
NHSCAD41475.png,NHSCAD41475,NHS,3,iccad4
NHSCAD41568.png,NHSCAD41568,NHS,1,iccad4
NHSCAD41084.png,NHSCAD41084,NHS,3,iccad4
NHSCAD43738.png,NHSCAD43738,NHS,4,iccad4
NHSCAD41340.png,NHSCAD41340,NHS,0,iccad4
NHSCAD43685.png,NHSCAD43685,NHS,3,iccad4
NHSCAD43193.png,NHSCAD43193,NHS,3,iccad4
NHSCAD43095.png,NHSCAD43095,NHS,1,iccad4
NHSCAD41891.png,NHSCAD41891,NHS,4,iccad4
NHSCAD43935.png,NHSCAD43935,NHS,4,iccad4
NHSCAD41194.png,NHSCAD41194,NHS,2,iccad4
NHSCAD41399.png,NHSCAD41399,NHS,3,iccad4
NHSCAD42738.png,NHSCAD42738,NHS,4,iccad4
NHSCAD41586.png,NHSCAD41586,NHS,1,iccad4
NHSCAD43942.png,NHSCAD43942,NHS,1,iccad4
NHSCAD4106.png,NHSCAD4106,NHS,1,iccad4
NHSCAD44289.png,NHSCAD44289,NHS,3,iccad4
NHSCAD43278.png,NHSCAD43278,NHS,1,iccad4
NHSCAD4294.png,NHSCAD4294,NHS,3,iccad4
NHSCAD41026.png,NHSCAD41026,NHS,4,iccad4
NHSCAD41199.png,NHSCAD41199,NHS,2,iccad4
NHSCAD41532.png,NHSCAD41532,NHS,1,iccad4
NHSCAD4933.png,NHSCAD4933,NHS,0,iccad4
NHSCAD41033.png,NHSCAD41033,NHS,0,iccad4
NHSCAD4351.png,NHSCAD4351,NHS,0,iccad4
NHSCAD43886.png,NHSCAD43886,NHS,3,iccad4
NHSCAD42582.png,NHSCAD42582,NHS,0,iccad4
NHSCAD4322.png,NHSCAD4322,NHS,2,iccad4
NHSCAD43872.png,NHSCAD43872,NHS,0,iccad4
NHSCAD43893.png,NHSCAD43893,NHS,2,iccad4
NHSCAD4816.png,NHSCAD4816,NHS,1,iccad4
NHSCAD43045.png,NHSCAD43045,NHS,1,iccad4
NHSCAD4502.png,NHSCAD4502,NHS,4,iccad4
NHSCAD44499.png,NHSCAD44499,NHS,4,iccad4
NHSCAD44288.png,NHSCAD44288,NHS,2,iccad4
NHSCAD41654.png,NHSCAD41654,NHS,1,iccad4
NHSCAD41719.png,NHSCAD41719,NHS,1,iccad4
NHSCAD41022.png,NHSCAD41022,NHS,0,iccad4
NHSCAD42885.png,NHSCAD42885,NHS,3,iccad4
NHSCAD43889.png,NHSCAD43889,NHS,2,iccad4
NHSCAD44358.png,NHSCAD44358,NHS,4,iccad4
NHSCAD42863.png,NHSCAD42863,NHS,1,iccad4
NHSCAD42443.png,NHSCAD42443,NHS,4,iccad4
NHSCAD42730.png,NHSCAD42730,NHS,3,iccad4
NHSCAD41745.png,NHSCAD41745,NHS,0,iccad4
NHSCAD43032.png,NHSCAD43032,NHS,1,iccad4
NHSCAD42108.png,NHSCAD42108,NHS,3,iccad4
NHSCAD42304.png,NHSCAD42304,NHS,0,iccad4
NHSCAD43780.png,NHSCAD43780,NHS,3,iccad4
NHSCAD41621.png,NHSCAD41621,NHS,4,iccad4
NHSCAD43681.png,NHSCAD43681,NHS,4,iccad4
NHSCAD41322.png,NHSCAD41322,NHS,0,iccad4
NHSCAD42207.png,NHSCAD42207,NHS,4,iccad4
NHSCAD4228.png,NHSCAD4228,NHS,2,iccad4
NHSCAD42209.png,NHSCAD42209,NHS,0,iccad4
NHSCAD43936.png,NHSCAD43936,NHS,0,iccad4
NHSCAD4775.png,NHSCAD4775,NHS,4,iccad4
NHSCAD41389.png,NHSCAD41389,NHS,2,iccad4
NHSCAD43502.png,NHSCAD43502,NHS,2,iccad4
NHSCAD41394.png,NHSCAD41394,NHS,3,iccad4
NHSCAD41659.png,NHSCAD41659,NHS,1,iccad4
NHSCAD43421.png,NHSCAD43421,NHS,2,iccad4
NHSCAD42831.png,NHSCAD42831,NHS,0,iccad4
NHSCAD43054.png,NHSCAD43054,NHS,1,iccad4
NHSCAD43532.png,NHSCAD43532,NHS,0,iccad4
NHSCAD42663.png,NHSCAD42663,NHS,0,iccad4
NHSCAD4306.png,NHSCAD4306,NHS,0,iccad4
NHSCAD4209.png,NHSCAD4209,NHS,3,iccad4
NHSCAD41360.png,NHSCAD41360,NHS,4,iccad4
NHSCAD41710.png,NHSCAD41710,NHS,0,iccad4
NHSCAD44493.png,NHSCAD44493,NHS,3,iccad4
NHSCAD41253.png,NHSCAD41253,NHS,3,iccad4
NHSCAD43677.png,NHSCAD43677,NHS,4,iccad4
NHSCAD43548.png,NHSCAD43548,NHS,2,iccad4
NHSCAD41021.png,NHSCAD41021,NHS,4,iccad4
NHSCAD41756.png,NHSCAD41756,NHS,3,iccad4
NHSCAD41814.png,NHSCAD41814,NHS,1,iccad4
NHSCAD42774.png,NHSCAD42774,NHS,4,iccad4
NHSCAD42391.png,NHSCAD42391,NHS,1,iccad4
NHSCAD4477.png,NHSCAD4477,NHS,4,iccad4
NHSCAD43989.png,NHSCAD43989,NHS,2,iccad4
NHSCAD43959.png,NHSCAD43959,NHS,0,iccad4
NHSCAD43606.png,NHSCAD43606,NHS,2,iccad4
NHSCAD44083.png,NHSCAD44083,NHS,2,iccad4
NHSCAD43861.png,NHSCAD43861,NHS,3,iccad4
NHSCAD4633.png,NHSCAD4633,NHS,2,iccad4
NHSCAD41921.png,NHSCAD41921,NHS,3,iccad4
NHSCAD41246.png,NHSCAD41246,NHS,0,iccad4
NHSCAD43422.png,NHSCAD43422,NHS,0,iccad4
NHSCAD43325.png,NHSCAD43325,NHS,3,iccad4
NHSCAD43624.png,NHSCAD43624,NHS,1,iccad4
NHSCAD44089.png,NHSCAD44089,NHS,3,iccad4
NHSCAD42635.png,NHSCAD42635,NHS,3,iccad4
NHSCAD42836.png,NHSCAD42836,NHS,0,iccad4
NHSCAD4302.png,NHSCAD4302,NHS,2,iccad4
NHSCAD41610.png,NHSCAD41610,NHS,2,iccad4
NHSCAD42003.png,NHSCAD42003,NHS,4,iccad4
NHSCAD495.png,NHSCAD495,NHS,3,iccad4
HSCAD458.png,HSCAD458,HS,4,iccad4
NHSCAD42675.png,NHSCAD42675,NHS,2,iccad4
NHSCAD42672.png,NHSCAD42672,NHS,0,iccad4
NHSCAD43461.png,NHSCAD43461,NHS,3,iccad4
NHSCAD4113.png,NHSCAD4113,NHS,2,iccad4
HSCAD471.png,HSCAD471,HS,4,iccad4
NHSCAD42853.png,NHSCAD42853,NHS,4,iccad4
NHSCAD42038.png,NHSCAD42038,NHS,1,iccad4
NHSCAD41061.png,NHSCAD41061,NHS,3,iccad4
NHSCAD43026.png,NHSCAD43026,NHS,3,iccad4
NHSCAD41375.png,NHSCAD41375,NHS,2,iccad4
HSCAD431.png,HSCAD431,HS,2,iccad4
NHSCAD41863.png,NHSCAD41863,NHS,0,iccad4
NHSCAD42397.png,NHSCAD42397,NHS,4,iccad4
NHSCAD41123.png,NHSCAD41123,NHS,3,iccad4
NHSCAD4333.png,NHSCAD4333,NHS,3,iccad4
NHSCAD42491.png,NHSCAD42491,NHS,0,iccad4
NHSCAD41896.png,NHSCAD41896,NHS,4,iccad4
NHSCAD41581.png,NHSCAD41581,NHS,1,iccad4
NHSCAD41009.png,NHSCAD41009,NHS,0,iccad4
NHSCAD41079.png,NHSCAD41079,NHS,2,iccad4
NHSCAD41383.png,NHSCAD41383,NHS,4,iccad4
NHSCAD41093.png,NHSCAD41093,NHS,3,iccad4
NHSCAD41670.png,NHSCAD41670,NHS,2,iccad4
NHSCAD43177.png,NHSCAD43177,NHS,0,iccad4
NHSCAD43911.png,NHSCAD43911,NHS,2,iccad4
NHSCAD42963.png,NHSCAD42963,NHS,0,iccad4
NHSCAD42350.png,NHSCAD42350,NHS,1,iccad4
NHSCAD42269.png,NHSCAD42269,NHS,4,iccad4
NHSCAD4926.png,NHSCAD4926,NHS,1,iccad4
NHSCAD4944.png,NHSCAD4944,NHS,2,iccad4
NHSCAD43777.png,NHSCAD43777,NHS,0,iccad4
NHSCAD41040.png,NHSCAD41040,NHS,3,iccad4
NHSCAD4301.png,NHSCAD4301,NHS,1,iccad4
NHSCAD41594.png,NHSCAD41594,NHS,4,iccad4
NHSCAD43504.png,NHSCAD43504,NHS,3,iccad4
NHSCAD4545.png,NHSCAD4545,NHS,1,iccad4
NHSCAD42420.png,NHSCAD42420,NHS,2,iccad4
NHSCAD41433.png,NHSCAD41433,NHS,2,iccad4
NHSCAD43465.png,NHSCAD43465,NHS,2,iccad4
NHSCAD41164.png,NHSCAD41164,NHS,1,iccad4
NHSCAD4435.png,NHSCAD4435,NHS,0,iccad4
HSCAD426.png,HSCAD426,HS,4,iccad4
NHSCAD41757.png,NHSCAD41757,NHS,2,iccad4
NHSCAD4124.png,NHSCAD4124,NHS,3,iccad4
NHSCAD42840.png,NHSCAD42840,NHS,2,iccad4
NHSCAD41611.png,NHSCAD41611,NHS,3,iccad4
NHSCAD41803.png,NHSCAD41803,NHS,4,iccad4
NHSCAD4390.png,NHSCAD4390,NHS,3,iccad4
NHSCAD4670.png,NHSCAD4670,NHS,1,iccad4
NHSCAD4560.png,NHSCAD4560,NHS,1,iccad4
NHSCAD43394.png,NHSCAD43394,NHS,2,iccad4
NHSCAD42786.png,NHSCAD42786,NHS,0,iccad4
NHSCAD43009.png,NHSCAD43009,NHS,0,iccad4
NHSCAD42105.png,NHSCAD42105,NHS,1,iccad4
NHSCAD42976.png,NHSCAD42976,NHS,3,iccad4
NHSCAD42171.png,NHSCAD42171,NHS,3,iccad4
NHSCAD41013.png,NHSCAD41013,NHS,0,iccad4
NHSCAD4419.png,NHSCAD4419,NHS,4,iccad4
NHSCAD41390.png,NHSCAD41390,NHS,0,iccad4
NHSCAD42632.png,NHSCAD42632,NHS,4,iccad4
NHSCAD41843.png,NHSCAD41843,NHS,3,iccad4
NHSCAD41128.png,NHSCAD41128,NHS,3,iccad4
NHSCAD4239.png,NHSCAD4239,NHS,3,iccad4
NHSCAD41371.png,NHSCAD41371,NHS,3,iccad4
NHSCAD4873.png,NHSCAD4873,NHS,0,iccad4
NHSCAD4650.png,NHSCAD4650,NHS,1,iccad4
NHSCAD44399.png,NHSCAD44399,NHS,2,iccad4
NHSCAD44527.png,NHSCAD44527,NHS,1,iccad4
NHSCAD44160.png,NHSCAD44160,NHS,2,iccad4
NHSCAD42572.png,NHSCAD42572,NHS,4,iccad4
NHSCAD43933.png,NHSCAD43933,NHS,1,iccad4
NHSCAD4453.png,NHSCAD4453,NHS,3,iccad4
NHSCAD4457.png,NHSCAD4457,NHS,4,iccad4
NHSCAD44095.png,NHSCAD44095,NHS,0,iccad4
NHSCAD41798.png,NHSCAD41798,NHS,3,iccad4
NHSCAD44182.png,NHSCAD44182,NHS,0,iccad4
NHSCAD41350.png,NHSCAD41350,NHS,1,iccad4
NHSCAD4900.png,NHSCAD4900,NHS,4,iccad4
NHSCAD44411.png,NHSCAD44411,NHS,1,iccad4
NHSCAD4810.png,NHSCAD4810,NHS,4,iccad4
NHSCAD44341.png,NHSCAD44341,NHS,1,iccad4
NHSCAD42899.png,NHSCAD42899,NHS,3,iccad4
NHSCAD43276.png,NHSCAD43276,NHS,3,iccad4
NHSCAD41143.png,NHSCAD41143,NHS,2,iccad4
NHSCAD4215.png,NHSCAD4215,NHS,0,iccad4
NHSCAD44314.png,NHSCAD44314,NHS,1,iccad4
NHSCAD4300.png,NHSCAD4300,NHS,0,iccad4
NHSCAD43863.png,NHSCAD43863,NHS,0,iccad4
NHSCAD41330.png,NHSCAD41330,NHS,3,iccad4
NHSCAD4288.png,NHSCAD4288,NHS,2,iccad4
NHSCAD44211.png,NHSCAD44211,NHS,3,iccad4
NHSCAD41706.png,NHSCAD41706,NHS,0,iccad4
NHSCAD42221.png,NHSCAD42221,NHS,3,iccad4
NHSCAD41137.png,NHSCAD41137,NHS,3,iccad4
NHSCAD42030.png,NHSCAD42030,NHS,4,iccad4
NHSCAD43915.png,NHSCAD43915,NHS,1,iccad4
NHSCAD44281.png,NHSCAD44281,NHS,0,iccad4
NHSCAD42857.png,NHSCAD42857,NHS,2,iccad4
NHSCAD44352.png,NHSCAD44352,NHS,3,iccad4
NHSCAD42612.png,NHSCAD42612,NHS,3,iccad4
NHSCAD43781.png,NHSCAD43781,NHS,0,iccad4
NHSCAD44018.png,NHSCAD44018,NHS,0,iccad4
NHSCAD42476.png,NHSCAD42476,NHS,4,iccad4
NHSCAD41381.png,NHSCAD41381,NHS,0,iccad4
NHSCAD43088.png,NHSCAD43088,NHS,0,iccad4
NHSCAD44100.png,NHSCAD44100,NHS,1,iccad4
NHSCAD43028.png,NHSCAD43028,NHS,4,iccad4
NHSCAD42561.png,NHSCAD42561,NHS,2,iccad4
NHSCAD41538.png,NHSCAD41538,NHS,3,iccad4
NHSCAD44446.png,NHSCAD44446,NHS,4,iccad4
NHSCAD41550.png,NHSCAD41550,NHS,0,iccad4
NHSCAD42398.png,NHSCAD42398,NHS,2,iccad4
NHSCAD4533.png,NHSCAD4533,NHS,2,iccad4
NHSCAD42518.png,NHSCAD42518,NHS,4,iccad4
NHSCAD4796.png,NHSCAD4796,NHS,1,iccad4
NHSCAD41262.png,NHSCAD41262,NHS,3,iccad4
NHSCAD41336.png,NHSCAD41336,NHS,0,iccad4
NHSCAD43320.png,NHSCAD43320,NHS,2,iccad4
NHSCAD4158.png,NHSCAD4158,NHS,3,iccad4
NHSCAD4764.png,NHSCAD4764,NHS,4,iccad4
NHSCAD41732.png,NHSCAD41732,NHS,1,iccad4
NHSCAD43326.png,NHSCAD43326,NHS,4,iccad4
NHSCAD43042.png,NHSCAD43042,NHS,2,iccad4
NHSCAD43338.png,NHSCAD43338,NHS,2,iccad4
NHSCAD4136.png,NHSCAD4136,NHS,1,iccad4
NHSCAD42717.png,NHSCAD42717,NHS,3,iccad4
NHSCAD42490.png,NHSCAD42490,NHS,4,iccad4
NHSCAD44536.png,NHSCAD44536,NHS,1,iccad4
NHSCAD42611.png,NHSCAD42611,NHS,2,iccad4
NHSCAD41329.png,NHSCAD41329,NHS,4,iccad4
NHSCAD44082.png,NHSCAD44082,NHS,1,iccad4
NHSCAD41667.png,NHSCAD41667,NHS,4,iccad4
NHSCAD44484.png,NHSCAD44484,NHS,4,iccad4
NHSCAD42343.png,NHSCAD42343,NHS,2,iccad4
NHSCAD44514.png,NHSCAD44514,NHS,0,iccad4
NHSCAD41226.png,NHSCAD41226,NHS,4,iccad4
NHSCAD4687.png,NHSCAD4687,NHS,4,iccad4
NHSCAD42267.png,NHSCAD42267,NHS,3,iccad4
NHSCAD4603.png,NHSCAD4603,NHS,2,iccad4
NHSCAD41958.png,NHSCAD41958,NHS,3,iccad4
NHSCAD44266.png,NHSCAD44266,NHS,2,iccad4
NHSCAD44268.png,NHSCAD44268,NHS,3,iccad4
NHSCAD44505.png,NHSCAD44505,NHS,1,iccad4
NHSCAD43528.png,NHSCAD43528,NHS,0,iccad4
NHSCAD44366.png,NHSCAD44366,NHS,2,iccad4
NHSCAD44179.png,NHSCAD44179,NHS,2,iccad4
NHSCAD41205.png,NHSCAD41205,NHS,0,iccad4
NHSCAD43229.png,NHSCAD43229,NHS,2,iccad4
NHSCAD42273.png,NHSCAD42273,NHS,4,iccad4
NHSCAD4940.png,NHSCAD4940,NHS,3,iccad4
NHSCAD41169.png,NHSCAD41169,NHS,1,iccad4
NHSCAD42743.png,NHSCAD42743,NHS,2,iccad4
NHSCAD44331.png,NHSCAD44331,NHS,1,iccad4
NHSCAD42441.png,NHSCAD42441,NHS,1,iccad4
NHSCAD41526.png,NHSCAD41526,NHS,4,iccad4
NHSCAD4187.png,NHSCAD4187,NHS,2,iccad4
NHSCAD42325.png,NHSCAD42325,NHS,2,iccad4
NHSCAD43578.png,NHSCAD43578,NHS,3,iccad4
NHSCAD43790.png,NHSCAD43790,NHS,0,iccad4
NHSCAD44084.png,NHSCAD44084,NHS,3,iccad4
NHSCAD43791.png,NHSCAD43791,NHS,1,iccad4
NHSCAD43980.png,NHSCAD43980,NHS,4,iccad4
NHSCAD41198.png,NHSCAD41198,NHS,4,iccad4
NHSCAD41818.png,NHSCAD41818,NHS,0,iccad4
NHSCAD4624.png,NHSCAD4624,NHS,0,iccad4
NHSCAD4515.png,NHSCAD4515,NHS,2,iccad4
NHSCAD43481.png,NHSCAD43481,NHS,0,iccad4
NHSCAD41761.png,NHSCAD41761,NHS,2,iccad4
NHSCAD42952.png,NHSCAD42952,NHS,2,iccad4
NHSCAD41904.png,NHSCAD41904,NHS,0,iccad4
NHSCAD41045.png,NHSCAD41045,NHS,0,iccad4
NHSCAD4128.png,NHSCAD4128,NHS,2,iccad4
NHSCAD44140.png,NHSCAD44140,NHS,1,iccad4
NHSCAD44544.png,NHSCAD44544,NHS,4,iccad4
NHSCAD4826.png,NHSCAD4826,NHS,1,iccad4
NHSCAD44542.png,NHSCAD44542,NHS,3,iccad4
NHSCAD44441.png,NHSCAD44441,NHS,4,iccad4
NHSCAD4498.png,NHSCAD4498,NHS,0,iccad4
NHSCAD44482.png,NHSCAD44482,NHS,2,iccad4
NHSCAD44245.png,NHSCAD44245,NHS,3,iccad4
NHSCAD42878.png,NHSCAD42878,NHS,4,iccad4
NHSCAD43266.png,NHSCAD43266,NHS,3,iccad4
NHSCAD4170.png,NHSCAD4170,NHS,1,iccad4
NHSCAD41806.png,NHSCAD41806,NHS,2,iccad4
NHSCAD43092.png,NHSCAD43092,NHS,0,iccad4
HSCAD470.png,HSCAD470,HS,3,iccad4
NHSCAD42530.png,NHSCAD42530,NHS,3,iccad4
NHSCAD4734.png,NHSCAD4734,NHS,4,iccad4
NHSCAD44220.png,NHSCAD44220,NHS,3,iccad4
NHSCAD41596.png,NHSCAD41596,NHS,0,iccad4
NHSCAD42485.png,NHSCAD42485,NHS,3,iccad4
NHSCAD41748.png,NHSCAD41748,NHS,2,iccad4
NHSCAD44191.png,NHSCAD44191,NHS,0,iccad4
NHSCAD43424.png,NHSCAD43424,NHS,4,iccad4
NHSCAD4993.png,NHSCAD4993,NHS,0,iccad4
NHSCAD43575.png,NHSCAD43575,NHS,2,iccad4
NHSCAD43973.png,NHSCAD43973,NHS,3,iccad4
NHSCAD43322.png,NHSCAD43322,NHS,0,iccad4
NHSCAD43757.png,NHSCAD43757,NHS,4,iccad4
NHSCAD41834.png,NHSCAD41834,NHS,3,iccad4
NHSCAD4426.png,NHSCAD4426,NHS,0,iccad4
NHSCAD43986.png,NHSCAD43986,NHS,0,iccad4
NHSCAD4309.png,NHSCAD4309,NHS,3,iccad4
NHSCAD4949.png,NHSCAD4949,NHS,2,iccad4
NHSCAD43659.png,NHSCAD43659,NHS,4,iccad4
NHSCAD41032.png,NHSCAD41032,NHS,3,iccad4
NHSCAD41002.png,NHSCAD41002,NHS,3,iccad4
NHSCAD41644.png,NHSCAD41644,NHS,4,iccad4
NHSCAD4116.png,NHSCAD4116,NHS,1,iccad4
NHSCAD41950.png,NHSCAD41950,NHS,1,iccad4
NHSCAD42066.png,NHSCAD42066,NHS,2,iccad4
NHSCAD43040.png,NHSCAD43040,NHS,1,iccad4
NHSCAD4942.png,NHSCAD4942,NHS,1,iccad4
NHSCAD4914.png,NHSCAD4914,NHS,2,iccad4
NHSCAD42473.png,NHSCAD42473,NHS,1,iccad4
NHSCAD43333.png,NHSCAD43333,NHS,2,iccad4
NHSCAD43001.png,NHSCAD43001,NHS,2,iccad4
NHSCAD41687.png,NHSCAD41687,NHS,3,iccad4
NHSCAD42693.png,NHSCAD42693,NHS,2,iccad4
NHSCAD4149.png,NHSCAD4149,NHS,3,iccad4
NHSCAD41158.png,NHSCAD41158,NHS,4,iccad4
NHSCAD43844.png,NHSCAD43844,NHS,4,iccad4
NHSCAD4936.png,NHSCAD4936,NHS,4,iccad4
NHSCAD42235.png,NHSCAD42235,NHS,4,iccad4
NHSCAD4779.png,NHSCAD4779,NHS,2,iccad4
NHSCAD42075.png,NHSCAD42075,NHS,2,iccad4
NHSCAD41913.png,NHSCAD41913,NHS,1,iccad4
NHSCAD41012.png,NHSCAD41012,NHS,4,iccad4
NHSCAD43358.png,NHSCAD43358,NHS,4,iccad4
NHSCAD41744.png,NHSCAD41744,NHS,4,iccad4
NHSCAD43843.png,NHSCAD43843,NHS,3,iccad4
NHSCAD42907.png,NHSCAD42907,NHS,2,iccad4
NHSCAD4195.png,NHSCAD4195,NHS,0,iccad4
NHSCAD4925.png,NHSCAD4925,NHS,4,iccad4
NHSCAD42944.png,NHSCAD42944,NHS,3,iccad4
HSCAD432.png,HSCAD432,HS,0,iccad4
NHSCAD43165.png,NHSCAD43165,NHS,3,iccad4
NHSCAD41993.png,NHSCAD41993,NHS,2,iccad4
NHSCAD44422.png,NHSCAD44422,NHS,3,iccad4
NHSCAD43023.png,NHSCAD43023,NHS,1,iccad4
NHSCAD41508.png,NHSCAD41508,NHS,4,iccad4
NHSCAD43496.png,NHSCAD43496,NHS,0,iccad4
NHSCAD44030.png,NHSCAD44030,NHS,4,iccad4
NHSCAD41859.png,NHSCAD41859,NHS,0,iccad4
NHSCAD42302.png,NHSCAD42302,NHS,2,iccad4
NHSCAD4982.png,NHSCAD4982,NHS,3,iccad4
NHSCAD4104.png,NHSCAD4104,NHS,2,iccad4
NHSCAD43584.png,NHSCAD43584,NHS,2,iccad4
NHSCAD4123.png,NHSCAD4123,NHS,3,iccad4
NHSCAD43004.png,NHSCAD43004,NHS,0,iccad4
NHSCAD42616.png,NHSCAD42616,NHS,2,iccad4
NHSCAD41580.png,NHSCAD41580,NHS,4,iccad4
NHSCAD43768.png,NHSCAD43768,NHS,0,iccad4
NHSCAD43401.png,NHSCAD43401,NHS,0,iccad4
NHSCAD4234.png,NHSCAD4234,NHS,3,iccad4
NHSCAD43209.png,NHSCAD43209,NHS,0,iccad4
NHSCAD41181.png,NHSCAD41181,NHS,0,iccad4
NHSCAD42319.png,NHSCAD42319,NHS,4,iccad4
NHSCAD44348.png,NHSCAD44348,NHS,3,iccad4
NHSCAD42317.png,NHSCAD42317,NHS,3,iccad4
NHSCAD42806.png,NHSCAD42806,NHS,2,iccad4
NHSCAD41918.png,NHSCAD41918,NHS,0,iccad4
NHSCAD44374.png,NHSCAD44374,NHS,2,iccad4
NHSCAD43376.png,NHSCAD43376,NHS,4,iccad4
NHSCAD43695.png,NHSCAD43695,NHS,1,iccad4
NHSCAD44246.png,NHSCAD44246,NHS,0,iccad4
NHSCAD44150.png,NHSCAD44150,NHS,0,iccad4
HSCAD439.png,HSCAD439,HS,3,iccad4
NHSCAD43066.png,NHSCAD43066,NHS,3,iccad4
NHSCAD41589.png,NHSCAD41589,NHS,3,iccad4
NHSCAD4691.png,NHSCAD4691,NHS,3,iccad4
NHSCAD42338.png,NHSCAD42338,NHS,4,iccad4
NHSCAD43707.png,NHSCAD43707,NHS,2,iccad4
NHSCAD4643.png,NHSCAD4643,NHS,2,iccad4
HSCAD427.png,HSCAD427,HS,2,iccad4
NHSCAD43337.png,NHSCAD43337,NHS,1,iccad4
NHSCAD4907.png,NHSCAD4907,NHS,3,iccad4
NHSCAD4908.png,NHSCAD4908,NHS,0,iccad4
NHSCAD43131.png,NHSCAD43131,NHS,1,iccad4
NHSCAD43789.png,NHSCAD43789,NHS,4,iccad4
NHSCAD41722.png,NHSCAD41722,NHS,0,iccad4
NHSCAD43854.png,NHSCAD43854,NHS,0,iccad4
NHSCAD43065.png,NHSCAD43065,NHS,2,iccad4
NHSCAD41997.png,NHSCAD41997,NHS,2,iccad4
NHSCAD44152.png,NHSCAD44152,NHS,3,iccad4
NHSCAD42328.png,NHSCAD42328,NHS,1,iccad4
NHSCAD41887.png,NHSCAD41887,NHS,0,iccad4
NHSCAD42935.png,NHSCAD42935,NHS,3,iccad4
NHSCAD4152.png,NHSCAD4152,NHS,1,iccad4
NHSCAD42467.png,NHSCAD42467,NHS,3,iccad4
NHSCAD42618.png,NHSCAD42618,NHS,0,iccad4
NHSCAD41717.png,NHSCAD41717,NHS,4,iccad4
NHSCAD4521.png,NHSCAD4521,NHS,3,iccad4
NHSCAD4709.png,NHSCAD4709,NHS,4,iccad4
NHSCAD43648.png,NHSCAD43648,NHS,2,iccad4
NHSCAD42453.png,NHSCAD42453,NHS,2,iccad4
NHSCAD42216.png,NHSCAD42216,NHS,2,iccad4
NHSCAD44296.png,NHSCAD44296,NHS,1,iccad4
NHSCAD41035.png,NHSCAD41035,NHS,4,iccad4
NHSCAD41551.png,NHSCAD41551,NHS,2,iccad4
NHSCAD44178.png,NHSCAD44178,NHS,0,iccad4
NHSCAD44360.png,NHSCAD44360,NHS,2,iccad4
NHSCAD41081.png,NHSCAD41081,NHS,2,iccad4
NHSCAD42522.png,NHSCAD42522,NHS,4,iccad4
NHSCAD42687.png,NHSCAD42687,NHS,1,iccad4
NHSCAD42724.png,NHSCAD42724,NHS,4,iccad4
NHSCAD44433.png,NHSCAD44433,NHS,0,iccad4
NHSCAD41451.png,NHSCAD41451,NHS,0,iccad4
NHSCAD42307.png,NHSCAD42307,NHS,2,iccad4
NHSCAD43657.png,NHSCAD43657,NHS,2,iccad4
NHSCAD44332.png,NHSCAD44332,NHS,0,iccad4
NHSCAD4851.png,NHSCAD4851,NHS,1,iccad4
NHSCAD41031.png,NHSCAD41031,NHS,2,iccad4
NHSCAD4441.png,NHSCAD4441,NHS,4,iccad4
NHSCAD42256.png,NHSCAD42256,NHS,1,iccad4
NHSCAD41502.png,NHSCAD41502,NHS,4,iccad4
NHSCAD43258.png,NHSCAD43258,NHS,3,iccad4
NHSCAD41282.png,NHSCAD41282,NHS,1,iccad4
NHSCAD43396.png,NHSCAD43396,NHS,4,iccad4
NHSCAD42586.png,NHSCAD42586,NHS,4,iccad4
NHSCAD4356.png,NHSCAD4356,NHS,0,iccad4
NHSCAD43102.png,NHSCAD43102,NHS,0,iccad4
NHSCAD41108.png,NHSCAD41108,NHS,4,iccad4
NHSCAD4108.png,NHSCAD4108,NHS,3,iccad4
NHSCAD43884.png,NHSCAD43884,NHS,2,iccad4
NHSCAD43729.png,NHSCAD43729,NHS,0,iccad4
NHSCAD42981.png,NHSCAD42981,NHS,0,iccad4
NHSCAD44103.png,NHSCAD44103,NHS,4,iccad4
NHSCAD42517.png,NHSCAD42517,NHS,3,iccad4
NHSCAD41301.png,NHSCAD41301,NHS,4,iccad4
NHSCAD4346.png,NHSCAD4346,NHS,1,iccad4
HSCAD486.png,HSCAD486,HS,4,iccad4
NHSCAD43636.png,NHSCAD43636,NHS,4,iccad4
NHSCAD42470.png,NHSCAD42470,NHS,3,iccad4
NHSCAD41593.png,NHSCAD41593,NHS,3,iccad4
NHSCAD43244.png,NHSCAD43244,NHS,4,iccad4
NHSCAD43482.png,NHSCAD43482,NHS,1,iccad4
NHSCAD43958.png,NHSCAD43958,NHS,4,iccad4
NHSCAD41456.png,NHSCAD41456,NHS,1,iccad4
NHSCAD43964.png,NHSCAD43964,NHS,3,iccad4
NHSCAD43834.png,NHSCAD43834,NHS,3,iccad4
NHSCAD41438.png,NHSCAD41438,NHS,2,iccad4
NHSCAD42023.png,NHSCAD42023,NHS,1,iccad4
NHSCAD43313.png,NHSCAD43313,NHS,0,iccad4
NHSCAD44170.png,NHSCAD44170,NHS,3,iccad4
NHSCAD42528.png,NHSCAD42528,NHS,0,iccad4
NHSCAD41343.png,NHSCAD41343,NHS,2,iccad4
NHSCAD4980.png,NHSCAD4980,NHS,1,iccad4
NHSCAD42276.png,NHSCAD42276,NHS,3,iccad4
NHSCAD43976.png,NHSCAD43976,NHS,4,iccad4
NHSCAD4747.png,NHSCAD4747,NHS,3,iccad4
NHSCAD43810.png,NHSCAD43810,NHS,2,iccad4
NHSCAD44034.png,NHSCAD44034,NHS,2,iccad4
NHSCAD4641.png,NHSCAD4641,NHS,3,iccad4
NHSCAD42531.png,NHSCAD42531,NHS,4,iccad4
NHSCAD43838.png,NHSCAD43838,NHS,2,iccad4
NHSCAD4859.png,NHSCAD4859,NHS,2,iccad4
NHSCAD4720.png,NHSCAD4720,NHS,0,iccad4
NHSCAD43503.png,NHSCAD43503,NHS,4,iccad4
NHSCAD41242.png,NHSCAD41242,NHS,3,iccad4
NHSCAD4276.png,NHSCAD4276,NHS,1,iccad4
NHSCAD42249.png,NHSCAD42249,NHS,4,iccad4
NHSCAD42083.png,NHSCAD42083,NHS,4,iccad4
NHSCAD4510.png,NHSCAD4510,NHS,2,iccad4
NHSCAD43395.png,NHSCAD43395,NHS,3,iccad4
NHSCAD43638.png,NHSCAD43638,NHS,1,iccad4
NHSCAD43063.png,NHSCAD43063,NHS,1,iccad4
NHSCAD43296.png,NHSCAD43296,NHS,4,iccad4
NHSCAD4155.png,NHSCAD4155,NHS,1,iccad4
NHSCAD42082.png,NHSCAD42082,NHS,1,iccad4
NHSCAD42053.png,NHSCAD42053,NHS,3,iccad4
NHSCAD4979.png,NHSCAD4979,NHS,4,iccad4
NHSCAD4746.png,NHSCAD4746,NHS,1,iccad4
NHSCAD43900.png,NHSCAD43900,NHS,0,iccad4
NHSCAD4844.png,NHSCAD4844,NHS,2,iccad4
NHSCAD44081.png,NHSCAD44081,NHS,0,iccad4
NHSCAD41358.png,NHSCAD41358,NHS,3,iccad4
NHSCAD42402.png,NHSCAD42402,NHS,2,iccad4
NHSCAD4148.png,NHSCAD4148,NHS,4,iccad4
NHSCAD42833.png,NHSCAD42833,NHS,2,iccad4
NHSCAD41944.png,NHSCAD41944,NHS,3,iccad4
NHSCAD41676.png,NHSCAD41676,NHS,4,iccad4
HSCAD462.png,HSCAD462,HS,4,iccad4
NHSCAD43468.png,NHSCAD43468,NHS,0,iccad4
NHSCAD42465.png,NHSCAD42465,NHS,2,iccad4
NHSCAD42926.png,NHSCAD42926,NHS,3,iccad4
NHSCAD43505.png,NHSCAD43505,NHS,0,iccad4
NHSCAD41331.png,NHSCAD41331,NHS,0,iccad4
NHSCAD4959.png,NHSCAD4959,NHS,2,iccad4
NHSCAD4100.png,NHSCAD4100,NHS,0,iccad4
NHSCAD42649.png,NHSCAD42649,NHS,3,iccad4
NHSCAD4393.png,NHSCAD4393,NHS,2,iccad4
NHSCAD4793.png,NHSCAD4793,NHS,0,iccad4
NHSCAD4289.png,NHSCAD4289,NHS,3,iccad4
NHSCAD42947.png,NHSCAD42947,NHS,4,iccad4
NHSCAD44015.png,NHSCAD44015,NHS,3,iccad4
NHSCAD4388.png,NHSCAD4388,NHS,3,iccad4
NHSCAD43588.png,NHSCAD43588,NHS,1,iccad4
NHSCAD4565.png,NHSCAD4565,NHS,1,iccad4
NHSCAD44361.png,NHSCAD44361,NHS,3,iccad4
NHSCAD44409.png,NHSCAD44409,NHS,3,iccad4
NHSCAD43521.png,NHSCAD43521,NHS,4,iccad4
NHSCAD44009.png,NHSCAD44009,NHS,0,iccad4
NHSCAD43705.png,NHSCAD43705,NHS,4,iccad4
NHSCAD4714.png,NHSCAD4714,NHS,4,iccad4
NHSCAD43350.png,NHSCAD43350,NHS,0,iccad4
NHSCAD42152.png,NHSCAD42152,NHS,2,iccad4
NHSCAD43115.png,NHSCAD43115,NHS,4,iccad4
NHSCAD41310.png,NHSCAD41310,NHS,4,iccad4
NHSCAD41496.png,NHSCAD41496,NHS,2,iccad4
NHSCAD42212.png,NHSCAD42212,NHS,3,iccad4
NHSCAD42081.png,NHSCAD42081,NHS,0,iccad4
NHSCAD43281.png,NHSCAD43281,NHS,0,iccad4
NHSCAD43336.png,NHSCAD43336,NHS,0,iccad4
NHSCAD42784.png,NHSCAD42784,NHS,4,iccad4
NHSCAD42760.png,NHSCAD42760,NHS,4,iccad4
NHSCAD4680.png,NHSCAD4680,NHS,1,iccad4
NHSCAD41527.png,NHSCAD41527,NHS,3,iccad4
NHSCAD4610.png,NHSCAD4610,NHS,1,iccad4
NHSCAD41747.png,NHSCAD41747,NHS,3,iccad4
NHSCAD44037.png,NHSCAD44037,NHS,1,iccad4
NHSCAD42870.png,NHSCAD42870,NHS,2,iccad4
NHSCAD44002.png,NHSCAD44002,NHS,2,iccad4
NHSCAD41082.png,NHSCAD41082,NHS,0,iccad4
NHSCAD42895.png,NHSCAD42895,NHS,1,iccad4
NHSCAD43343.png,NHSCAD43343,NHS,2,iccad4
NHSCAD41743.png,NHSCAD41743,NHS,2,iccad4
NHSCAD44260.png,NHSCAD44260,NHS,1,iccad4
NHSCAD41359.png,NHSCAD41359,NHS,0,iccad4
NHSCAD4475.png,NHSCAD4475,NHS,3,iccad4
NHSCAD41819.png,NHSCAD41819,NHS,1,iccad4
NHSCAD44027.png,NHSCAD44027,NHS,0,iccad4
NHSCAD42156.png,NHSCAD42156,NHS,4,iccad4
HSCAD468.png,HSCAD468,HS,0,iccad4
NHSCAD4468.png,NHSCAD4468,NHS,0,iccad4
NHSCAD4728.png,NHSCAD4728,NHS,2,iccad4
NHSCAD43708.png,NHSCAD43708,NHS,3,iccad4
NHSCAD43398.png,NHSCAD43398,NHS,1,iccad4
NHSCAD4920.png,NHSCAD4920,NHS,4,iccad4
NHSCAD43891.png,NHSCAD43891,NHS,0,iccad4
NHSCAD4539.png,NHSCAD4539,NHS,0,iccad4
NHSCAD41711.png,NHSCAD41711,NHS,2,iccad4
NHSCAD41188.png,NHSCAD41188,NHS,3,iccad4
NHSCAD44091.png,NHSCAD44091,NHS,1,iccad4
NHSCAD4791.png,NHSCAD4791,NHS,1,iccad4
NHSCAD44096.png,NHSCAD44096,NHS,1,iccad4
NHSCAD41817.png,NHSCAD41817,NHS,4,iccad4
NHSCAD42179.png,NHSCAD42179,NHS,4,iccad4
NHSCAD43225.png,NHSCAD43225,NHS,3,iccad4
NHSCAD43031.png,NHSCAD43031,NHS,0,iccad4
NHSCAD4664.png,NHSCAD4664,NHS,0,iccad4
NHSCAD4312.png,NHSCAD4312,NHS,4,iccad4
NHSCAD43242.png,NHSCAD43242,NHS,2,iccad4
NHSCAD41989.png,NHSCAD41989,NHS,4,iccad4
NHSCAD43926.png,NHSCAD43926,NHS,4,iccad4
NHSCAD43609.png,NHSCAD43609,NHS,0,iccad4
NHSCAD42613.png,NHSCAD42613,NHS,4,iccad4
NHSCAD41926.png,NHSCAD41926,NHS,3,iccad4
NHSCAD4330.png,NHSCAD4330,NHS,0,iccad4
NHSCAD41014.png,NHSCAD41014,NHS,3,iccad4
NHSCAD42816.png,NHSCAD42816,NHS,3,iccad4
NHSCAD42287.png,NHSCAD42287,NHS,4,iccad4
NHSCAD4701.png,NHSCAD4701,NHS,1,iccad4
NHSCAD4273.png,NHSCAD4273,NHS,2,iccad4
NHSCAD43905.png,NHSCAD43905,NHS,0,iccad4
NHSCAD44465.png,NHSCAD44465,NHS,4,iccad4
NHSCAD42900.png,NHSCAD42900,NHS,4,iccad4
NHSCAD4710.png,NHSCAD4710,NHS,0,iccad4
HSCAD425.png,HSCAD425,HS,3,iccad4
NHSCAD41820.png,NHSCAD41820,NHS,3,iccad4
NHSCAD42778.png,NHSCAD42778,NHS,1,iccad4
NHSCAD41101.png,NHSCAD41101,NHS,1,iccad4
NHSCAD43018.png,NHSCAD43018,NHS,0,iccad4
NHSCAD42280.png,NHSCAD42280,NHS,3,iccad4
NHSCAD44078.png,NHSCAD44078,NHS,1,iccad4
NHSCAD43760.png,NHSCAD43760,NHS,2,iccad4
NHSCAD41534.png,NHSCAD41534,NHS,4,iccad4
NHSCAD43782.png,NHSCAD43782,NHS,1,iccad4
HSCAD451.png,HSCAD451,HS,2,iccad4
NHSCAD42627.png,NHSCAD42627,NHS,0,iccad4
NHSCAD42842.png,NHSCAD42842,NHS,1,iccad4
NHSCAD4450.png,NHSCAD4450,NHS,0,iccad4
NHSCAD42729.png,NHSCAD42729,NHS,4,iccad4
NHSCAD42375.png,NHSCAD42375,NHS,2,iccad4
NHSCAD41401.png,NHSCAD41401,NHS,4,iccad4
NHSCAD41704.png,NHSCAD41704,NHS,1,iccad4
NHSCAD4744.png,NHSCAD4744,NHS,4,iccad4
NHSCAD43829.png,NHSCAD43829,NHS,2,iccad4
NHSCAD4509.png,NHSCAD4509,NHS,1,iccad4
NHSCAD4476.png,NHSCAD4476,NHS,2,iccad4
NHSCAD41008.png,NHSCAD41008,NHS,4,iccad4
NHSCAD41234.png,NHSCAD41234,NHS,2,iccad4
NHSCAD42810.png,NHSCAD42810,NHS,1,iccad4
NHSCAD42316.png,NHSCAD42316,NHS,2,iccad4
NHSCAD42891.png,NHSCAD42891,NHS,4,iccad4
NHSCAD43351.png,NHSCAD43351,NHS,1,iccad4
NHSCAD43866.png,NHSCAD43866,NHS,3,iccad4
NHSCAD43152.png,NHSCAD43152,NHS,0,iccad4
NHSCAD44072.png,NHSCAD44072,NHS,0,iccad4
NHSCAD42713.png,NHSCAD42713,NHS,0,iccad4
NHSCAD42540.png,NHSCAD42540,NHS,4,iccad4
NHSCAD42828.png,NHSCAD42828,NHS,1,iccad4
NHSCAD43292.png,NHSCAD43292,NHS,2,iccad4
NHSCAD43151.png,NHSCAD43151,NHS,4,iccad4
NHSCAD44435.png,NHSCAD44435,NHS,2,iccad4
NHSCAD42353.png,NHSCAD42353,NHS,3,iccad4
NHSCAD43635.png,NHSCAD43635,NHS,3,iccad4
NHSCAD44444.png,NHSCAD44444,NHS,2,iccad4
NHSCAD42175.png,NHSCAD42175,NHS,2,iccad4
NHSCAD41919.png,NHSCAD41919,NHS,1,iccad4
NHSCAD44398.png,NHSCAD44398,NHS,1,iccad4
NHSCAD41313.png,NHSCAD41313,NHS,0,iccad4
NHSCAD42173.png,NHSCAD42173,NHS,1,iccad4
NHSCAD42413.png,NHSCAD42413,NHS,0,iccad4
NHSCAD42932.png,NHSCAD42932,NHS,4,iccad4
NHSCAD44434.png,NHSCAD44434,NHS,1,iccad4
NHSCAD42232.png,NHSCAD42232,NHS,1,iccad4
NHSCAD41484.png,NHSCAD41484,NHS,1,iccad4
NHSCAD41363.png,NHSCAD41363,NHS,0,iccad4
NHSCAD41153.png,NHSCAD41153,NHS,4,iccad4
NHSCAD42903.png,NHSCAD42903,NHS,3,iccad4
NHSCAD41509.png,NHSCAD41509,NHS,2,iccad4
NHSCAD43129.png,NHSCAD43129,NHS,4,iccad4
NHSCAD42970.png,NHSCAD42970,NHS,2,iccad4
HSCAD434.png,HSCAD434,HS,3,iccad4
NHSCAD4865.png,NHSCAD4865,NHS,4,iccad4
NHSCAD42148.png,NHSCAD42148,NHS,2,iccad4
NHSCAD41705.png,NHSCAD41705,NHS,3,iccad4
NHSCAD41460.png,NHSCAD41460,NHS,1,iccad4
NHSCAD42668.png,NHSCAD42668,NHS,0,iccad4
NHSCAD42233.png,NHSCAD42233,NHS,2,iccad4
NHSCAD41528.png,NHSCAD41528,NHS,2,iccad4
NHSCAD42009.png,NHSCAD42009,NHS,0,iccad4
NHSCAD4531.png,NHSCAD4531,NHS,1,iccad4
NHSCAD41987.png,NHSCAD41987,NHS,1,iccad4
HSCAD419.png,HSCAD419,HS,0,iccad4
NHSCAD41738.png,NHSCAD41738,NHS,3,iccad4
NHSCAD44513.png,NHSCAD44513,NHS,1,iccad4
NHSCAD43773.png,NHSCAD43773,NHS,1,iccad4
NHSCAD42569.png,NHSCAD42569,NHS,0,iccad4
NHSCAD42938.png,NHSCAD42938,NHS,0,iccad4
NHSCAD43931.png,NHSCAD43931,NHS,0,iccad4
NHSCAD44273.png,NHSCAD44273,NHS,0,iccad4
NHSCAD43837.png,NHSCAD43837,NHS,1,iccad4
NHSCAD44029.png,NHSCAD44029,NHS,3,iccad4
NHSCAD42137.png,NHSCAD42137,NHS,1,iccad4
NHSCAD43186.png,NHSCAD43186,NHS,0,iccad4
NHSCAD4696.png,NHSCAD4696,NHS,3,iccad4
NHSCAD43346.png,NHSCAD43346,NHS,0,iccad4
NHSCAD43952.png,NHSCAD43952,NHS,2,iccad4
NHSCAD4428.png,NHSCAD4428,NHS,3,iccad4
NHSCAD41251.png,NHSCAD41251,NHS,1,iccad4
NHSCAD4226.png,NHSCAD4226,NHS,4,iccad4
NHSCAD42333.png,NHSCAD42333,NHS,4,iccad4
NHSCAD42820.png,NHSCAD42820,NHS,3,iccad4
NHSCAD4117.png,NHSCAD4117,NHS,3,iccad4
NHSCAD43020.png,NHSCAD43020,NHS,4,iccad4
NHSCAD41895.png,NHSCAD41895,NHS,0,iccad4
NHSCAD4614.png,NHSCAD4614,NHS,0,iccad4
NHSCAD43361.png,NHSCAD43361,NHS,2,iccad4
NHSCAD41811.png,NHSCAD41811,NHS,3,iccad4
NHSCAD4998.png,NHSCAD4998,NHS,0,iccad4
NHSCAD4536.png,NHSCAD4536,NHS,3,iccad4
HSCAD456.png,HSCAD456,HS,2,iccad4
NHSCAD41445.png,NHSCAD41445,NHS,0,iccad4
NHSCAD42011.png,NHSCAD42011,NHS,3,iccad4
NHSCAD4340.png,NHSCAD4340,NHS,3,iccad4
NHSCAD4902.png,NHSCAD4902,NHS,3,iccad4
NHSCAD4200.png,NHSCAD4200,NHS,0,iccad4
NHSCAD41562.png,NHSCAD41562,NHS,4,iccad4
NHSCAD43259.png,NHSCAD43259,NHS,0,iccad4
NHSCAD42013.png,NHSCAD42013,NHS,0,iccad4
NHSCAD42925.png,NHSCAD42925,NHS,2,iccad4
NHSCAD43874.png,NHSCAD43874,NHS,2,iccad4
NHSCAD42072.png,NHSCAD42072,NHS,0,iccad4
NHSCAD42710.png,NHSCAD42710,NHS,4,iccad4
NHSCAD43715.png,NHSCAD43715,NHS,0,iccad4
NHSCAD4735.png,NHSCAD4735,NHS,0,iccad4
NHSCAD42392.png,NHSCAD42392,NHS,4,iccad4
NHSCAD41700.png,NHSCAD41700,NHS,3,iccad4
NHSCAD42332.png,NHSCAD42332,NHS,1,iccad4
NHSCAD44213.png,NHSCAD44213,NHS,1,iccad4
NHSCAD43816.png,NHSCAD43816,NHS,3,iccad4
NHSCAD44469.png,NHSCAD44469,NHS,2,iccad4
NHSCAD4436.png,NHSCAD4436,NHS,1,iccad4
NHSCAD41898.png,NHSCAD41898,NHS,2,iccad4
NHSCAD41932.png,NHSCAD41932,NHS,1,iccad4
NHSCAD4817.png,NHSCAD4817,NHS,3,iccad4
NHSCAD41004.png,NHSCAD41004,NHS,2,iccad4
NHSCAD4585.png,NHSCAD4585,NHS,1,iccad4
NHSCAD42659.png,NHSCAD42659,NHS,0,iccad4
NHSCAD4240.png,NHSCAD4240,NHS,0,iccad4
NHSCAD43149.png,NHSCAD43149,NHS,2,iccad4
NHSCAD43585.png,NHSCAD43585,NHS,4,iccad4
NHSCAD41833.png,NHSCAD41833,NHS,2,iccad4
NHSCAD42456.png,NHSCAD42456,NHS,3,iccad4
NHSCAD44412.png,NHSCAD44412,NHS,2,iccad4
NHSCAD4854.png,NHSCAD4854,NHS,2,iccad4
NHSCAD44228.png,NHSCAD44228,NHS,3,iccad4
NHSCAD41607.png,NHSCAD41607,NHS,3,iccad4
NHSCAD42155.png,NHSCAD42155,NHS,1,iccad4
NHSCAD42094.png,NHSCAD42094,NHS,3,iccad4
NHSCAD41682.png,NHSCAD41682,NHS,3,iccad4
NHSCAD4619.png,NHSCAD4619,NHS,0,iccad4
NHSCAD4442.png,NHSCAD4442,NHS,0,iccad4
NHSCAD43436.png,NHSCAD43436,NHS,0,iccad4
HSCAD491.png,HSCAD491,HS,1,iccad4
NHSCAD4716.png,NHSCAD4716,NHS,1,iccad4
NHSCAD4325.png,NHSCAD4325,NHS,0,iccad4
NHSCAD42429.png,NHSCAD42429,NHS,4,iccad4
NHSCAD41037.png,NHSCAD41037,NHS,3,iccad4
NHSCAD43712.png,NHSCAD43712,NHS,3,iccad4
NHSCAD41612.png,NHSCAD41612,NHS,4,iccad4
NHSCAD42793.png,NHSCAD42793,NHS,4,iccad4
NHSCAD42141.png,NHSCAD42141,NHS,1,iccad4
NHSCAD44431.png,NHSCAD44431,NHS,3,iccad4
NHSCAD4573.png,NHSCAD4573,NHS,2,iccad4
NHSCAD42454.png,NHSCAD42454,NHS,0,iccad4
HSCAD46.png,HSCAD46,HS,1,iccad4
NHSCAD4834.png,NHSCAD4834,NHS,2,iccad4
NHSCAD41832.png,NHSCAD41832,NHS,1,iccad4
NHSCAD44181.png,NHSCAD44181,NHS,1,iccad4
NHSCAD42546.png,NHSCAD42546,NHS,0,iccad4
NHSCAD43671.png,NHSCAD43671,NHS,3,iccad4
NHSCAD498.png,NHSCAD498,NHS,0,iccad4
NHSCAD43845.png,NHSCAD43845,NHS,0,iccad4
NHSCAD42385.png,NHSCAD42385,NHS,3,iccad4
NHSCAD43944.png,NHSCAD43944,NHS,4,iccad4
NHSCAD43169.png,NHSCAD43169,NHS,0,iccad4
NHSCAD43702.png,NHSCAD43702,NHS,2,iccad4
NHSCAD4856.png,NHSCAD4856,NHS,1,iccad4
NHSCAD44284.png,NHSCAD44284,NHS,3,iccad4
NHSCAD43059.png,NHSCAD43059,NHS,1,iccad4
NHSCAD4295.png,NHSCAD4295,NHS,0,iccad4
NHSCAD42133.png,NHSCAD42133,NHS,4,iccad4
NHSCAD44256.png,NHSCAD44256,NHS,1,iccad4
NHSCAD4652.png,NHSCAD4652,NHS,4,iccad4
NHSCAD43804.png,NHSCAD43804,NHS,0,iccad4
NHSCAD42329.png,NHSCAD42329,NHS,4,iccad4
NHSCAD42166.png,NHSCAD42166,NHS,2,iccad4
NHSCAD44531.png,NHSCAD44531,NHS,1,iccad4
NHSCAD44144.png,NHSCAD44144,NHS,4,iccad4
HSCAD446.png,HSCAD446,HS,1,iccad4
NHSCAD44432.png,NHSCAD44432,NHS,4,iccad4
NHSCAD44377.png,NHSCAD44377,NHS,0,iccad4
NHSCAD43701.png,NHSCAD43701,NHS,0,iccad4
NHSCAD4981.png,NHSCAD4981,NHS,2,iccad4
NHSCAD41279.png,NHSCAD41279,NHS,4,iccad4
NHSCAD42871.png,NHSCAD42871,NHS,3,iccad4
NHSCAD44190.png,NHSCAD44190,NHS,1,iccad4
NHSCAD44164.png,NHSCAD44164,NHS,0,iccad4
NHSCAD44427.png,NHSCAD44427,NHS,3,iccad4
NHSCAD41092.png,NHSCAD41092,NHS,2,iccad4
NHSCAD43106.png,NHSCAD43106,NHS,4,iccad4
NHSCAD43847.png,NHSCAD43847,NHS,2,iccad4
NHSCAD4803.png,NHSCAD4803,NHS,0,iccad4
NHSCAD41712.png,NHSCAD41712,NHS,4,iccad4
NHSCAD42308.png,NHSCAD42308,NHS,3,iccad4
NHSCAD43751.png,NHSCAD43751,NHS,2,iccad4
NHSCAD41970.png,NHSCAD41970,NHS,4,iccad4
NHSCAD42008.png,NHSCAD42008,NHS,4,iccad4
NHSCAD43918.png,NHSCAD43918,NHS,3,iccad4
NHSCAD4368.png,NHSCAD4368,NHS,2,iccad4
NHSCAD41684.png,NHSCAD41684,NHS,2,iccad4
NHSCAD43533.png,NHSCAD43533,NHS,1,iccad4
NHSCAD41286.png,NHSCAD41286,NHS,0,iccad4
NHSCAD41494.png,NHSCAD41494,NHS,4,iccad4
NHSCAD42348.png,NHSCAD42348,NHS,2,iccad4
NHSCAD41349.png,NHSCAD41349,NHS,3,iccad4
NHSCAD4769.png,NHSCAD4769,NHS,2,iccad4
NHSCAD44098.png,NHSCAD44098,NHS,3,iccad4
NHSCAD41886.png,NHSCAD41886,NHS,4,iccad4
NHSCAD43218.png,NHSCAD43218,NHS,0,iccad4
NHSCAD4876.png,NHSCAD4876,NHS,1,iccad4
NHSCAD42607.png,NHSCAD42607,NHS,2,iccad4
NHSCAD43756.png,NHSCAD43756,NHS,2,iccad4
NHSCAD44136.png,NHSCAD44136,NHS,0,iccad4
NHSCAD44196.png,NHSCAD44196,NHS,0,iccad4
NHSCAD42950.png,NHSCAD42950,NHS,1,iccad4
NHSCAD42352.png,NHSCAD42352,NHS,2,iccad4
NHSCAD41977.png,NHSCAD41977,NHS,0,iccad4
NHSCAD41223.png,NHSCAD41223,NHS,0,iccad4
NHSCAD43772.png,NHSCAD43772,NHS,0,iccad4
NHSCAD43868.png,NHSCAD43868,NHS,0,iccad4
NHSCAD4268.png,NHSCAD4268,NHS,2,iccad4
NHSCAD43112.png,NHSCAD43112,NHS,2,iccad4
NHSCAD4931.png,NHSCAD4931,NHS,4,iccad4
NHSCAD44462.png,NHSCAD44462,NHS,2,iccad4
NHSCAD41556.png,NHSCAD41556,NHS,2,iccad4
NHSCAD43304.png,NHSCAD43304,NHS,0,iccad4
NHSCAD42389.png,NHSCAD42389,NHS,2,iccad4
NHSCAD44480.png,NHSCAD44480,NHS,1,iccad4
NHSCAD4547.png,NHSCAD4547,NHS,4,iccad4
NHSCAD4114.png,NHSCAD4114,NHS,4,iccad4
NHSCAD41824.png,NHSCAD41824,NHS,2,iccad4
NHSCAD42706.png,NHSCAD42706,NHS,4,iccad4
NHSCAD4707.png,NHSCAD4707,NHS,3,iccad4
NHSCAD43417.png,NHSCAD43417,NHS,2,iccad4
NHSCAD43885.png,NHSCAD43885,NHS,4,iccad4
NHSCAD42545.png,NHSCAD42545,NHS,4,iccad4
NHSCAD43623.png,NHSCAD43623,NHS,0,iccad4
NHSCAD43538.png,NHSCAD43538,NHS,1,iccad4
NHSCAD44000.png,NHSCAD44000,NHS,1,iccad4
NHSCAD4413.png,NHSCAD4413,NHS,3,iccad4
NHSCAD41582.png,NHSCAD41582,NHS,0,iccad4
NHSCAD4445.png,NHSCAD4445,NHS,3,iccad4
NHSCAD42708.png,NHSCAD42708,NHS,3,iccad4
NHSCAD41765.png,NHSCAD41765,NHS,2,iccad4
NHSCAD42983.png,NHSCAD42983,NHS,2,iccad4
NHSCAD42311.png,NHSCAD42311,NHS,2,iccad4
NHSCAD4246.png,NHSCAD4246,NHS,1,iccad4
NHSCAD41151.png,NHSCAD41151,NHS,3,iccad4
NHSCAD4292.png,NHSCAD4292,NHS,0,iccad4
NHSCAD41142.png,NHSCAD41142,NHS,1,iccad4
NHSCAD4937.png,NHSCAD4937,NHS,1,iccad4
NHSCAD43471.png,NHSCAD43471,NHS,4,iccad4
NHSCAD42182.png,NHSCAD42182,NHS,1,iccad4
NHSCAD41422.png,NHSCAD41422,NHS,0,iccad4
NHSCAD42888.png,NHSCAD42888,NHS,0,iccad4
NHSCAD42674.png,NHSCAD42674,NHS,1,iccad4
NHSCAD41216.png,NHSCAD41216,NHS,2,iccad4
NHSCAD42164.png,NHSCAD42164,NHS,1,iccad4
NHSCAD41925.png,NHSCAD41925,NHS,2,iccad4
NHSCAD43679.png,NHSCAD43679,NHS,1,iccad4
NHSCAD44390.png,NHSCAD44390,NHS,3,iccad4
NHSCAD4574.png,NHSCAD4574,NHS,0,iccad4
NHSCAD42120.png,NHSCAD42120,NHS,2,iccad4
NHSCAD42791.png,NHSCAD42791,NHS,1,iccad4
NHSCAD4787.png,NHSCAD4787,NHS,3,iccad4
NHSCAD41787.png,NHSCAD41787,NHS,1,iccad4
NHSCAD41844.png,NHSCAD41844,NHS,4,iccad4
NHSCAD41947.png,NHSCAD41947,NHS,2,iccad4
NHSCAD4109.png,NHSCAD4109,NHS,3,iccad4
NHSCAD43194.png,NHSCAD43194,NHS,1,iccad4
NHSCAD42047.png,NHSCAD42047,NHS,1,iccad4
NHSCAD43197.png,NHSCAD43197,NHS,2,iccad4
NHSCAD42125.png,NHSCAD42125,NHS,2,iccad4
NHSCAD42560.png,NHSCAD42560,NHS,1,iccad4
NHSCAD42965.png,NHSCAD42965,NHS,4,iccad4
NHSCAD44069.png,NHSCAD44069,NHS,1,iccad4
NHSCAD43488.png,NHSCAD43488,NHS,2,iccad4
NHSCAD43354.png,NHSCAD43354,NHS,3,iccad4
NHSCAD44155.png,NHSCAD44155,NHS,0,iccad4
NHSCAD42162.png,NHSCAD42162,NHS,3,iccad4
NHSCAD42727.png,NHSCAD42727,NHS,0,iccad4
NHSCAD42040.png,NHSCAD42040,NHS,0,iccad4
NHSCAD43427.png,NHSCAD43427,NHS,0,iccad4
NHSCAD43025.png,NHSCAD43025,NHS,4,iccad4
NHSCAD43631.png,NHSCAD43631,NHS,4,iccad4
NHSCAD41995.png,NHSCAD41995,NHS,0,iccad4
NHSCAD41461.png,NHSCAD41461,NHS,3,iccad4
NHSCAD4542.png,NHSCAD4542,NHS,4,iccad4
NHSCAD41767.png,NHSCAD41767,NHS,4,iccad4
NHSCAD43883.png,NHSCAD43883,NHS,1,iccad4
NHSCAD42129.png,NHSCAD42129,NHS,4,iccad4
NHSCAD4756.png,NHSCAD4756,NHS,1,iccad4
NHSCAD42864.png,NHSCAD42864,NHS,4,iccad4
NHSCAD41483.png,NHSCAD41483,NHS,0,iccad4
NHSCAD41864.png,NHSCAD41864,NHS,1,iccad4
NHSCAD44063.png,NHSCAD44063,NHS,3,iccad4
NHSCAD43983.png,NHSCAD43983,NHS,3,iccad4
NHSCAD4800.png,NHSCAD4800,NHS,4,iccad4
NHSCAD43036.png,NHSCAD43036,NHS,0,iccad4
NHSCAD43445.png,NHSCAD43445,NHS,0,iccad4
NHSCAD4741.png,NHSCAD4741,NHS,1,iccad4
NHSCAD42670.png,NHSCAD42670,NHS,2,iccad4
NHSCAD4889.png,NHSCAD4889,NHS,2,iccad4
NHSCAD43379.png,NHSCAD43379,NHS,1,iccad4
NHSCAD41656.png,NHSCAD41656,NHS,0,iccad4
NHSCAD4429.png,NHSCAD4429,NHS,4,iccad4
NHSCAD43922.png,NHSCAD43922,NHS,3,iccad4
NHSCAD44162.png,NHSCAD44162,NHS,3,iccad4
NHSCAD4188.png,NHSCAD4188,NHS,3,iccad4
NHSCAD43230.png,NHSCAD43230,NHS,4,iccad4
NHSCAD42258.png,NHSCAD42258,NHS,3,iccad4
NHSCAD44093.png,NHSCAD44093,NHS,3,iccad4
NHSCAD41017.png,NHSCAD41017,NHS,4,iccad4
HSCAD450.png,HSCAD450,HS,1,iccad4
NHSCAD43050.png,NHSCAD43050,NHS,0,iccad4
NHSCAD42364.png,NHSCAD42364,NHS,1,iccad4
NHSCAD4995.png,NHSCAD4995,NHS,2,iccad4
NHSCAD43439.png,NHSCAD43439,NHS,1,iccad4
NHSCAD42090.png,NHSCAD42090,NHS,0,iccad4
NHSCAD41159.png,NHSCAD41159,NHS,0,iccad4
NHSCAD4753.png,NHSCAD4753,NHS,2,iccad4
NHSCAD43466.png,NHSCAD43466,NHS,3,iccad4
NHSCAD41805.png,NHSCAD41805,NHS,1,iccad4
NHSCAD42312.png,NHSCAD42312,NHS,3,iccad4
NHSCAD43306.png,NHSCAD43306,NHS,2,iccad4
NHSCAD41590.png,NHSCAD41590,NHS,1,iccad4
NHSCAD43656.png,NHSCAD43656,NHS,1,iccad4
NHSCAD41180.png,NHSCAD41180,NHS,2,iccad4
NHSCAD42384.png,NHSCAD42384,NHS,2,iccad4
NHSCAD4532.png,NHSCAD4532,NHS,2,iccad4
NHSCAD41209.png,NHSCAD41209,NHS,0,iccad4
NHSCAD42411.png,NHSCAD42411,NHS,2,iccad4
NHSCAD41428.png,NHSCAD41428,NHS,1,iccad4
NHSCAD4308.png,NHSCAD4308,NHS,2,iccad4
NHSCAD43364.png,NHSCAD43364,NHS,0,iccad4
NHSCAD42647.png,NHSCAD42647,NHS,1,iccad4
HSCAD40.png,HSCAD40,HS,0,iccad4
NHSCAD41464.png,NHSCAD41464,NHS,2,iccad4
NHSCAD41935.png,NHSCAD41935,NHS,3,iccad4
NHSCAD41535.png,NHSCAD41535,NHS,3,iccad4
NHSCAD42557.png,NHSCAD42557,NHS,2,iccad4
NHSCAD42468.png,NHSCAD42468,NHS,0,iccad4
NHSCAD41686.png,NHSCAD41686,NHS,1,iccad4
NHSCAD42621.png,NHSCAD42621,NHS,3,iccad4
NHSCAD41628.png,NHSCAD41628,NHS,3,iccad4
NHSCAD44226.png,NHSCAD44226,NHS,4,iccad4
NHSCAD42849.png,NHSCAD42849,NHS,4,iccad4
NHSCAD43577.png,NHSCAD43577,NHS,0,iccad4
NHSCAD42394.png,NHSCAD42394,NHS,3,iccad4
NHSCAD4989.png,NHSCAD4989,NHS,0,iccad4
NHSCAD41183.png,NHSCAD41183,NHS,3,iccad4
NHSCAD43386.png,NHSCAD43386,NHS,3,iccad4
NHSCAD4447.png,NHSCAD4447,NHS,3,iccad4
NHSCAD42768.png,NHSCAD42768,NHS,0,iccad4
NHSCAD43406.png,NHSCAD43406,NHS,0,iccad4
NHSCAD4749.png,NHSCAD4749,NHS,4,iccad4
NHSCAD41203.png,NHSCAD41203,NHS,2,iccad4
HSCAD465.png,HSCAD465,HS,2,iccad4
NHSCAD43668.png,NHSCAD43668,NHS,4,iccad4
NHSCAD42101.png,NHSCAD42101,NHS,4,iccad4
NHSCAD44490.png,NHSCAD44490,NHS,0,iccad4
NHSCAD41201.png,NHSCAD41201,NHS,3,iccad4
NHSCAD44283.png,NHSCAD44283,NHS,2,iccad4
HSCAD472.png,HSCAD472,HS,0,iccad4
NHSCAD41999.png,NHSCAD41999,NHS,4,iccad4
NHSCAD41809.png,NHSCAD41809,NHS,0,iccad4
NHSCAD4249.png,NHSCAD4249,NHS,3,iccad4
NHSCAD42745.png,NHSCAD42745,NHS,0,iccad4
NHSCAD41561.png,NHSCAD41561,NHS,3,iccad4
NHSCAD42731.png,NHSCAD42731,NHS,0,iccad4
NHSCAD42271.png,NHSCAD42271,NHS,3,iccad4
NHSCAD42643.png,NHSCAD42643,NHS,2,iccad4
NHSCAD4683.png,NHSCAD4683,NHS,2,iccad4
NHSCAD43956.png,NHSCAD43956,NHS,1,iccad4
NHSCAD43257.png,NHSCAD43257,NHS,2,iccad4
NHSCAD4264.png,NHSCAD4264,NHS,3,iccad4
NHSCAD43968.png,NHSCAD43968,NHS,0,iccad4
NHSCAD42964.png,NHSCAD42964,NHS,1,iccad4
NHSCAD43603.png,NHSCAD43603,NHS,4,iccad4
NHSCAD43896.png,NHSCAD43896,NHS,0,iccad4
NHSCAD43418.png,NHSCAD43418,NHS,0,iccad4
NHSCAD41559.png,NHSCAD41559,NHS,1,iccad4
NHSCAD41625.png,NHSCAD41625,NHS,2,iccad4
NHSCAD44169.png,NHSCAD44169,NHS,0,iccad4
NHSCAD44134.png,NHSCAD44134,NHS,3,iccad4
NHSCAD41752.png,NHSCAD41752,NHS,2,iccad4
NHSCAD4567.png,NHSCAD4567,NHS,4,iccad4
NHSCAD41289.png,NHSCAD41289,NHS,2,iccad4
NHSCAD42253.png,NHSCAD42253,NHS,3,iccad4
NHSCAD44202.png,NHSCAD44202,NHS,3,iccad4
NHSCAD41476.png,NHSCAD41476,NHS,4,iccad4
NHSCAD43644.png,NHSCAD43644,NHS,3,iccad4
NHSCAD43134.png,NHSCAD43134,NHS,0,iccad4
NHSCAD41609.png,NHSCAD41609,NHS,1,iccad4
NHSCAD4740.png,NHSCAD4740,NHS,0,iccad4
NHSCAD41742.png,NHSCAD41742,NHS,3,iccad4
HSCAD414.png,HSCAD414,HS,0,iccad4
NHSCAD41403.png,NHSCAD41403,NHS,3,iccad4
NHSCAD41602.png,NHSCAD41602,NHS,3,iccad4
NHSCAD4862.png,NHSCAD4862,NHS,3,iccad4
NHSCAD4418.png,NHSCAD4418,NHS,3,iccad4
NHSCAD44044.png,NHSCAD44044,NHS,4,iccad4
HSCAD44.png,HSCAD44,HS,4,iccad4
NHSCAD43438.png,NHSCAD43438,NHS,4,iccad4
NHSCAD41570.png,NHSCAD41570,NHS,3,iccad4
NHSCAD43564.png,NHSCAD43564,NHS,0,iccad4
NHSCAD43665.png,NHSCAD43665,NHS,1,iccad4
NHSCAD4963.png,NHSCAD4963,NHS,1,iccad4
NHSCAD44532.png,NHSCAD44532,NHS,0,iccad4
NHSCAD42874.png,NHSCAD42874,NHS,0,iccad4
NHSCAD43741.png,NHSCAD43741,NHS,2,iccad4
NHSCAD4534.png,NHSCAD4534,NHS,0,iccad4
NHSCAD43731.png,NHSCAD43731,NHS,1,iccad4
NHSCAD43981.png,NHSCAD43981,NHS,0,iccad4
NHSCAD4500.png,NHSCAD4500,NHS,2,iccad4
NHSCAD44528.png,NHSCAD44528,NHS,0,iccad4
NHSCAD43274.png,NHSCAD43274,NHS,1,iccad4
NHSCAD4299.png,NHSCAD4299,NHS,3,iccad4
NHSCAD41503.png,NHSCAD41503,NHS,3,iccad4
NHSCAD41912.png,NHSCAD41912,NHS,3,iccad4
NHSCAD42526.png,NHSCAD42526,NHS,3,iccad4
NHSCAD4715.png,NHSCAD4715,NHS,0,iccad4
NHSCAD42624.png,NHSCAD42624,NHS,1,iccad4
NHSCAD42124.png,NHSCAD42124,NHS,4,iccad4
NHSCAD4794.png,NHSCAD4794,NHS,2,iccad4
NHSCAD4153.png,NHSCAD4153,NHS,1,iccad4
NHSCAD41690.png,NHSCAD41690,NHS,1,iccad4
NHSCAD42583.png,NHSCAD42583,NHS,1,iccad4
NHSCAD41167.png,NHSCAD41167,NHS,4,iccad4
NHSCAD44397.png,NHSCAD44397,NHS,0,iccad4
NHSCAD43995.png,NHSCAD43995,NHS,0,iccad4
NHSCAD43155.png,NHSCAD43155,NHS,3,iccad4
NHSCAD4132.png,NHSCAD4132,NHS,4,iccad4
NHSCAD41512.png,NHSCAD41512,NHS,4,iccad4
HSCAD482.png,HSCAD482,HS,1,iccad4
HSCAD447.png,HSCAD447,HS,2,iccad4
NHSCAD42578.png,NHSCAD42578,NHS,0,iccad4
NHSCAD41665.png,NHSCAD41665,NHS,0,iccad4
NHSCAD42588.png,NHSCAD42588,NHS,1,iccad4
NHSCAD4617.png,NHSCAD4617,NHS,4,iccad4
NHSCAD41230.png,NHSCAD41230,NHS,4,iccad4
NHSCAD43982.png,NHSCAD43982,NHS,1,iccad4
NHSCAD42109.png,NHSCAD42109,NHS,0,iccad4
NHSCAD43642.png,NHSCAD43642,NHS,1,iccad4
NHSCAD41990.png,NHSCAD41990,NHS,3,iccad4
NHSCAD41430.png,NHSCAD41430,NHS,3,iccad4
NHSCAD41196.png,NHSCAD41196,NHS,1,iccad4
NHSCAD42224.png,NHSCAD42224,NHS,2,iccad4
NHSCAD43037.png,NHSCAD43037,NHS,4,iccad4
NHSCAD44019.png,NHSCAD44019,NHS,1,iccad4
NHSCAD43950.png,NHSCAD43950,NHS,3,iccad4
NHSCAD41462.png,NHSCAD41462,NHS,4,iccad4
NHSCAD42736.png,NHSCAD42736,NHS,0,iccad4
NHSCAD41973.png,NHSCAD41973,NHS,1,iccad4
NHSCAD43907.png,NHSCAD43907,NHS,2,iccad4
NHSCAD43190.png,NHSCAD43190,NHS,4,iccad4
NHSCAD4777.png,NHSCAD4777,NHS,3,iccad4
NHSCAD44230.png,NHSCAD44230,NHS,4,iccad4
NHSCAD41661.png,NHSCAD41661,NHS,2,iccad4
NHSCAD42321.png,NHSCAD42321,NHS,3,iccad4
NHSCAD44197.png,NHSCAD44197,NHS,2,iccad4
NHSCAD42376.png,NHSCAD42376,NHS,3,iccad4
NHSCAD4593.png,NHSCAD4593,NHS,2,iccad4
NHSCAD41133.png,NHSCAD41133,NHS,1,iccad4
NHSCAD44466.png,NHSCAD44466,NHS,1,iccad4
NHSCAD41663.png,NHSCAD41663,NHS,1,iccad4
NHSCAD42469.png,NHSCAD42469,NHS,1,iccad4
NHSCAD4493.png,NHSCAD4493,NHS,0,iccad4
NHSCAD43120.png,NHSCAD43120,NHS,0,iccad4
NHSCAD4235.png,NHSCAD4235,NHS,0,iccad4
NHSCAD4872.png,NHSCAD4872,NHS,3,iccad4
NHSCAD42363.png,NHSCAD42363,NHS,0,iccad4
NHSCAD4883.png,NHSCAD4883,NHS,0,iccad4
NHSCAD4138.png,NHSCAD4138,NHS,2,iccad4
NHSCAD44419.png,NHSCAD44419,NHS,4,iccad4
NHSCAD43576.png,NHSCAD43576,NHS,4,iccad4
NHSCAD44506.png,NHSCAD44506,NHS,2,iccad4
NHSCAD41378.png,NHSCAD41378,NHS,1,iccad4
NHSCAD43431.png,NHSCAD43431,NHS,0,iccad4
NHSCAD42641.png,NHSCAD42641,NHS,4,iccad4
NHSCAD43811.png,NHSCAD43811,NHS,3,iccad4
NHSCAD42655.png,NHSCAD42655,NHS,4,iccad4
NHSCAD43363.png,NHSCAD43363,NHS,3,iccad4
NHSCAD41225.png,NHSCAD41225,NHS,2,iccad4
NHSCAD44004.png,NHSCAD44004,NHS,0,iccad4
NHSCAD42205.png,NHSCAD42205,NHS,0,iccad4
NHSCAD41070.png,NHSCAD41070,NHS,2,iccad4
NHSCAD43305.png,NHSCAD43305,NHS,1,iccad4
NHSCAD43385.png,NHSCAD43385,NHS,2,iccad4
NHSCAD41182.png,NHSCAD41182,NHS,1,iccad4
NHSCAD41994.png,NHSCAD41994,NHS,4,iccad4
NHSCAD4863.png,NHSCAD4863,NHS,0,iccad4
NHSCAD43553.png,NHSCAD43553,NHS,4,iccad4
NHSCAD42957.png,NHSCAD42957,NHS,2,iccad4
NHSCAD41513.png,NHSCAD41513,NHS,3,iccad4
NHSCAD42521.png,NHSCAD42521,NHS,3,iccad4
NHSCAD41826.png,NHSCAD41826,NHS,4,iccad4
NHSCAD43651.png,NHSCAD43651,NHS,1,iccad4
NHSCAD4484.png,NHSCAD4484,NHS,1,iccad4
NHSCAD42069.png,NHSCAD42069,NHS,4,iccad4
NHSCAD43625.png,NHSCAD43625,NHS,2,iccad4
NHSCAD44546.png,NHSCAD44546,NHS,1,iccad4
NHSCAD44389.png,NHSCAD44389,NHS,2,iccad4
NHSCAD43070.png,NHSCAD43070,NHS,3,iccad4
NHSCAD4193.png,NHSCAD4193,NHS,2,iccad4
NHSCAD43536.png,NHSCAD43536,NHS,3,iccad4
NHSCAD41068.png,NHSCAD41068,NHS,0,iccad4
NHSCAD44337.png,NHSCAD44337,NHS,1,iccad4
NHSCAD4380.png,NHSCAD4380,NHS,0,iccad4
NHSCAD41595.png,NHSCAD41595,NHS,1,iccad4
NHSCAD42484.png,NHSCAD42484,NHS,2,iccad4
NHSCAD42153.png,NHSCAD42153,NHS,3,iccad4
NHSCAD41617.png,NHSCAD41617,NHS,4,iccad4
NHSCAD43255.png,NHSCAD43255,NHS,0,iccad4
NHSCAD41109.png,NHSCAD41109,NHS,0,iccad4
NHSCAD42923.png,NHSCAD42923,NHS,4,iccad4
NHSCAD44515.png,NHSCAD44515,NHS,2,iccad4
NHSCAD4420.png,NHSCAD4420,NHS,1,iccad4
NHSCAD41134.png,NHSCAD41134,NHS,2,iccad4
NHSCAD43017.png,NHSCAD43017,NHS,3,iccad4
NHSCAD44203.png,NHSCAD44203,NHS,4,iccad4
NHSCAD41505.png,NHSCAD41505,NHS,1,iccad4
NHSCAD44013.png,NHSCAD44013,NHS,0,iccad4
NHSCAD43999.png,NHSCAD43999,NHS,4,iccad4
NHSCAD43960.png,NHSCAD43960,NHS,1,iccad4
NHSCAD43085.png,NHSCAD43085,NHS,3,iccad4
NHSCAD42642.png,NHSCAD42642,NHS,1,iccad4
NHSCAD44101.png,NHSCAD44101,NHS,2,iccad4
NHSCAD42263.png,NHSCAD42263,NHS,0,iccad4
NHSCAD44286.png,NHSCAD44286,NHS,0,iccad4
NHSCAD42192.png,NHSCAD42192,NHS,4,iccad4
NHSCAD43583.png,NHSCAD43583,NHS,3,iccad4
NHSCAD43324.png,NHSCAD43324,NHS,2,iccad4
NHSCAD43570.png,NHSCAD43570,NHS,2,iccad4
NHSCAD44248.png,NHSCAD44248,NHS,2,iccad4
HSCAD45.png,HSCAD45,HS,0,iccad4
NHSCAD43720.png,NHSCAD43720,NHS,2,iccad4
NHSCAD41029.png,NHSCAD41029,NHS,2,iccad4
NHSCAD42144.png,NHSCAD42144,NHS,3,iccad4
NHSCAD42603.png,NHSCAD42603,NHS,3,iccad4
NHSCAD41257.png,NHSCAD41257,NHS,2,iccad4
NHSCAD41652.png,NHSCAD41652,NHS,2,iccad4
NHSCAD43526.png,NHSCAD43526,NHS,4,iccad4
NHSCAD41516.png,NHSCAD41516,NHS,1,iccad4
NHSCAD43391.png,NHSCAD43391,NHS,4,iccad4
NHSCAD43189.png,NHSCAD43189,NHS,4,iccad4
NHSCAD42180.png,NHSCAD42180,NHS,3,iccad4
NHSCAD41217.png,NHSCAD41217,NHS,3,iccad4
NHSCAD42722.png,NHSCAD42722,NHS,0,iccad4
NHSCAD4236.png,NHSCAD4236,NHS,1,iccad4
NHSCAD44459.png,NHSCAD44459,NHS,3,iccad4
NHSCAD41510.png,NHSCAD41510,NHS,1,iccad4
NHSCAD4644.png,NHSCAD4644,NHS,0,iccad4
NHSCAD41708.png,NHSCAD41708,NHS,4,iccad4
NHSCAD44385.png,NHSCAD44385,NHS,4,iccad4
HSCAD417.png,HSCAD417,HS,4,iccad4
NHSCAD42657.png,NHSCAD42657,NHS,2,iccad4
NHSCAD43309.png,NHSCAD43309,NHS,0,iccad4
NHSCAD43571.png,NHSCAD43571,NHS,4,iccad4
NHSCAD41229.png,NHSCAD41229,NHS,2,iccad4
NHSCAD44299.png,NHSCAD44299,NHS,4,iccad4
NHSCAD44153.png,NHSCAD44153,NHS,4,iccad4
NHSCAD44517.png,NHSCAD44517,NHS,4,iccad4
NHSCAD41382.png,NHSCAD41382,NHS,1,iccad4
NHSCAD43552.png,NHSCAD43552,NHS,2,iccad4
NHSCAD44425.png,NHSCAD44425,NHS,1,iccad4
NHSCAD43132.png,NHSCAD43132,NHS,3,iccad4
NHSCAD4171.png,NHSCAD4171,NHS,3,iccad4
NHSCAD41261.png,NHSCAD41261,NHS,2,iccad4
NHSCAD41424.png,NHSCAD41424,NHS,2,iccad4
NHSCAD4657.png,NHSCAD4657,NHS,4,iccad4
NHSCAD44094.png,NHSCAD44094,NHS,4,iccad4
NHSCAD41425.png,NHSCAD41425,NHS,4,iccad4
NHSCAD43299.png,NHSCAD43299,NHS,3,iccad4
NHSCAD44453.png,NHSCAD44453,NHS,2,iccad4
NHSCAD43062.png,NHSCAD43062,NHS,3,iccad4
NHSCAD42633.png,NHSCAD42633,NHS,1,iccad4
NHSCAD44223.png,NHSCAD44223,NHS,0,iccad4
NHSCAD44243.png,NHSCAD44243,NHS,2,iccad4
NHSCAD43434.png,NHSCAD43434,NHS,1,iccad4
NHSCAD4864.png,NHSCAD4864,NHS,2,iccad4
NHSCAD41065.png,NHSCAD41065,NHS,1,iccad4
NHSCAD42614.png,NHSCAD42614,NHS,0,iccad4
NHSCAD43094.png,NHSCAD43094,NHS,3,iccad4
NHSCAD44370.png,NHSCAD44370,NHS,3,iccad4
NHSCAD41929.png,NHSCAD41929,NHS,4,iccad4
NHSCAD43858.png,NHSCAD43858,NHS,4,iccad4
NHSCAD41959.png,NHSCAD41959,NHS,0,iccad4
NHSCAD41477.png,NHSCAD41477,NHS,0,iccad4
NHSCAD41481.png,NHSCAD41481,NHS,3,iccad4
HSCAD420.png,HSCAD420,HS,3,iccad4
NHSCAD4452.png,NHSCAD4452,NHS,2,iccad4
NHSCAD41458.png,NHSCAD41458,NHS,3,iccad4
NHSCAD41193.png,NHSCAD41193,NHS,4,iccad4
NHSCAD41878.png,NHSCAD41878,NHS,0,iccad4
NHSCAD4181.png,NHSCAD4181,NHS,1,iccad4
NHSCAD4972.png,NHSCAD4972,NHS,2,iccad4
NHSCAD4625.png,NHSCAD4625,NHS,1,iccad4
NHSCAD41323.png,NHSCAD41323,NHS,1,iccad4
NHSCAD43084.png,NHSCAD43084,NHS,2,iccad4
NHSCAD4278.png,NHSCAD4278,NHS,2,iccad4
NHSCAD4911.png,NHSCAD4911,NHS,1,iccad4
NHSCAD4721.png,NHSCAD4721,NHS,1,iccad4
NHSCAD44541.png,NHSCAD44541,NHS,0,iccad4
NHSCAD43174.png,NHSCAD43174,NHS,3,iccad4
NHSCAD44537.png,NHSCAD44537,NHS,3,iccad4
NHSCAD41985.png,NHSCAD41985,NHS,3,iccad4
NHSCAD4584.png,NHSCAD4584,NHS,0,iccad4
NHSCAD42074.png,NHSCAD42074,NHS,4,iccad4
NHSCAD43767.png,NHSCAD43767,NHS,3,iccad4
NHSCAD4167.png,NHSCAD4167,NHS,0,iccad4
NHSCAD44168.png,NHSCAD44168,NHS,1,iccad4
NHSCAD4654.png,NHSCAD4654,NHS,0,iccad4
NHSCAD43049.png,NHSCAD43049,NHS,4,iccad4
NHSCAD44064.png,NHSCAD44064,NHS,0,iccad4
NHSCAD4361.png,NHSCAD4361,NHS,1,iccad4
NHSCAD43161.png,NHSCAD43161,NHS,0,iccad4
NHSCAD4956.png,NHSCAD4956,NHS,4,iccad4
NHSCAD42380.png,NHSCAD42380,NHS,3,iccad4
NHSCAD41908.png,NHSCAD41908,NHS,3,iccad4
NHSCAD42924.png,NHSCAD42924,NHS,0,iccad4
NHSCAD41111.png,NHSCAD41111,NHS,2,iccad4
NHSCAD4711.png,NHSCAD4711,NHS,1,iccad4
NHSCAD42462.png,NHSCAD42462,NHS,4,iccad4
NHSCAD4771.png,NHSCAD4771,NHS,1,iccad4
NHSCAD44112.png,NHSCAD44112,NHS,4,iccad4
NHSCAD42208.png,NHSCAD42208,NHS,3,iccad4
NHSCAD4319.png,NHSCAD4319,NHS,2,iccad4
NHSCAD4595.png,NHSCAD4595,NHS,1,iccad4
NHSCAD44406.png,NHSCAD44406,NHS,0,iccad4
HSCAD463.png,HSCAD463,HS,0,iccad4
NHSCAD41224.png,NHSCAD41224,NHS,1,iccad4
NHSCAD44520.png,NHSCAD44520,NHS,3,iccad4
NHSCAD42404.png,NHSCAD42404,NHS,0,iccad4
NHSCAD43565.png,NHSCAD43565,NHS,1,iccad4
NHSCAD41247.png,NHSCAD41247,NHS,1,iccad4
NHSCAD41211.png,NHSCAD41211,NHS,3,iccad4
NHSCAD43444.png,NHSCAD43444,NHS,2,iccad4
NHSCAD43342.png,NHSCAD43342,NHS,1,iccad4
NHSCAD42377.png,NHSCAD42377,NHS,0,iccad4
NHSCAD41204.png,NHSCAD41204,NHS,2,iccad4
NHSCAD44014.png,NHSCAD44014,NHS,1,iccad4
NHSCAD4180.png,NHSCAD4180,NHS,0,iccad4
NHSCAD41769.png,NHSCAD41769,NHS,1,iccad4
NHSCAD42679.png,NHSCAD42679,NHS,1,iccad4
NHSCAD4974.png,NHSCAD4974,NHS,4,iccad4
HSCAD480.png,HSCAD480,HS,3,iccad4
NHSCAD44194.png,NHSCAD44194,NHS,4,iccad4
NHSCAD41269.png,NHSCAD41269,NHS,4,iccad4
NHSCAD41848.png,NHSCAD41848,NHS,3,iccad4
NHSCAD41597.png,NHSCAD41597,NHS,2,iccad4
NHSCAD4912.png,NHSCAD4912,NHS,3,iccad4
NHSCAD43519.png,NHSCAD43519,NHS,0,iccad4
NHSCAD44376.png,NHSCAD44376,NHS,4,iccad4
NHSCAD42089.png,NHSCAD42089,NHS,2,iccad4
NHSCAD44222.png,NHSCAD44222,NHS,1,iccad4
NHSCAD42241.png,NHSCAD42241,NHS,1,iccad4
NHSCAD42361.png,NHSCAD42361,NHS,2,iccad4
NHSCAD44321.png,NHSCAD44321,NHS,4,iccad4
NHSCAD44278.png,NHSCAD44278,NHS,1,iccad4
NHSCAD41339.png,NHSCAD41339,NHS,2,iccad4
NHSCAD43003.png,NHSCAD43003,NHS,3,iccad4
NHSCAD44143.png,NHSCAD44143,NHS,3,iccad4
NHSCAD43912.png,NHSCAD43912,NHS,4,iccad4
NHSCAD44454.png,NHSCAD44454,NHS,3,iccad4
NHSCAD44287.png,NHSCAD44287,NHS,1,iccad4
NHSCAD44022.png,NHSCAD44022,NHS,0,iccad4
NHSCAD4146.png,NHSCAD4146,NHS,0,iccad4
NHSCAD42246.png,NHSCAD42246,NHS,1,iccad4
NHSCAD44209.png,NHSCAD44209,NHS,1,iccad4
NHSCAD4645.png,NHSCAD4645,NHS,1,iccad4
NHSCAD4589.png,NHSCAD4589,NHS,0,iccad4
NHSCAD41055.png,NHSCAD41055,NHS,1,iccad4
NHSCAD41396.png,NHSCAD41396,NHS,1,iccad4
NHSCAD4179.png,NHSCAD4179,NHS,4,iccad4
NHSCAD41858.png,NHSCAD41858,NHS,4,iccad4
NHSCAD41813.png,NHSCAD41813,NHS,0,iccad4
NHSCAD44042.png,NHSCAD44042,NHS,3,iccad4
NHSCAD4270.png,NHSCAD4270,NHS,0,iccad4
NHSCAD43947.png,NHSCAD43947,NHS,1,iccad4
NHSCAD41812.png,NHSCAD41812,NHS,4,iccad4
NHSCAD43663.png,NHSCAD43663,NHS,4,iccad4
NHSCAD44086.png,NHSCAD44086,NHS,0,iccad4
NHSCAD42879.png,NHSCAD42879,NHS,0,iccad4
NHSCAD41566.png,NHSCAD41566,NHS,3,iccad4
NHSCAD4955.png,NHSCAD4955,NHS,1,iccad4
NHSCAD43178.png,NHSCAD43178,NHS,1,iccad4
NHSCAD41307.png,NHSCAD41307,NHS,2,iccad4
NHSCAD44407.png,NHSCAD44407,NHS,1,iccad4
NHSCAD44176.png,NHSCAD44176,NHS,4,iccad4
NHSCAD41314.png,NHSCAD41314,NHS,1,iccad4
NHSCAD4990.png,NHSCAD4990,NHS,2,iccad4
NHSCAD42579.png,NHSCAD42579,NHS,1,iccad4
NHSCAD41842.png,NHSCAD41842,NHS,2,iccad4
NHSCAD43093.png,NHSCAD43093,NHS,2,iccad4
NHSCAD42245.png,NHSCAD42245,NHS,0,iccad4
HSCAD41.png,HSCAD41,HS,1,iccad4
NHSCAD44384.png,NHSCAD44384,NHS,1,iccad4
NHSCAD44291.png,NHSCAD44291,NHS,1,iccad4
NHSCAD4437.png,NHSCAD4437,NHS,2,iccad4
NHSCAD41797.png,NHSCAD41797,NHS,2,iccad4
NHSCAD42489.png,NHSCAD42489,NHS,2,iccad4
NHSCAD41613.png,NHSCAD41613,NHS,1,iccad4
NHSCAD44056.png,NHSCAD44056,NHS,2,iccad4
NHSCAD43846.png,NHSCAD43846,NHS,1,iccad4
HSCAD485.png,HSCAD485,HS,4,iccad4
NHSCAD4943.png,NHSCAD4943,NHS,0,iccad4
NHSCAD42243.png,NHSCAD42243,NHS,3,iccad4
NHSCAD41943.png,NHSCAD41943,NHS,4,iccad4
NHSCAD43984.png,NHSCAD43984,NHS,2,iccad4
NHSCAD41091.png,NHSCAD41091,NHS,1,iccad4
NHSCAD42689.png,NHSCAD42689,NHS,2,iccad4
NHSCAD41557.png,NHSCAD41557,NHS,3,iccad4
NHSCAD42290.png,NHSCAD42290,NHS,0,iccad4
NHSCAD41916.png,NHSCAD41916,NHS,2,iccad4
NHSCAD4660.png,NHSCAD4660,NHS,1,iccad4
NHSCAD44474.png,NHSCAD44474,NHS,3,iccad4
NHSCAD42880.png,NHSCAD42880,NHS,3,iccad4
NHSCAD42690.png,NHSCAD42690,NHS,0,iccad4
NHSCAD4760.png,NHSCAD4760,NHS,0,iccad4
NHSCAD42160.png,NHSCAD42160,NHS,4,iccad4
NHSCAD4137.png,NHSCAD4137,NHS,4,iccad4
NHSCAD42686.png,NHSCAD42686,NHS,0,iccad4
NHSCAD43560.png,NHSCAD43560,NHS,1,iccad4
NHSCAD4572.png,NHSCAD4572,NHS,4,iccad4
NHSCAD43187.png,NHSCAD43187,NHS,1,iccad4
NHSCAD42636.png,NHSCAD42636,NHS,0,iccad4
NHSCAD41533.png,NHSCAD41533,NHS,2,iccad4
NHSCAD4197.png,NHSCAD4197,NHS,2,iccad4
NHSCAD4183.png,NHSCAD4183,NHS,3,iccad4
NHSCAD42059.png,NHSCAD42059,NHS,0,iccad4
NHSCAD43233.png,NHSCAD43233,NHS,1,iccad4
NHSCAD42158.png,NHSCAD42158,NHS,3,iccad4
NHSCAD43455.png,NHSCAD43455,NHS,0,iccad4
NHSCAD44079.png,NHSCAD44079,NHS,2,iccad4
NHSCAD43511.png,NHSCAD43511,NHS,2,iccad4
NHSCAD42811.png,NHSCAD42811,NHS,4,iccad4
NHSCAD44316.png,NHSCAD44316,NHS,3,iccad4
NHSCAD44001.png,NHSCAD44001,NHS,3,iccad4
NHSCAD42703.png,NHSCAD42703,NHS,3,iccad4
NHSCAD41963.png,NHSCAD41963,NHS,0,iccad4
NHSCAD41191.png,NHSCAD41191,NHS,1,iccad4
NHSCAD4958.png,NHSCAD4958,NHS,1,iccad4
NHSCAD41048.png,NHSCAD41048,NHS,3,iccad4
NHSCAD41059.png,NHSCAD41059,NHS,0,iccad4
NHSCAD43613.png,NHSCAD43613,NHS,0,iccad4
NHSCAD42514.png,NHSCAD42514,NHS,0,iccad4
NHSCAD43937.png,NHSCAD43937,NHS,3,iccad4
NHSCAD4601.png,NHSCAD4601,NHS,3,iccad4
NHSCAD42818.png,NHSCAD42818,NHS,0,iccad4
NHSCAD4328.png,NHSCAD4328,NHS,3,iccad4
NHSCAD42174.png,NHSCAD42174,NHS,4,iccad4
NHSCAD41160.png,NHSCAD41160,NHS,3,iccad4
NHSCAD42095.png,NHSCAD42095,NHS,0,iccad4
NHSCAD42296.png,NHSCAD42296,NHS,4,iccad4
NHSCAD41306.png,NHSCAD41306,NHS,4,iccad4
NHSCAD43316.png,NHSCAD43316,NHS,3,iccad4
NHSCAD42581.png,NHSCAD42581,NHS,4,iccad4
NHSCAD41096.png,NHSCAD41096,NHS,0,iccad4
NHSCAD43457.png,NHSCAD43457,NHS,2,iccad4
NHSCAD43038.png,NHSCAD43038,NHS,1,iccad4
NHSCAD44486.png,NHSCAD44486,NHS,0,iccad4
NHSCAD42378.png,NHSCAD42378,NHS,1,iccad4
NHSCAD44313.png,NHSCAD44313,NHS,0,iccad4
NHSCAD4210.png,NHSCAD4210,NHS,0,iccad4
NHSCAD41915.png,NHSCAD41915,NHS,4,iccad4
NHSCAD41598.png,NHSCAD41598,NHS,3,iccad4
NHSCAD42503.png,NHSCAD42503,NHS,3,iccad4
NHSCAD4824.png,NHSCAD4824,NHS,2,iccad4
NHSCAD43666.png,NHSCAD43666,NHS,2,iccad4
NHSCAD4905.png,NHSCAD4905,NHS,4,iccad4
NHSCAD42819.png,NHSCAD42819,NHS,1,iccad4
NHSCAD4433.png,NHSCAD4433,NHS,3,iccad4
NHSCAD4579.png,NHSCAD4579,NHS,0,iccad4
NHSCAD43185.png,NHSCAD43185,NHS,2,iccad4
NHSCAD42747.png,NHSCAD42747,NHS,4,iccad4
NHSCAD4206.png,NHSCAD4206,NHS,4,iccad4
NHSCAD43069.png,NHSCAD43069,NHS,0,iccad4
HSCAD483.png,HSCAD483,HS,2,iccad4
NHSCAD44449.png,NHSCAD44449,NHS,2,iccad4
NHSCAD42396.png,NHSCAD42396,NHS,1,iccad4
NHSCAD43688.png,NHSCAD43688,NHS,1,iccad4
NHSCAD42852.png,NHSCAD42852,NHS,3,iccad4
NHSCAD43331.png,NHSCAD43331,NHS,0,iccad4
NHSCAD42188.png,NHSCAD42188,NHS,4,iccad4
NHSCAD43400.png,NHSCAD43400,NHS,4,iccad4
NHSCAD43916.png,NHSCAD43916,NHS,2,iccad4
NHSCAD44294.png,NHSCAD44294,NHS,4,iccad4
NHSCAD42535.png,NHSCAD42535,NHS,3,iccad4
NHSCAD41701.png,NHSCAD41701,NHS,0,iccad4
NHSCAD4676.png,NHSCAD4676,NHS,3,iccad4
NHSCAD44011.png,NHSCAD44011,NHS,2,iccad4
NHSCAD41007.png,NHSCAD41007,NHS,3,iccad4
NHSCAD41298.png,NHSCAD41298,NHS,2,iccad4
NHSCAD43821.png,NHSCAD43821,NHS,4,iccad4
NHSCAD41998.png,NHSCAD41998,NHS,3,iccad4
NHSCAD43153.png,NHSCAD43153,NHS,2,iccad4
NHSCAD41937.png,NHSCAD41937,NHS,2,iccad4
NHSCAD42541.png,NHSCAD42541,NHS,0,iccad4
NHSCAD42482.png,NHSCAD42482,NHS,0,iccad4
NHSCAD42991.png,NHSCAD42991,NHS,1,iccad4
NHSCAD4988.png,NHSCAD4988,NHS,4,iccad4
NHSCAD43809.png,NHSCAD43809,NHS,0,iccad4
NHSCAD44046.png,NHSCAD44046,NHS,1,iccad4
NHSCAD4613.png,NHSCAD4613,NHS,2,iccad4
NHSCAD43172.png,NHSCAD43172,NHS,0,iccad4
NHSCAD44276.png,NHSCAD44276,NHS,2,iccad4
NHSCAD43107.png,NHSCAD43107,NHS,0,iccad4
NHSCAD43451.png,NHSCAD43451,NHS,4,iccad4
NHSCAD42750.png,NHSCAD42750,NHS,1,iccad4
NHSCAD4115.png,NHSCAD4115,NHS,0,iccad4
NHSCAD42973.png,NHSCAD42973,NHS,1,iccad4
NHSCAD44215.png,NHSCAD44215,NHS,2,iccad4
NHSCAD42524.png,NHSCAD42524,NHS,1,iccad4
NHSCAD4871.png,NHSCAD4871,NHS,1,iccad4
NHSCAD43512.png,NHSCAD43512,NHS,4,iccad4
NHSCAD41776.png,NHSCAD41776,NHS,4,iccad4
NHSCAD42379.png,NHSCAD42379,NHS,4,iccad4
NHSCAD4675.png,NHSCAD4675,NHS,1,iccad4
NHSCAD4717.png,NHSCAD4717,NHS,3,iccad4
NHSCAD42022.png,NHSCAD42022,NHS,0,iccad4
NHSCAD42452.png,NHSCAD42452,NHS,4,iccad4
NHSCAD43990.png,NHSCAD43990,NHS,0,iccad4
NHSCAD43300.png,NHSCAD43300,NHS,1,iccad4
NHSCAD4366.png,NHSCAD4366,NHS,0,iccad4
NHSCAD44404.png,NHSCAD44404,NHS,3,iccad4
NHSCAD43500.png,NHSCAD43500,NHS,0,iccad4
NHSCAD4829.png,NHSCAD4829,NHS,2,iccad4
NHSCAD43061.png,NHSCAD43061,NHS,2,iccad4
NHSCAD4483.png,NHSCAD4483,NHS,0,iccad4
NHSCAD4487.png,NHSCAD4487,NHS,4,iccad4
NHSCAD44263.png,NHSCAD44263,NHS,3,iccad4
NHSCAD43124.png,NHSCAD43124,NHS,4,iccad4
NHSCAD43272.png,NHSCAD43272,NHS,0,iccad4
NHSCAD41112.png,NHSCAD41112,NHS,4,iccad4
NHSCAD42969.png,NHSCAD42969,NHS,1,iccad4
NHSCAD42905.png,NHSCAD42905,NHS,4,iccad4
NHSCAD4478.png,NHSCAD4478,NHS,0,iccad4
NHSCAD41047.png,NHSCAD41047,NHS,2,iccad4
NHSCAD4353.png,NHSCAD4353,NHS,2,iccad4
NHSCAD43541.png,NHSCAD43541,NHS,0,iccad4
NHSCAD4548.png,NHSCAD4548,NHS,2,iccad4
NHSCAD41852.png,NHSCAD41852,NHS,3,iccad4
NHSCAD41454.png,NHSCAD41454,NHS,4,iccad4
NHSCAD41685.png,NHSCAD41685,NHS,4,iccad4
NHSCAD4507.png,NHSCAD4507,NHS,4,iccad4
NHSCAD43246.png,NHSCAD43246,NHS,1,iccad4
NHSCAD43459.png,NHSCAD43459,NHS,0,iccad4
NHSCAD41789.png,NHSCAD41789,NHS,3,iccad4
NHSCAD4922.png,NHSCAD4922,NHS,3,iccad4
NHSCAD42335.png,NHSCAD42335,NHS,3,iccad4
NHSCAD44031.png,NHSCAD44031,NHS,0,iccad4
NHSCAD43348.png,NHSCAD43348,NHS,2,iccad4
NHSCAD42051.png,NHSCAD42051,NHS,1,iccad4
NHSCAD4679.png,NHSCAD4679,NHS,0,iccad4
NHSCAD43662.png,NHSCAD43662,NHS,3,iccad4
NHSCAD41775.png,NHSCAD41775,NHS,3,iccad4
NHSCAD43901.png,NHSCAD43901,NHS,1,iccad4
NHSCAD42564.png,NHSCAD42564,NHS,0,iccad4
NHSCAD43226.png,NHSCAD43226,NHS,4,iccad4
NHSCAD42154.png,NHSCAD42154,NHS,0,iccad4
HSCAD481.png,HSCAD481,HS,0,iccad4
NHSCAD42577.png,NHSCAD42577,NHS,4,iccad4
NHSCAD42226.png,NHSCAD42226,NHS,4,iccad4
NHSCAD43841.png,NHSCAD43841,NHS,1,iccad4
NHSCAD43217.png,NHSCAD43217,NHS,4,iccad4
NHSCAD42734.png,NHSCAD42734,NHS,2,iccad4
NHSCAD41851.png,NHSCAD41851,NHS,2,iccad4
NHSCAD42115.png,NHSCAD42115,NHS,4,iccad4
NHSCAD4405.png,NHSCAD4405,NHS,0,iccad4
NHSCAD4736.png,NHSCAD4736,NHS,1,iccad4
NHSCAD43913.png,NHSCAD43913,NHS,3,iccad4
NHSCAD41791.png,NHSCAD41791,NHS,1,iccad4
NHSCAD42854.png,NHSCAD42854,NHS,0,iccad4
NHSCAD44538.png,NHSCAD44538,NHS,0,iccad4
NHSCAD42015.png,NHSCAD42015,NHS,2,iccad4
NHSCAD42262.png,NHSCAD42262,NHS,3,iccad4
NHSCAD4430.png,NHSCAD4430,NHS,0,iccad4
NHSCAD4347.png,NHSCAD4347,NHS,2,iccad4
NHSCAD43994.png,NHSCAD43994,NHS,4,iccad4
NHSCAD43836.png,NHSCAD43836,NHS,0,iccad4
NHSCAD43109.png,NHSCAD43109,NHS,1,iccad4
NHSCAD42471.png,NHSCAD42471,NHS,4,iccad4
NHSCAD41518.png,NHSCAD41518,NHS,4,iccad4
NHSCAD4631.png,NHSCAD4631,NHS,3,iccad4
NHSCAD41270.png,NHSCAD41270,NHS,2,iccad4
NHSCAD42913.png,NHSCAD42913,NHS,1,iccad4
NHSCAD41102.png,NHSCAD41102,NHS,2,iccad4
NHSCAD43270.png,NHSCAD43270,NHS,4,iccad4
NHSCAD41303.png,NHSCAD41303,NHS,3,iccad4
NHSCAD42077.png,NHSCAD42077,NHS,0,iccad4
NHSCAD43334.png,NHSCAD43334,NHS,4,iccad4
NHSCAD44292.png,NHSCAD44292,NHS,2,iccad4
NHSCAD4359.png,NHSCAD4359,NHS,4,iccad4
NHSCAD44261.png,NHSCAD44261,NHS,2,iccad4
NHSCAD41875.png,NHSCAD41875,NHS,3,iccad4
NHSCAD4846.png,NHSCAD4846,NHS,1,iccad4
NHSCAD4337.png,NHSCAD4337,NHS,1,iccad4
NHSCAD42844.png,NHSCAD42844,NHS,3,iccad4
NHSCAD41969.png,NHSCAD41969,NHS,1,iccad4
NHSCAD42799.png,NHSCAD42799,NHS,4,iccad4
NHSCAD43607.png,NHSCAD43607,NHS,3,iccad4
NHSCAD43219.png,NHSCAD43219,NHS,1,iccad4
NHSCAD41455.png,NHSCAD41455,NHS,0,iccad4
NHSCAD43965.png,NHSCAD43965,NHS,1,iccad4
NHSCAD41260.png,NHSCAD41260,NHS,1,iccad4
NHSCAD42434.png,NHSCAD42434,NHS,2,iccad4
NHSCAD43753.png,NHSCAD43753,NHS,3,iccad4
NHSCAD4858.png,NHSCAD4858,NHS,0,iccad4
NHSCAD41073.png,NHSCAD41073,NHS,1,iccad4
NHSCAD42735.png,NHSCAD42735,NHS,3,iccad4
NHSCAD43381.png,NHSCAD43381,NHS,3,iccad4
NHSCAD43423.png,NHSCAD43423,NHS,3,iccad4
NHSCAD43650.png,NHSCAD43650,NHS,0,iccad4
NHSCAD44336.png,NHSCAD44336,NHS,0,iccad4
NHSCAD4946.png,NHSCAD4946,NHS,4,iccad4
NHSCAD43308.png,NHSCAD43308,NHS,4,iccad4
NHSCAD41346.png,NHSCAD41346,NHS,1,iccad4
NHSCAD43280.png,NHSCAD43280,NHS,4,iccad4
NHSCAD41200.png,NHSCAD41200,NHS,1,iccad4
NHSCAD4281.png,NHSCAD4281,NHS,0,iccad4
NHSCAD43529.png,NHSCAD43529,NHS,1,iccad4
NHSCAD44129.png,NHSCAD44129,NHS,2,iccad4
NHSCAD4568.png,NHSCAD4568,NHS,2,iccad4
NHSCAD4987.png,NHSCAD4987,NHS,3,iccad4
NHSCAD41470.png,NHSCAD41470,NHS,4,iccad4
NHSCAD44265.png,NHSCAD44265,NHS,1,iccad4
NHSCAD42759.png,NHSCAD42759,NHS,0,iccad4
NHSCAD4335.png,NHSCAD4335,NHS,3,iccad4
NHSCAD41213.png,NHSCAD41213,NHS,4,iccad4
NHSCAD43446.png,NHSCAD43446,NHS,3,iccad4
NHSCAD44343.png,NHSCAD44343,NHS,3,iccad4
NHSCAD4951.png,NHSCAD4951,NHS,1,iccad4
NHSCAD41466.png,NHSCAD41466,NHS,1,iccad4
NHSCAD43655.png,NHSCAD43655,NHS,0,iccad4
NHSCAD44448.png,NHSCAD44448,NHS,1,iccad4
NHSCAD42405.png,NHSCAD42405,NHS,1,iccad4
NHSCAD44207.png,NHSCAD44207,NHS,3,iccad4
NHSCAD42371.png,NHSCAD42371,NHS,3,iccad4
NHSCAD41300.png,NHSCAD41300,NHS,1,iccad4
NHSCAD4903.png,NHSCAD4903,NHS,0,iccad4
NHSCAD42168.png,NHSCAD42168,NHS,0,iccad4
NHSCAD4439.png,NHSCAD4439,NHS,4,iccad4
NHSCAD4957.png,NHSCAD4957,NHS,0,iccad4
NHSCAD44127.png,NHSCAD44127,NHS,0,iccad4
NHSCAD41695.png,NHSCAD41695,NHS,1,iccad4
NHSCAD43594.png,NHSCAD43594,NHS,4,iccad4
NHSCAD42185.png,NHSCAD42185,NHS,3,iccad4
NHSCAD43736.png,NHSCAD43736,NHS,1,iccad4
NHSCAD43531.png,NHSCAD43531,NHS,3,iccad4
NHSCAD42183.png,NHSCAD42183,NHS,4,iccad4
NHSCAD42809.png,NHSCAD42809,NHS,3,iccad4
NHSCAD41495.png,NHSCAD41495,NHS,3,iccad4
NHSCAD44080.png,NHSCAD44080,NHS,4,iccad4
NHSCAD41645.png,NHSCAD41645,NHS,1,iccad4
NHSCAD42218.png,NHSCAD42218,NHS,2,iccad4
NHSCAD4185.png,NHSCAD4185,NHS,0,iccad4
NHSCAD41658.png,NHSCAD41658,NHS,4,iccad4
NHSCAD42399.png,NHSCAD42399,NHS,3,iccad4
NHSCAD41287.png,NHSCAD41287,NHS,1,iccad4
NHSCAD44438.png,NHSCAD44438,NHS,0,iccad4
NHSCAD4438.png,NHSCAD4438,NHS,3,iccad4
NHSCAD4373.png,NHSCAD4373,NHS,2,iccad4
NHSCAD43159.png,NHSCAD43159,NHS,1,iccad4
NHSCAD4198.png,NHSCAD4198,NHS,4,iccad4
NHSCAD44353.png,NHSCAD44353,NHS,4,iccad4
NHSCAD42052.png,NHSCAD42052,NHS,2,iccad4
NHSCAD43769.png,NHSCAD43769,NHS,1,iccad4
NHSCAD4434.png,NHSCAD4434,NHS,4,iccad4
NHSCAD43029.png,NHSCAD43029,NHS,0,iccad4
NHSCAD5743.png,NHSCAD5743,NHS,0,iccad5
NHSCAD51226.png,NHSCAD51226,NHS,4,iccad5
NHSCAD51484.png,NHSCAD51484,NHS,3,iccad5
NHSCAD596.png,NHSCAD596,NHS,2,iccad5
NHSCAD51675.png,NHSCAD51675,NHS,3,iccad5
NHSCAD51014.png,NHSCAD51014,NHS,2,iccad5
NHSCAD52055.png,NHSCAD52055,NHS,2,iccad5
NHSCAD5156.png,NHSCAD5156,NHS,1,iccad5
NHSCAD51422.png,NHSCAD51422,NHS,0,iccad5
NHSCAD51318.png,NHSCAD51318,NHS,4,iccad5
NHSCAD52333.png,NHSCAD52333,NHS,0,iccad5
NHSCAD51475.png,NHSCAD51475,NHS,3,iccad5
NHSCAD5851.png,NHSCAD5851,NHS,3,iccad5
NHSCAD52508.png,NHSCAD52508,NHS,4,iccad5
NHSCAD52360.png,NHSCAD52360,NHS,0,iccad5
NHSCAD5129.png,NHSCAD5129,NHS,4,iccad5
NHSCAD52672.png,NHSCAD52672,NHS,3,iccad5
NHSCAD52347.png,NHSCAD52347,NHS,0,iccad5
NHSCAD51537.png,NHSCAD51537,NHS,1,iccad5
NHSCAD5901.png,NHSCAD5901,NHS,3,iccad5
NHSCAD52203.png,NHSCAD52203,NHS,1,iccad5
NHSCAD5868.png,NHSCAD5868,NHS,1,iccad5
NHSCAD5941.png,NHSCAD5941,NHS,2,iccad5
NHSCAD5814.png,NHSCAD5814,NHS,3,iccad5
NHSCAD51344.png,NHSCAD51344,NHS,0,iccad5
NHSCAD52379.png,NHSCAD52379,NHS,0,iccad5
NHSCAD5498.png,NHSCAD5498,NHS,0,iccad5
NHSCAD5846.png,NHSCAD5846,NHS,2,iccad5
NHSCAD5183.png,NHSCAD5183,NHS,3,iccad5
NHSCAD52298.png,NHSCAD52298,NHS,4,iccad5
NHSCAD52600.png,NHSCAD52600,NHS,2,iccad5
NHSCAD52567.png,NHSCAD52567,NHS,1,iccad5
NHSCAD51654.png,NHSCAD51654,NHS,0,iccad5
NHSCAD51598.png,NHSCAD51598,NHS,4,iccad5
NHSCAD51160.png,NHSCAD51160,NHS,1,iccad5
NHSCAD5732.png,NHSCAD5732,NHS,2,iccad5
NHSCAD5936.png,NHSCAD5936,NHS,1,iccad5
NHSCAD52137.png,NHSCAD52137,NHS,2,iccad5
NHSCAD5758.png,NHSCAD5758,NHS,1,iccad5
NHSCAD585.png,NHSCAD585,NHS,1,iccad5
NHSCAD51495.png,NHSCAD51495,NHS,0,iccad5
NHSCAD5331.png,NHSCAD5331,NHS,2,iccad5
NHSCAD51219.png,NHSCAD51219,NHS,1,iccad5
NHSCAD5133.png,NHSCAD5133,NHS,3,iccad5
NHSCAD52246.png,NHSCAD52246,NHS,3,iccad5
NHSCAD5437.png,NHSCAD5437,NHS,4,iccad5
NHSCAD52641.png,NHSCAD52641,NHS,2,iccad5
NHSCAD51203.png,NHSCAD51203,NHS,4,iccad5
NHSCAD5900.png,NHSCAD5900,NHS,2,iccad5
NHSCAD51058.png,NHSCAD51058,NHS,4,iccad5
NHSCAD51625.png,NHSCAD51625,NHS,4,iccad5
NHSCAD52271.png,NHSCAD52271,NHS,1,iccad5
NHSCAD52535.png,NHSCAD52535,NHS,4,iccad5
NHSCAD51764.png,NHSCAD51764,NHS,0,iccad5
NHSCAD5342.png,NHSCAD5342,NHS,4,iccad5
NHSCAD51554.png,NHSCAD51554,NHS,0,iccad5
NHSCAD5865.png,NHSCAD5865,NHS,3,iccad5
NHSCAD5539.png,NHSCAD5539,NHS,4,iccad5
NHSCAD51909.png,NHSCAD51909,NHS,2,iccad5
NHSCAD51277.png,NHSCAD51277,NHS,0,iccad5
NHSCAD52319.png,NHSCAD52319,NHS,3,iccad5
NHSCAD5187.png,NHSCAD5187,NHS,0,iccad5
NHSCAD52659.png,NHSCAD52659,NHS,3,iccad5
NHSCAD52473.png,NHSCAD52473,NHS,1,iccad5
NHSCAD5637.png,NHSCAD5637,NHS,3,iccad5
NHSCAD5313.png,NHSCAD5313,NHS,2,iccad5
NHSCAD5959.png,NHSCAD5959,NHS,1,iccad5
NHSCAD5215.png,NHSCAD5215,NHS,0,iccad5
NHSCAD5224.png,NHSCAD5224,NHS,1,iccad5
NHSCAD5665.png,NHSCAD5665,NHS,4,iccad5
NHSCAD52741.png,NHSCAD52741,NHS,4,iccad5
NHSCAD51441.png,NHSCAD51441,NHS,1,iccad5
NHSCAD52609.png,NHSCAD52609,NHS,3,iccad5
NHSCAD51346.png,NHSCAD51346,NHS,2,iccad5
NHSCAD5386.png,NHSCAD5386,NHS,2,iccad5
NHSCAD52255.png,NHSCAD52255,NHS,3,iccad5
NHSCAD5403.png,NHSCAD5403,NHS,1,iccad5
NHSCAD52734.png,NHSCAD52734,NHS,2,iccad5
NHSCAD51748.png,NHSCAD51748,NHS,3,iccad5
NHSCAD5825.png,NHSCAD5825,NHS,0,iccad5
NHSCAD52362.png,NHSCAD52362,NHS,1,iccad5
NHSCAD52169.png,NHSCAD52169,NHS,0,iccad5
NHSCAD51136.png,NHSCAD51136,NHS,0,iccad5
NHSCAD5227.png,NHSCAD5227,NHS,0,iccad5
NHSCAD51364.png,NHSCAD51364,NHS,1,iccad5
NHSCAD5487.png,NHSCAD5487,NHS,2,iccad5
NHSCAD52605.png,NHSCAD52605,NHS,2,iccad5
NHSCAD52701.png,NHSCAD52701,NHS,4,iccad5
NHSCAD559.png,NHSCAD559,NHS,0,iccad5
NHSCAD52355.png,NHSCAD52355,NHS,3,iccad5
NHSCAD51099.png,NHSCAD51099,NHS,4,iccad5
NHSCAD51183.png,NHSCAD51183,NHS,2,iccad5
NHSCAD51260.png,NHSCAD51260,NHS,2,iccad5
HSCAD522.png,HSCAD522,HS,0,iccad5
NHSCAD5567.png,NHSCAD5567,NHS,0,iccad5
NHSCAD52170.png,NHSCAD52170,NHS,4,iccad5
NHSCAD51804.png,NHSCAD51804,NHS,4,iccad5
NHSCAD51004.png,NHSCAD51004,NHS,1,iccad5
NHSCAD5649.png,NHSCAD5649,NHS,0,iccad5
NHSCAD52059.png,NHSCAD52059,NHS,0,iccad5
NHSCAD5549.png,NHSCAD5549,NHS,0,iccad5
NHSCAD52087.png,NHSCAD52087,NHS,2,iccad5
NHSCAD51397.png,NHSCAD51397,NHS,3,iccad5
NHSCAD51053.png,NHSCAD51053,NHS,0,iccad5
NHSCAD5914.png,NHSCAD5914,NHS,2,iccad5
NHSCAD5705.png,NHSCAD5705,NHS,3,iccad5
NHSCAD52434.png,NHSCAD52434,NHS,4,iccad5
NHSCAD52198.png,NHSCAD52198,NHS,4,iccad5
NHSCAD51833.png,NHSCAD51833,NHS,2,iccad5
NHSCAD51455.png,NHSCAD51455,NHS,1,iccad5
NHSCAD5699.png,NHSCAD5699,NHS,1,iccad5
NHSCAD5258.png,NHSCAD5258,NHS,4,iccad5
NHSCAD51543.png,NHSCAD51543,NHS,3,iccad5
NHSCAD51073.png,NHSCAD51073,NHS,3,iccad5
NHSCAD5693.png,NHSCAD5693,NHS,0,iccad5
NHSCAD5223.png,NHSCAD5223,NHS,4,iccad5
NHSCAD52081.png,NHSCAD52081,NHS,0,iccad5
NHSCAD51991.png,NHSCAD51991,NHS,1,iccad5
HSCAD521.png,HSCAD521,HS,4,iccad5
NHSCAD52279.png,NHSCAD52279,NHS,0,iccad5
NHSCAD51973.png,NHSCAD51973,NHS,1,iccad5
NHSCAD5436.png,NHSCAD5436,NHS,2,iccad5
NHSCAD5365.png,NHSCAD5365,NHS,3,iccad5
NHSCAD52620.png,NHSCAD52620,NHS,0,iccad5
NHSCAD51679.png,NHSCAD51679,NHS,2,iccad5
NHSCAD51872.png,NHSCAD51872,NHS,2,iccad5
NHSCAD52708.png,NHSCAD52708,NHS,1,iccad5
NHSCAD51881.png,NHSCAD51881,NHS,2,iccad5
NHSCAD52099.png,NHSCAD52099,NHS,1,iccad5
NHSCAD51558.png,NHSCAD51558,NHS,4,iccad5
NHSCAD5951.png,NHSCAD5951,NHS,3,iccad5
NHSCAD5124.png,NHSCAD5124,NHS,4,iccad5
NHSCAD5938.png,NHSCAD5938,NHS,3,iccad5
NHSCAD52440.png,NHSCAD52440,NHS,0,iccad5
NHSCAD5398.png,NHSCAD5398,NHS,0,iccad5
NHSCAD52426.png,NHSCAD52426,NHS,0,iccad5
NHSCAD51440.png,NHSCAD51440,NHS,0,iccad5
NHSCAD51680.png,NHSCAD51680,NHS,1,iccad5
NHSCAD5417.png,NHSCAD5417,NHS,1,iccad5
NHSCAD52210.png,NHSCAD52210,NHS,0,iccad5
NHSCAD51264.png,NHSCAD51264,NHS,1,iccad5
NHSCAD52551.png,NHSCAD52551,NHS,3,iccad5
NHSCAD51761.png,NHSCAD51761,NHS,3,iccad5
NHSCAD51561.png,NHSCAD51561,NHS,3,iccad5
NHSCAD52344.png,NHSCAD52344,NHS,1,iccad5
NHSCAD51995.png,NHSCAD51995,NHS,0,iccad5
NHSCAD5915.png,NHSCAD5915,NHS,3,iccad5
NHSCAD51593.png,NHSCAD51593,NHS,4,iccad5
NHSCAD52543.png,NHSCAD52543,NHS,3,iccad5
NHSCAD5508.png,NHSCAD5508,NHS,0,iccad5
NHSCAD52163.png,NHSCAD52163,NHS,0,iccad5
NHSCAD51570.png,NHSCAD51570,NHS,3,iccad5
NHSCAD5501.png,NHSCAD5501,NHS,4,iccad5
NHSCAD51649.png,NHSCAD51649,NHS,1,iccad5
NHSCAD5348.png,NHSCAD5348,NHS,0,iccad5
NHSCAD5461.png,NHSCAD5461,NHS,4,iccad5
NHSCAD52359.png,NHSCAD52359,NHS,2,iccad5
NHSCAD5856.png,NHSCAD5856,NHS,3,iccad5
NHSCAD52562.png,NHSCAD52562,NHS,1,iccad5
NHSCAD52472.png,NHSCAD52472,NHS,3,iccad5
NHSCAD51954.png,NHSCAD51954,NHS,0,iccad5
NHSCAD5734.png,NHSCAD5734,NHS,0,iccad5
NHSCAD51992.png,NHSCAD51992,NHS,2,iccad5
NHSCAD52183.png,NHSCAD52183,NHS,3,iccad5
NHSCAD5728.png,NHSCAD5728,NHS,3,iccad5
NHSCAD52646.png,NHSCAD52646,NHS,2,iccad5
NHSCAD5642.png,NHSCAD5642,NHS,4,iccad5
NHSCAD52554.png,NHSCAD52554,NHS,3,iccad5
NHSCAD52414.png,NHSCAD52414,NHS,2,iccad5
NHSCAD51503.png,NHSCAD51503,NHS,4,iccad5
NHSCAD5286.png,NHSCAD5286,NHS,0,iccad5
NHSCAD52303.png,NHSCAD52303,NHS,1,iccad5
NHSCAD51037.png,NHSCAD51037,NHS,2,iccad5
NHSCAD51657.png,NHSCAD51657,NHS,4,iccad5
NHSCAD51180.png,NHSCAD51180,NHS,4,iccad5
NHSCAD51067.png,NHSCAD51067,NHS,4,iccad5
NHSCAD51251.png,NHSCAD51251,NHS,2,iccad5
NHSCAD51129.png,NHSCAD51129,NHS,1,iccad5
NHSCAD51413.png,NHSCAD51413,NHS,0,iccad5
NHSCAD51599.png,NHSCAD51599,NHS,1,iccad5
NHSCAD51722.png,NHSCAD51722,NHS,4,iccad5
NHSCAD52035.png,NHSCAD52035,NHS,1,iccad5
NHSCAD5396.png,NHSCAD5396,NHS,4,iccad5
NHSCAD52027.png,NHSCAD52027,NHS,0,iccad5
NHSCAD51192.png,NHSCAD51192,NHS,2,iccad5
NHSCAD51510.png,NHSCAD51510,NHS,2,iccad5
NHSCAD51862.png,NHSCAD51862,NHS,1,iccad5
NHSCAD5645.png,NHSCAD5645,NHS,2,iccad5
NHSCAD51102.png,NHSCAD51102,NHS,2,iccad5
NHSCAD52329.png,NHSCAD52329,NHS,0,iccad5
NHSCAD51185.png,NHSCAD51185,NHS,0,iccad5
NHSCAD51662.png,NHSCAD51662,NHS,1,iccad5
NHSCAD52358.png,NHSCAD52358,NHS,1,iccad5
NHSCAD51910.png,NHSCAD51910,NHS,4,iccad5
NHSCAD51546.png,NHSCAD51546,NHS,1,iccad5
NHSCAD51128.png,NHSCAD51128,NHS,0,iccad5
NHSCAD52570.png,NHSCAD52570,NHS,4,iccad5
NHSCAD5690.png,NHSCAD5690,NHS,0,iccad5
NHSCAD52684.png,NHSCAD52684,NHS,0,iccad5
NHSCAD51125.png,NHSCAD51125,NHS,2,iccad5
NHSCAD51685.png,NHSCAD51685,NHS,1,iccad5
NHSCAD52606.png,NHSCAD52606,NHS,4,iccad5
NHSCAD51988.png,NHSCAD51988,NHS,2,iccad5
NHSCAD51639.png,NHSCAD51639,NHS,4,iccad5
NHSCAD51830.png,NHSCAD51830,NHS,1,iccad5
NHSCAD52116.png,NHSCAD52116,NHS,4,iccad5
NHSCAD52126.png,NHSCAD52126,NHS,1,iccad5
NHSCAD5480.png,NHSCAD5480,NHS,0,iccad5
NHSCAD52538.png,NHSCAD52538,NHS,2,iccad5
NHSCAD51111.png,NHSCAD51111,NHS,2,iccad5
NHSCAD52215.png,NHSCAD52215,NHS,0,iccad5
NHSCAD5176.png,NHSCAD5176,NHS,0,iccad5
NHSCAD52511.png,NHSCAD52511,NHS,3,iccad5
NHSCAD51771.png,NHSCAD51771,NHS,1,iccad5
NHSCAD51359.png,NHSCAD51359,NHS,0,iccad5
NHSCAD5225.png,NHSCAD5225,NHS,2,iccad5
NHSCAD5879.png,NHSCAD5879,NHS,3,iccad5
NHSCAD51109.png,NHSCAD51109,NHS,0,iccad5
NHSCAD51521.png,NHSCAD51521,NHS,4,iccad5
NHSCAD52312.png,NHSCAD52312,NHS,1,iccad5
NHSCAD5753.png,NHSCAD5753,NHS,1,iccad5
NHSCAD52121.png,NHSCAD52121,NHS,1,iccad5
NHSCAD51687.png,NHSCAD51687,NHS,0,iccad5
NHSCAD52431.png,NHSCAD52431,NHS,1,iccad5
NHSCAD51611.png,NHSCAD51611,NHS,4,iccad5
NHSCAD5545.png,NHSCAD5545,NHS,1,iccad5
NHSCAD51529.png,NHSCAD51529,NHS,2,iccad5
NHSCAD52549.png,NHSCAD52549,NHS,1,iccad5
NHSCAD51577.png,NHSCAD51577,NHS,0,iccad5
NHSCAD51579.png,NHSCAD51579,NHS,3,iccad5
NHSCAD51018.png,NHSCAD51018,NHS,0,iccad5
NHSCAD52000.png,NHSCAD52000,NHS,2,iccad5
NHSCAD5682.png,NHSCAD5682,NHS,3,iccad5
NHSCAD51796.png,NHSCAD51796,NHS,0,iccad5
NHSCAD51223.png,NHSCAD51223,NHS,1,iccad5
NHSCAD52182.png,NHSCAD52182,NHS,0,iccad5
NHSCAD51445.png,NHSCAD51445,NHS,0,iccad5
NHSCAD51209.png,NHSCAD51209,NHS,4,iccad5
NHSCAD5897.png,NHSCAD5897,NHS,3,iccad5
NHSCAD5492.png,NHSCAD5492,NHS,3,iccad5
NHSCAD5139.png,NHSCAD5139,NHS,4,iccad5
NHSCAD51580.png,NHSCAD51580,NHS,1,iccad5
NHSCAD52166.png,NHSCAD52166,NHS,4,iccad5
NHSCAD51163.png,NHSCAD51163,NHS,0,iccad5
NHSCAD5499.png,NHSCAD5499,NHS,1,iccad5
NHSCAD52366.png,NHSCAD52366,NHS,4,iccad5
NHSCAD51602.png,NHSCAD51602,NHS,4,iccad5
NHSCAD52613.png,NHSCAD52613,NHS,3,iccad5
NHSCAD52109.png,NHSCAD52109,NHS,0,iccad5
NHSCAD5877.png,NHSCAD5877,NHS,1,iccad5
NHSCAD5809.png,NHSCAD5809,NHS,2,iccad5
NHSCAD5350.png,NHSCAD5350,NHS,3,iccad5
NHSCAD52418.png,NHSCAD52418,NHS,1,iccad5
NHSCAD569.png,NHSCAD569,NHS,2,iccad5
NHSCAD51809.png,NHSCAD51809,NHS,4,iccad5
NHSCAD5768.png,NHSCAD5768,NHS,2,iccad5
NHSCAD5177.png,NHSCAD5177,NHS,2,iccad5
NHSCAD5703.png,NHSCAD5703,NHS,1,iccad5
NHSCAD51498.png,NHSCAD51498,NHS,3,iccad5
NHSCAD51253.png,NHSCAD51253,NHS,4,iccad5
NHSCAD51091.png,NHSCAD51091,NHS,0,iccad5
NHSCAD5149.png,NHSCAD5149,NHS,4,iccad5
NHSCAD51842.png,NHSCAD51842,NHS,2,iccad5
NHSCAD51715.png,NHSCAD51715,NHS,2,iccad5
NHSCAD51257.png,NHSCAD51257,NHS,3,iccad5
NHSCAD5518.png,NHSCAD5518,NHS,1,iccad5
NHSCAD5884.png,NHSCAD5884,NHS,4,iccad5
NHSCAD51368.png,NHSCAD51368,NHS,0,iccad5
NHSCAD5367.png,NHSCAD5367,NHS,1,iccad5
NHSCAD5818.png,NHSCAD5818,NHS,2,iccad5
NHSCAD5782.png,NHSCAD5782,NHS,3,iccad5
NHSCAD51985.png,NHSCAD51985,NHS,4,iccad5
NHSCAD51278.png,NHSCAD51278,NHS,1,iccad5
NHSCAD51043.png,NHSCAD51043,NHS,2,iccad5
NHSCAD51321.png,NHSCAD51321,NHS,4,iccad5
NHSCAD5128.png,NHSCAD5128,NHS,3,iccad5
NHSCAD51012.png,NHSCAD51012,NHS,0,iccad5
NHSCAD52400.png,NHSCAD52400,NHS,2,iccad5
NHSCAD52277.png,NHSCAD52277,NHS,2,iccad5
NHSCAD51238.png,NHSCAD51238,NHS,2,iccad5
NHSCAD52328.png,NHSCAD52328,NHS,3,iccad5
NHSCAD51307.png,NHSCAD51307,NHS,3,iccad5
NHSCAD52688.png,NHSCAD52688,NHS,4,iccad5
NHSCAD51515.png,NHSCAD51515,NHS,2,iccad5
NHSCAD52348.png,NHSCAD52348,NHS,4,iccad5
NHSCAD52467.png,NHSCAD52467,NHS,0,iccad5
NHSCAD52561.png,NHSCAD52561,NHS,4,iccad5
NHSCAD52352.png,NHSCAD52352,NHS,4,iccad5
NHSCAD52124.png,NHSCAD52124,NHS,3,iccad5
NHSCAD51281.png,NHSCAD51281,NHS,4,iccad5
NHSCAD5697.png,NHSCAD5697,NHS,4,iccad5
NHSCAD5937.png,NHSCAD5937,NHS,2,iccad5
NHSCAD5704.png,NHSCAD5704,NHS,2,iccad5
NHSCAD5477.png,NHSCAD5477,NHS,1,iccad5
NHSCAD567.png,NHSCAD567,NHS,4,iccad5
NHSCAD52054.png,NHSCAD52054,NHS,0,iccad5
NHSCAD52196.png,NHSCAD52196,NHS,3,iccad5
NHSCAD51168.png,NHSCAD51168,NHS,0,iccad5
NHSCAD5143.png,NHSCAD5143,NHS,3,iccad5
NHSCAD5111.png,NHSCAD5111,NHS,3,iccad5
NHSCAD52577.png,NHSCAD52577,NHS,1,iccad5
NHSCAD51607.png,NHSCAD51607,NHS,4,iccad5
NHSCAD52207.png,NHSCAD52207,NHS,4,iccad5
NHSCAD5739.png,NHSCAD5739,NHS,0,iccad5
NHSCAD51113.png,NHSCAD51113,NHS,0,iccad5
NHSCAD5298.png,NHSCAD5298,NHS,1,iccad5
NHSCAD52497.png,NHSCAD52497,NHS,2,iccad5
NHSCAD5503.png,NHSCAD5503,NHS,0,iccad5
NHSCAD52727.png,NHSCAD52727,NHS,3,iccad5
NHSCAD5928.png,NHSCAD5928,NHS,2,iccad5
NHSCAD51522.png,NHSCAD51522,NHS,0,iccad5
NHSCAD51870.png,NHSCAD51870,NHS,3,iccad5
NHSCAD52629.png,NHSCAD52629,NHS,4,iccad5
NHSCAD51293.png,NHSCAD51293,NHS,3,iccad5
NHSCAD5934.png,NHSCAD5934,NHS,4,iccad5
NHSCAD51613.png,NHSCAD51613,NHS,0,iccad5
NHSCAD51702.png,NHSCAD51702,NHS,3,iccad5
NHSCAD52559.png,NHSCAD52559,NHS,3,iccad5
NHSCAD51410.png,NHSCAD51410,NHS,2,iccad5
NHSCAD51352.png,NHSCAD51352,NHS,4,iccad5
NHSCAD5534.png,NHSCAD5534,NHS,4,iccad5
NHSCAD51152.png,NHSCAD51152,NHS,3,iccad5
NHSCAD52691.png,NHSCAD52691,NHS,2,iccad5
NHSCAD51492.png,NHSCAD51492,NHS,2,iccad5
NHSCAD5611.png,NHSCAD5611,NHS,1,iccad5
NHSCAD5675.png,NHSCAD5675,NHS,1,iccad5
NHSCAD51782.png,NHSCAD51782,NHS,0,iccad5
NHSCAD52342.png,NHSCAD52342,NHS,0,iccad5
NHSCAD51030.png,NHSCAD51030,NHS,4,iccad5
NHSCAD5263.png,NHSCAD5263,NHS,0,iccad5
NHSCAD51443.png,NHSCAD51443,NHS,3,iccad5
NHSCAD5121.png,NHSCAD5121,NHS,1,iccad5
NHSCAD51376.png,NHSCAD51376,NHS,4,iccad5
NHSCAD536.png,NHSCAD536,NHS,4,iccad5
NHSCAD52614.png,NHSCAD52614,NHS,2,iccad5
NHSCAD5647.png,NHSCAD5647,NHS,4,iccad5
NHSCAD5722.png,NHSCAD5722,NHS,2,iccad5
NHSCAD52290.png,NHSCAD52290,NHS,2,iccad5
NHSCAD5540.png,NHSCAD5540,NHS,1,iccad5
NHSCAD52072.png,NHSCAD52072,NHS,0,iccad5
NHSCAD51505.png,NHSCAD51505,NHS,1,iccad5
NHSCAD52733.png,NHSCAD52733,NHS,1,iccad5
NHSCAD5535.png,NHSCAD5535,NHS,0,iccad5
NHSCAD51088.png,NHSCAD51088,NHS,1,iccad5
NHSCAD51390.png,NHSCAD51390,NHS,0,iccad5
NHSCAD52339.png,NHSCAD52339,NHS,4,iccad5
NHSCAD5651.png,NHSCAD5651,NHS,4,iccad5
NHSCAD5322.png,NHSCAD5322,NHS,2,iccad5
NHSCAD5361.png,NHSCAD5361,NHS,0,iccad5
NHSCAD51861.png,NHSCAD51861,NHS,3,iccad5
NHSCAD51256.png,NHSCAD51256,NHS,2,iccad5
NHSCAD5594.png,NHSCAD5594,NHS,0,iccad5
NHSCAD52082.png,NHSCAD52082,NHS,2,iccad5
NHSCAD5190.png,NHSCAD5190,NHS,2,iccad5
NHSCAD51074.png,NHSCAD51074,NHS,1,iccad5
NHSCAD5233.png,NHSCAD5233,NHS,4,iccad5
NHSCAD52266.png,NHSCAD52266,NHS,4,iccad5
NHSCAD51378.png,NHSCAD51378,NHS,1,iccad5
NHSCAD51807.png,NHSCAD51807,NHS,3,iccad5
NHSCAD52607.png,NHSCAD52607,NHS,0,iccad5
NHSCAD51132.png,NHSCAD51132,NHS,1,iccad5
NHSCAD52322.png,NHSCAD52322,NHS,2,iccad5
NHSCAD51950.png,NHSCAD51950,NHS,1,iccad5
NHSCAD5472.png,NHSCAD5472,NHS,1,iccad5
NHSCAD51766.png,NHSCAD51766,NHS,3,iccad5
NHSCAD52335.png,NHSCAD52335,NHS,1,iccad5
NHSCAD52683.png,NHSCAD52683,NHS,2,iccad5
NHSCAD52720.png,NHSCAD52720,NHS,2,iccad5
NHSCAD51636.png,NHSCAD51636,NHS,0,iccad5
NHSCAD5994.png,NHSCAD5994,NHS,0,iccad5
NHSCAD51728.png,NHSCAD51728,NHS,0,iccad5
NHSCAD51324.png,NHSCAD51324,NHS,2,iccad5
NHSCAD51312.png,NHSCAD51312,NHS,0,iccad5
NHSCAD51783.png,NHSCAD51783,NHS,2,iccad5
NHSCAD52026.png,NHSCAD52026,NHS,1,iccad5
NHSCAD51875.png,NHSCAD51875,NHS,3,iccad5
NHSCAD51919.png,NHSCAD51919,NHS,2,iccad5
NHSCAD51704.png,NHSCAD51704,NHS,4,iccad5
NHSCAD51983.png,NHSCAD51983,NHS,2,iccad5
NHSCAD52276.png,NHSCAD52276,NHS,1,iccad5
NHSCAD52074.png,NHSCAD52074,NHS,3,iccad5
NHSCAD51726.png,NHSCAD51726,NHS,1,iccad5
NHSCAD5462.png,NHSCAD5462,NHS,0,iccad5
NHSCAD51172.png,NHSCAD51172,NHS,0,iccad5
NHSCAD52639.png,NHSCAD52639,NHS,0,iccad5
NHSCAD5700.png,NHSCAD5700,NHS,3,iccad5
NHSCAD51242.png,NHSCAD51242,NHS,2,iccad5
NHSCAD52130.png,NHSCAD52130,NHS,1,iccad5
NHSCAD51915.png,NHSCAD51915,NHS,4,iccad5
NHSCAD51557.png,NHSCAD51557,NHS,3,iccad5
NHSCAD51405.png,NHSCAD51405,NHS,1,iccad5
NHSCAD51436.png,NHSCAD51436,NHS,0,iccad5
NHSCAD51228.png,NHSCAD51228,NHS,1,iccad5
NHSCAD51201.png,NHSCAD51201,NHS,2,iccad5
NHSCAD5513.png,NHSCAD5513,NHS,1,iccad5
NHSCAD52305.png,NHSCAD52305,NHS,3,iccad5
NHSCAD5546.png,NHSCAD5546,NHS,2,iccad5
NHSCAD52482.png,NHSCAD52482,NHS,1,iccad5
NHSCAD52515.png,NHSCAD52515,NHS,2,iccad5
NHSCAD5632.png,NHSCAD5632,NHS,3,iccad5
NHSCAD581.png,NHSCAD581,NHS,3,iccad5
NHSCAD52235.png,NHSCAD52235,NHS,1,iccad5
NHSCAD51646.png,NHSCAD51646,NHS,2,iccad5
NHSCAD51291.png,NHSCAD51291,NHS,1,iccad5
NHSCAD51451.png,NHSCAD51451,NHS,2,iccad5
NHSCAD51404.png,NHSCAD51404,NHS,0,iccad5
NHSCAD52623.png,NHSCAD52623,NHS,2,iccad5
NHSCAD51092.png,NHSCAD51092,NHS,1,iccad5
NHSCAD52582.png,NHSCAD52582,NHS,3,iccad5
NHSCAD5756.png,NHSCAD5756,NHS,4,iccad5
NHSCAD5137.png,NHSCAD5137,NHS,2,iccad5
NHSCAD51942.png,NHSCAD51942,NHS,2,iccad5
NHSCAD52004.png,NHSCAD52004,NHS,0,iccad5
NHSCAD52591.png,NHSCAD52591,NHS,3,iccad5
NHSCAD52048.png,NHSCAD52048,NHS,4,iccad5
NHSCAD5249.png,NHSCAD5249,NHS,0,iccad5
NHSCAD51508.png,NHSCAD51508,NHS,4,iccad5
NHSCAD5315.png,NHSCAD5315,NHS,4,iccad5
NHSCAD52287.png,NHSCAD52287,NHS,3,iccad5
NHSCAD51139.png,NHSCAD51139,NHS,3,iccad5
NHSCAD51816.png,NHSCAD51816,NHS,3,iccad5
NHSCAD5202.png,NHSCAD5202,NHS,3,iccad5
NHSCAD51706.png,NHSCAD51706,NHS,2,iccad5
NHSCAD5272.png,NHSCAD5272,NHS,1,iccad5
NHSCAD51633.png,NHSCAD51633,NHS,3,iccad5
NHSCAD52015.png,NHSCAD52015,NHS,3,iccad5
NHSCAD51591.png,NHSCAD51591,NHS,2,iccad5
NHSCAD51286.png,NHSCAD51286,NHS,0,iccad5
NHSCAD52261.png,NHSCAD52261,NHS,4,iccad5
NHSCAD5448.png,NHSCAD5448,NHS,0,iccad5
NHSCAD51151.png,NHSCAD51151,NHS,2,iccad5
NHSCAD5288.png,NHSCAD5288,NHS,4,iccad5
NHSCAD5406.png,NHSCAD5406,NHS,3,iccad5
NHSCAD51068.png,NHSCAD51068,NHS,0,iccad5
NHSCAD51616.png,NHSCAD51616,NHS,4,iccad5
NHSCAD5421.png,NHSCAD5421,NHS,1,iccad5
NHSCAD5360.png,NHSCAD5360,NHS,3,iccad5
NHSCAD5505.png,NHSCAD5505,NHS,2,iccad5
NHSCAD51617.png,NHSCAD51617,NHS,1,iccad5
NHSCAD5749.png,NHSCAD5749,NHS,1,iccad5
NHSCAD51600.png,NHSCAD51600,NHS,2,iccad5
NHSCAD51333.png,NHSCAD51333,NHS,2,iccad5
NHSCAD52380.png,NHSCAD52380,NHS,1,iccad5
NHSCAD5939.png,NHSCAD5939,NHS,4,iccad5
NHSCAD52391.png,NHSCAD52391,NHS,2,iccad5
NHSCAD52530.png,NHSCAD52530,NHS,4,iccad5
NHSCAD52325.png,NHSCAD52325,NHS,4,iccad5
NHSCAD5771.png,NHSCAD5771,NHS,1,iccad5
HSCAD523.png,HSCAD523,HS,3,iccad5
NHSCAD51980.png,NHSCAD51980,NHS,4,iccad5
NHSCAD51491.png,NHSCAD51491,NHS,1,iccad5
NHSCAD51573.png,NHSCAD51573,NHS,2,iccad5
NHSCAD52141.png,NHSCAD52141,NHS,2,iccad5
NHSCAD5569.png,NHSCAD5569,NHS,2,iccad5
NHSCAD52272.png,NHSCAD52272,NHS,2,iccad5
NHSCAD51195.png,NHSCAD51195,NHS,0,iccad5
NHSCAD52573.png,NHSCAD52573,NHS,3,iccad5
NHSCAD5709.png,NHSCAD5709,NHS,2,iccad5
NHSCAD51810.png,NHSCAD51810,NHS,2,iccad5
NHSCAD51399.png,NHSCAD51399,NHS,4,iccad5
NHSCAD51957.png,NHSCAD51957,NHS,3,iccad5
NHSCAD51545.png,NHSCAD51545,NHS,0,iccad5
NHSCAD52514.png,NHSCAD52514,NHS,1,iccad5
NHSCAD51354.png,NHSCAD51354,NHS,4,iccad5
NHSCAD5893.png,NHSCAD5893,NHS,4,iccad5
NHSCAD52286.png,NHSCAD52286,NHS,2,iccad5
NHSCAD52686.png,NHSCAD52686,NHS,2,iccad5
NHSCAD52625.png,NHSCAD52625,NHS,0,iccad5
NHSCAD5659.png,NHSCAD5659,NHS,2,iccad5
NHSCAD52223.png,NHSCAD52223,NHS,3,iccad5
NHSCAD5873.png,NHSCAD5873,NHS,2,iccad5
NHSCAD5559.png,NHSCAD5559,NHS,1,iccad5
NHSCAD51791.png,NHSCAD51791,NHS,0,iccad5
NHSCAD5440.png,NHSCAD5440,NHS,2,iccad5
NHSCAD52278.png,NHSCAD52278,NHS,3,iccad5
NHSCAD51873.png,NHSCAD51873,NHS,4,iccad5
NHSCAD51874.png,NHSCAD51874,NHS,0,iccad5
NHSCAD5201.png,NHSCAD5201,NHS,2,iccad5
NHSCAD5564.png,NHSCAD5564,NHS,2,iccad5
NHSCAD5270.png,NHSCAD5270,NHS,2,iccad5
NHSCAD52452.png,NHSCAD52452,NHS,3,iccad5
NHSCAD51763.png,NHSCAD51763,NHS,4,iccad5
NHSCAD51289.png,NHSCAD51289,NHS,3,iccad5
NHSCAD51066.png,NHSCAD51066,NHS,4,iccad5
NHSCAD52068.png,NHSCAD52068,NHS,0,iccad5
NHSCAD5563.png,NHSCAD5563,NHS,1,iccad5
NHSCAD52673.png,NHSCAD52673,NHS,4,iccad5
NHSCAD51889.png,NHSCAD51889,NHS,3,iccad5
NHSCAD51541.png,NHSCAD51541,NHS,1,iccad5
NHSCAD51222.png,NHSCAD51222,NHS,0,iccad5
NHSCAD51003.png,NHSCAD51003,NHS,0,iccad5
NHSCAD51046.png,NHSCAD51046,NHS,2,iccad5
NHSCAD52242.png,NHSCAD52242,NHS,0,iccad5
NHSCAD51733.png,NHSCAD51733,NHS,2,iccad5
NHSCAD52652.png,NHSCAD52652,NHS,0,iccad5
NHSCAD51276.png,NHSCAD51276,NHS,4,iccad5
NHSCAD5973.png,NHSCAD5973,NHS,2,iccad5
NHSCAD51688.png,NHSCAD51688,NHS,2,iccad5
NHSCAD51433.png,NHSCAD51433,NHS,2,iccad5
NHSCAD52323.png,NHSCAD52323,NHS,3,iccad5
NHSCAD5929.png,NHSCAD5929,NHS,3,iccad5
NHSCAD52704.png,NHSCAD52704,NHS,2,iccad5
NHSCAD52731.png,NHSCAD52731,NHS,3,iccad5
NHSCAD51588.png,NHSCAD51588,NHS,3,iccad5
NHSCAD51812.png,NHSCAD51812,NHS,1,iccad5
NHSCAD5713.png,NHSCAD5713,NHS,2,iccad5
NHSCAD5363.png,NHSCAD5363,NHS,2,iccad5
NHSCAD51896.png,NHSCAD51896,NHS,4,iccad5
NHSCAD51131.png,NHSCAD51131,NHS,0,iccad5
NHSCAD52197.png,NHSCAD52197,NHS,0,iccad5
NHSCAD51990.png,NHSCAD51990,NHS,0,iccad5
NHSCAD51747.png,NHSCAD51747,NHS,2,iccad5
NHSCAD5562.png,NHSCAD5562,NHS,0,iccad5
NHSCAD51480.png,NHSCAD51480,NHS,4,iccad5
NHSCAD52412.png,NHSCAD52412,NHS,0,iccad5
NHSCAD51343.png,NHSCAD51343,NHS,2,iccad5
NHSCAD5302.png,NHSCAD5302,NHS,0,iccad5
NHSCAD52131.png,NHSCAD52131,NHS,0,iccad5
NHSCAD5984.png,NHSCAD5984,NHS,3,iccad5
NHSCAD5770.png,NHSCAD5770,NHS,0,iccad5
NHSCAD5574.png,NHSCAD5574,NHS,3,iccad5
NHSCAD5536.png,NHSCAD5536,NHS,1,iccad5
NHSCAD52221.png,NHSCAD52221,NHS,1,iccad5
NHSCAD51215.png,NHSCAD51215,NHS,2,iccad5
NHSCAD51939.png,NHSCAD51939,NHS,3,iccad5
NHSCAD5523.png,NHSCAD5523,NHS,2,iccad5
NHSCAD51697.png,NHSCAD51697,NHS,2,iccad5
NHSCAD5891.png,NHSCAD5891,NHS,3,iccad5
NHSCAD5245.png,NHSCAD5245,NHS,0,iccad5
NHSCAD52168.png,NHSCAD52168,NHS,2,iccad5
NHSCAD51734.png,NHSCAD51734,NHS,3,iccad5
NHSCAD5337.png,NHSCAD5337,NHS,3,iccad5
NHSCAD5838.png,NHSCAD5838,NHS,4,iccad5
NHSCAD51655.png,NHSCAD51655,NHS,2,iccad5
NHSCAD5504.png,NHSCAD5504,NHS,1,iccad5
NHSCAD52036.png,NHSCAD52036,NHS,0,iccad5
NHSCAD5840.png,NHSCAD5840,NHS,1,iccad5
NHSCAD5670.png,NHSCAD5670,NHS,1,iccad5
NHSCAD51527.png,NHSCAD51527,NHS,0,iccad5
NHSCAD51295.png,NHSCAD51295,NHS,0,iccad5
NHSCAD5906.png,NHSCAD5906,NHS,3,iccad5
NHSCAD5998.png,NHSCAD5998,NHS,3,iccad5
NHSCAD5495.png,NHSCAD5495,NHS,1,iccad5
NHSCAD51731.png,NHSCAD51731,NHS,4,iccad5
NHSCAD52626.png,NHSCAD52626,NHS,1,iccad5
NHSCAD51945.png,NHSCAD51945,NHS,0,iccad5
NHSCAD5956.png,NHSCAD5956,NHS,3,iccad5
NHSCAD51468.png,NHSCAD51468,NHS,0,iccad5
NHSCAD534.png,NHSCAD534,NHS,1,iccad5
NHSCAD5324.png,NHSCAD5324,NHS,4,iccad5
NHSCAD52262.png,NHSCAD52262,NHS,1,iccad5
NHSCAD51380.png,NHSCAD51380,NHS,4,iccad5
NHSCAD51064.png,NHSCAD51064,NHS,2,iccad5
NHSCAD51000.png,NHSCAD51000,NHS,1,iccad5
NHSCAD52134.png,NHSCAD52134,NHS,4,iccad5
NHSCAD52405.png,NHSCAD52405,NHS,2,iccad5
NHSCAD51200.png,NHSCAD51200,NHS,1,iccad5
NHSCAD5247.png,NHSCAD5247,NHS,2,iccad5
NHSCAD51629.png,NHSCAD51629,NHS,3,iccad5
NHSCAD51198.png,NHSCAD51198,NHS,3,iccad5
NHSCAD579.png,NHSCAD579,NHS,1,iccad5
NHSCAD5297.png,NHSCAD5297,NHS,4,iccad5
NHSCAD5138.png,NHSCAD5138,NHS,3,iccad5
NHSCAD51947.png,NHSCAD51947,NHS,2,iccad5
NHSCAD5234.png,NHSCAD5234,NHS,1,iccad5
NHSCAD5903.png,NHSCAD5903,NHS,0,iccad5
NHSCAD5636.png,NHSCAD5636,NHS,2,iccad5
NHSCAD51224.png,NHSCAD51224,NHS,2,iccad5
NHSCAD51848.png,NHSCAD51848,NHS,3,iccad5
NHSCAD51021.png,NHSCAD51021,NHS,0,iccad5
NHSCAD5581.png,NHSCAD5581,NHS,1,iccad5
NHSCAD51757.png,NHSCAD51757,NHS,3,iccad5
NHSCAD51892.png,NHSCAD51892,NHS,0,iccad5
NHSCAD5590.png,NHSCAD5590,NHS,1,iccad5
NHSCAD577.png,NHSCAD577,NHS,4,iccad5
NHSCAD5723.png,NHSCAD5723,NHS,3,iccad5
NHSCAD52471.png,NHSCAD52471,NHS,0,iccad5
NHSCAD52151.png,NHSCAD52151,NHS,3,iccad5
NHSCAD52624.png,NHSCAD52624,NHS,4,iccad5
NHSCAD52176.png,NHSCAD52176,NHS,1,iccad5
NHSCAD52649.png,NHSCAD52649,NHS,1,iccad5
NHSCAD52020.png,NHSCAD52020,NHS,4,iccad5
NHSCAD51189.png,NHSCAD51189,NHS,3,iccad5
NHSCAD51235.png,NHSCAD51235,NHS,4,iccad5
NHSCAD52675.png,NHSCAD52675,NHS,0,iccad5
NHSCAD5850.png,NHSCAD5850,NHS,2,iccad5
NHSCAD5476.png,NHSCAD5476,NHS,0,iccad5
NHSCAD51709.png,NHSCAD51709,NHS,4,iccad5
NHSCAD51107.png,NHSCAD51107,NHS,3,iccad5
NHSCAD52014.png,NHSCAD52014,NHS,2,iccad5
NHSCAD5821.png,NHSCAD5821,NHS,1,iccad5
NHSCAD52106.png,NHSCAD52106,NHS,3,iccad5
NHSCAD51214.png,NHSCAD51214,NHS,1,iccad5
NHSCAD51300.png,NHSCAD51300,NHS,1,iccad5
NHSCAD5736.png,NHSCAD5736,NHS,2,iccad5
NHSCAD5351.png,NHSCAD5351,NHS,4,iccad5
NHSCAD5557.png,NHSCAD5557,NHS,4,iccad5
NHSCAD5793.png,NHSCAD5793,NHS,0,iccad5
NHSCAD51802.png,NHSCAD51802,NHS,3,iccad5
NHSCAD52336.png,NHSCAD52336,NHS,2,iccad5
NHSCAD51627.png,NHSCAD51627,NHS,0,iccad5
NHSCAD597.png,NHSCAD597,NHS,3,iccad5
NHSCAD5872.png,NHSCAD5872,NHS,1,iccad5
NHSCAD52619.png,NHSCAD52619,NHS,2,iccad5
NHSCAD51819.png,NHSCAD51819,NHS,0,iccad5
NHSCAD51923.png,NHSCAD51923,NHS,2,iccad5
NHSCAD51123.png,NHSCAD51123,NHS,3,iccad5
NHSCAD52633.png,NHSCAD52633,NHS,4,iccad5
NHSCAD5775.png,NHSCAD5775,NHS,0,iccad5
NHSCAD5243.png,NHSCAD5243,NHS,4,iccad5
NHSCAD560.png,NHSCAD560,NHS,2,iccad5
NHSCAD51401.png,NHSCAD51401,NHS,2,iccad5
NHSCAD5875.png,NHSCAD5875,NHS,4,iccad5
NHSCAD52100.png,NHSCAD52100,NHS,2,iccad5
NHSCAD52608.png,NHSCAD52608,NHS,1,iccad5
NHSCAD52105.png,NHSCAD52105,NHS,2,iccad5
NHSCAD51835.png,NHSCAD51835,NHS,1,iccad5
NHSCAD51913.png,NHSCAD51913,NHS,1,iccad5
NHSCAD52585.png,NHSCAD52585,NHS,0,iccad5
NHSCAD5458.png,NHSCAD5458,NHS,3,iccad5
NHSCAD5698.png,NHSCAD5698,NHS,0,iccad5
NHSCAD51477.png,NHSCAD51477,NHS,0,iccad5
NHSCAD51590.png,NHSCAD51590,NHS,0,iccad5
NHSCAD51204.png,NHSCAD51204,NHS,0,iccad5
NHSCAD52449.png,NHSCAD52449,NHS,4,iccad5
NHSCAD5615.png,NHSCAD5615,NHS,4,iccad5
NHSCAD52050.png,NHSCAD52050,NHS,2,iccad5
NHSCAD51864.png,NHSCAD51864,NHS,4,iccad5
NHSCAD5154.png,NHSCAD5154,NHS,4,iccad5
NHSCAD52202.png,NHSCAD52202,NHS,4,iccad5
NHSCAD51777.png,NHSCAD51777,NHS,4,iccad5
NHSCAD5115.png,NHSCAD5115,NHS,0,iccad5
NHSCAD51803.png,NHSCAD51803,NHS,1,iccad5
NHSCAD52119.png,NHSCAD52119,NHS,2,iccad5
NHSCAD5730.png,NHSCAD5730,NHS,1,iccad5
NHSCAD5892.png,NHSCAD5892,NHS,4,iccad5
NHSCAD51981.png,NHSCAD51981,NHS,0,iccad5
NHSCAD5130.png,NHSCAD5130,NHS,0,iccad5
NHSCAD5189.png,NHSCAD5189,NHS,1,iccad5
NHSCAD51841.png,NHSCAD51841,NHS,0,iccad5
NHSCAD51085.png,NHSCAD51085,NHS,4,iccad5
NHSCAD52065.png,NHSCAD52065,NHS,3,iccad5
NHSCAD51395.png,NHSCAD51395,NHS,2,iccad5
NHSCAD51248.png,NHSCAD51248,NHS,3,iccad5
NHSCAD5859.png,NHSCAD5859,NHS,1,iccad5
NHSCAD5683.png,NHSCAD5683,NHS,4,iccad5
NHSCAD52356.png,NHSCAD52356,NHS,0,iccad5
NHSCAD5135.png,NHSCAD5135,NHS,1,iccad5
NHSCAD5188.png,NHSCAD5188,NHS,3,iccad5
NHSCAD5387.png,NHSCAD5387,NHS,4,iccad5
NHSCAD5565.png,NHSCAD5565,NHS,3,iccad5
NHSCAD52212.png,NHSCAD52212,NHS,1,iccad5
NHSCAD51489.png,NHSCAD51489,NHS,3,iccad5
NHSCAD52331.png,NHSCAD52331,NHS,2,iccad5
NHSCAD5572.png,NHSCAD5572,NHS,1,iccad5
NHSCAD51605.png,NHSCAD51605,NHS,2,iccad5
NHSCAD51899.png,NHSCAD51899,NHS,1,iccad5
NHSCAD51239.png,NHSCAD51239,NHS,3,iccad5
NHSCAD5737.png,NHSCAD5737,NHS,3,iccad5
NHSCAD52427.png,NHSCAD52427,NHS,1,iccad5
NHSCAD5136.png,NHSCAD5136,NHS,1,iccad5
NHSCAD52527.png,NHSCAD52527,NHS,0,iccad5
NHSCAD51880.png,NHSCAD51880,NHS,1,iccad5
NHSCAD51621.png,NHSCAD51621,NHS,1,iccad5
NHSCAD5858.png,NHSCAD5858,NHS,0,iccad5
NHSCAD5416.png,NHSCAD5416,NHS,0,iccad5
NHSCAD51792.png,NHSCAD51792,NHS,2,iccad5
NHSCAD52403.png,NHSCAD52403,NHS,0,iccad5
NHSCAD5830.png,NHSCAD5830,NHS,1,iccad5
NHSCAD52045.png,NHSCAD52045,NHS,0,iccad5
NHSCAD5199.png,NHSCAD5199,NHS,4,iccad5
NHSCAD52501.png,NHSCAD52501,NHS,2,iccad5
NHSCAD5368.png,NHSCAD5368,NHS,2,iccad5
NHSCAD51574.png,NHSCAD51574,NHS,3,iccad5
NHSCAD51993.png,NHSCAD51993,NHS,3,iccad5
NHSCAD51560.png,NHSCAD51560,NHS,2,iccad5
NHSCAD51022.png,NHSCAD51022,NHS,1,iccad5
NHSCAD51013.png,NHSCAD51013,NHS,1,iccad5
NHSCAD5696.png,NHSCAD5696,NHS,3,iccad5
NHSCAD5334.png,NHSCAD5334,NHS,0,iccad5
NHSCAD5672.png,NHSCAD5672,NHS,2,iccad5
NHSCAD52103.png,NHSCAD52103,NHS,1,iccad5
NHSCAD5479.png,NHSCAD5479,NHS,3,iccad5
NHSCAD51019.png,NHSCAD51019,NHS,1,iccad5
NHSCAD51970.png,NHSCAD51970,NHS,4,iccad5
NHSCAD51690.png,NHSCAD51690,NHS,4,iccad5
NHSCAD5623.png,NHSCAD5623,NHS,3,iccad5
NHSCAD51098.png,NHSCAD51098,NHS,3,iccad5
NHSCAD51247.png,NHSCAD51247,NHS,2,iccad5
NHSCAD5239.png,NHSCAD5239,NHS,0,iccad5
NHSCAD51385.png,NHSCAD51385,NHS,4,iccad5
NHSCAD51392.png,NHSCAD51392,NHS,2,iccad5
NHSCAD5829.png,NHSCAD5829,NHS,4,iccad5
NHSCAD51496.png,NHSCAD51496,NHS,1,iccad5
NHSCAD52667.png,NHSCAD52667,NHS,1,iccad5
NHSCAD52516.png,NHSCAD52516,NHS,3,iccad5
NHSCAD51301.png,NHSCAD51301,NHS,2,iccad5
NHSCAD51969.png,NHSCAD51969,NHS,2,iccad5
NHSCAD51926.png,NHSCAD51926,NHS,3,iccad5
NHSCAD5905.png,NHSCAD5905,NHS,2,iccad5
NHSCAD52127.png,NHSCAD52127,NHS,0,iccad5
NHSCAD5449.png,NHSCAD5449,NHS,1,iccad5
NHSCAD52583.png,NHSCAD52583,NHS,2,iccad5
NHSCAD51940.png,NHSCAD51940,NHS,0,iccad5
NHSCAD51520.png,NHSCAD51520,NHS,3,iccad5
NHSCAD51427.png,NHSCAD51427,NHS,0,iccad5
NHSCAD5883.png,NHSCAD5883,NHS,3,iccad5
NHSCAD51519.png,NHSCAD51519,NHS,1,iccad5
NHSCAD5848.png,NHSCAD5848,NHS,4,iccad5
NHSCAD51135.png,NHSCAD51135,NHS,4,iccad5
NHSCAD52627.png,NHSCAD52627,NHS,3,iccad5
NHSCAD51426.png,NHSCAD51426,NHS,4,iccad5
NHSCAD5740.png,NHSCAD5740,NHS,2,iccad5
NHSCAD51028.png,NHSCAD51028,NHS,2,iccad5
NHSCAD52477.png,NHSCAD52477,NHS,3,iccad5
NHSCAD5228.png,NHSCAD5228,NHS,4,iccad5
NHSCAD51571.png,NHSCAD51571,NHS,1,iccad5
NHSCAD5711.png,NHSCAD5711,NHS,0,iccad5
NHSCAD52208.png,NHSCAD52208,NHS,1,iccad5
NHSCAD51227.png,NHSCAD51227,NHS,0,iccad5
NHSCAD5158.png,NHSCAD5158,NHS,4,iccad5
NHSCAD52184.png,NHSCAD52184,NHS,4,iccad5
NHSCAD51434.png,NHSCAD51434,NHS,3,iccad5
NHSCAD51666.png,NHSCAD51666,NHS,3,iccad5
NHSCAD5507.png,NHSCAD5507,NHS,4,iccad5
NHSCAD51713.png,NHSCAD51713,NHS,4,iccad5
NHSCAD52288.png,NHSCAD52288,NHS,0,iccad5
NHSCAD5430.png,NHSCAD5430,NHS,1,iccad5
NHSCAD51839.png,NHSCAD51839,NHS,3,iccad5
NHSCAD51447.png,NHSCAD51447,NHS,2,iccad5
NHSCAD51446.png,NHSCAD51446,NHS,1,iccad5
NHSCAD5429.png,NHSCAD5429,NHS,3,iccad5
NHSCAD52180.png,NHSCAD52180,NHS,1,iccad5
NHSCAD5244.png,NHSCAD5244,NHS,4,iccad5
NHSCAD51509.png,NHSCAD51509,NHS,0,iccad5
NHSCAD5601.png,NHSCAD5601,NHS,4,iccad5
NHSCAD5162.png,NHSCAD5162,NHS,3,iccad5
NHSCAD5182.png,NHSCAD5182,NHS,2,iccad5
NHSCAD51525.png,NHSCAD51525,NHS,3,iccad5
NHSCAD52349.png,NHSCAD52349,NHS,1,iccad5
NHSCAD51365.png,NHSCAD51365,NHS,2,iccad5
NHSCAD51454.png,NHSCAD51454,NHS,0,iccad5
NHSCAD52446.png,NHSCAD52446,NHS,1,iccad5
NHSCAD51604.png,NHSCAD51604,NHS,0,iccad5
NHSCAD51739.png,NHSCAD51739,NHS,3,iccad5
NHSCAD5843.png,NHSCAD5843,NHS,4,iccad5
NHSCAD5643.png,NHSCAD5643,NHS,1,iccad5
NHSCAD5933.png,NHSCAD5933,NHS,3,iccad5
NHSCAD51096.png,NHSCAD51096,NHS,1,iccad5
HSCAD517.png,HSCAD517,HS,4,iccad5
NHSCAD51101.png,NHSCAD51101,NHS,1,iccad5
NHSCAD5576.png,NHSCAD5576,NHS,0,iccad5
NHSCAD5887.png,NHSCAD5887,NHS,2,iccad5
NHSCAD5457.png,NHSCAD5457,NHS,0,iccad5
NHSCAD5455.png,NHSCAD5455,NHS,4,iccad5
NHSCAD52160.png,NHSCAD52160,NHS,3,iccad5
NHSCAD52425.png,NHSCAD52425,NHS,4,iccad5
NHSCAD5953.png,NHSCAD5953,NHS,0,iccad5
NHSCAD5616.png,NHSCAD5616,NHS,1,iccad5
NHSCAD52191.png,NHSCAD52191,NHS,0,iccad5
NHSCAD5792.png,NHSCAD5792,NHS,4,iccad5
NHSCAD5210.png,NHSCAD5210,NHS,0,iccad5
NHSCAD5579.png,NHSCAD5579,NHS,3,iccad5
NHSCAD5496.png,NHSCAD5496,NHS,2,iccad5
NHSCAD5252.png,NHSCAD5252,NHS,2,iccad5
NHSCAD51054.png,NHSCAD51054,NHS,1,iccad5
NHSCAD51619.png,NHSCAD51619,NHS,2,iccad5
NHSCAD52444.png,NHSCAD52444,NHS,4,iccad5
NHSCAD51449.png,NHSCAD51449,NHS,4,iccad5
NHSCAD5293.png,NHSCAD5293,NHS,1,iccad5
NHSCAD52318.png,NHSCAD52318,NHS,2,iccad5
NHSCAD51149.png,NHSCAD51149,NHS,4,iccad5
NHSCAD51800.png,NHSCAD51800,NHS,0,iccad5
NHSCAD5582.png,NHSCAD5582,NHS,2,iccad5
NHSCAD52219.png,NHSCAD52219,NHS,3,iccad5
NHSCAD51249.png,NHSCAD51249,NHS,4,iccad5
NHSCAD5835.png,NHSCAD5835,NHS,1,iccad5
NHSCAD5169.png,NHSCAD5169,NHS,1,iccad5
NHSCAD51273.png,NHSCAD51273,NHS,1,iccad5
NHSCAD51905.png,NHSCAD51905,NHS,4,iccad5
NHSCAD5385.png,NHSCAD5385,NHS,1,iccad5
NHSCAD51898.png,NHSCAD51898,NHS,3,iccad5
NHSCAD52682.png,NHSCAD52682,NHS,4,iccad5
NHSCAD51015.png,NHSCAD51015,NHS,3,iccad5
NHSCAD5114.png,NHSCAD5114,NHS,4,iccad5
NHSCAD51303.png,NHSCAD51303,NHS,4,iccad5
NHSCAD52239.png,NHSCAD52239,NHS,4,iccad5
NHSCAD52051.png,NHSCAD52051,NHS,3,iccad5
NHSCAD51016.png,NHSCAD51016,NHS,4,iccad5
NHSCAD5511.png,NHSCAD5511,NHS,4,iccad5
NHSCAD5863.png,NHSCAD5863,NHS,1,iccad5
NHSCAD51345.png,NHSCAD51345,NHS,1,iccad5
HSCAD519.png,HSCAD519,HS,1,iccad5
NHSCAD51501.png,NHSCAD51501,NHS,2,iccad5
NHSCAD51428.png,NHSCAD51428,NHS,1,iccad5
NHSCAD51396.png,NHSCAD51396,NHS,1,iccad5
NHSCAD51027.png,NHSCAD51027,NHS,1,iccad5
NHSCAD51692.png,NHSCAD51692,NHS,2,iccad5
NHSCAD5515.png,NHSCAD5515,NHS,3,iccad5
NHSCAD51499.png,NHSCAD51499,NHS,4,iccad5
NHSCAD52205.png,NHSCAD52205,NHS,3,iccad5
NHSCAD51729.png,NHSCAD51729,NHS,2,iccad5
NHSCAD51462.png,NHSCAD51462,NHS,4,iccad5
NHSCAD51005.png,NHSCAD51005,NHS,2,iccad5
NHSCAD5107.png,NHSCAD5107,NHS,2,iccad5
NHSCAD52369.png,NHSCAD52369,NHS,3,iccad5
NHSCAD51353.png,NHSCAD51353,NHS,0,iccad5
NHSCAD528.png,NHSCAD528,NHS,1,iccad5
NHSCAD52401.png,NHSCAD52401,NHS,3,iccad5
NHSCAD51904.png,NHSCAD51904,NHS,2,iccad5
NHSCAD5516.png,NHSCAD5516,NHS,4,iccad5
NHSCAD51876.png,NHSCAD51876,NHS,1,iccad5
NHSCAD52008.png,NHSCAD52008,NHS,1,iccad5
NHSCAD52069.png,NHSCAD52069,NHS,2,iccad5
NHSCAD51817.png,NHSCAD51817,NHS,1,iccad5
NHSCAD52228.png,NHSCAD52228,NHS,3,iccad5
NHSCAD51907.png,NHSCAD51907,NHS,3,iccad5
NHSCAD51347.png,NHSCAD51347,NHS,3,iccad5
NHSCAD5778.png,NHSCAD5778,NHS,3,iccad5
NHSCAD5132.png,NHSCAD5132,NHS,2,iccad5
NHSCAD52736.png,NHSCAD52736,NHS,3,iccad5
NHSCAD5585.png,NHSCAD5585,NHS,0,iccad5
NHSCAD51398.png,NHSCAD51398,NHS,4,iccad5
NHSCAD51781.png,NHSCAD51781,NHS,4,iccad5
NHSCAD5409.png,NHSCAD5409,NHS,2,iccad5
NHSCAD51578.png,NHSCAD51578,NHS,2,iccad5
NHSCAD51424.png,NHSCAD51424,NHS,2,iccad5
NHSCAD51144.png,NHSCAD51144,NHS,4,iccad5
NHSCAD52060.png,NHSCAD52060,NHS,3,iccad5
NHSCAD52311.png,NHSCAD52311,NHS,4,iccad5
NHSCAD5127.png,NHSCAD5127,NHS,3,iccad5
HSCAD516.png,HSCAD516,HS,3,iccad5
NHSCAD5295.png,NHSCAD5295,NHS,0,iccad5
NHSCAD51045.png,NHSCAD51045,NHS,1,iccad5
NHSCAD5987.png,NHSCAD5987,NHS,2,iccad5
NHSCAD52574.png,NHSCAD52574,NHS,2,iccad5
NHSCAD52571.png,NHSCAD52571,NHS,0,iccad5
NHSCAD5963.png,NHSCAD5963,NHS,1,iccad5
NHSCAD51953.png,NHSCAD51953,NHS,4,iccad5
NHSCAD52066.png,NHSCAD52066,NHS,4,iccad5
NHSCAD5117.png,NHSCAD5117,NHS,2,iccad5
NHSCAD51438.png,NHSCAD51438,NHS,2,iccad5
NHSCAD52365.png,NHSCAD52365,NHS,0,iccad5
NHSCAD5817.png,NHSCAD5817,NHS,1,iccad5
NHSCAD5344.png,NHSCAD5344,NHS,1,iccad5
NHSCAD52529.png,NHSCAD52529,NHS,2,iccad5
NHSCAD51148.png,NHSCAD51148,NHS,2,iccad5
NHSCAD52621.png,NHSCAD52621,NHS,1,iccad5
NHSCAD51283.png,NHSCAD51283,NHS,2,iccad5
NHSCAD51124.png,NHSCAD51124,NHS,1,iccad5
NHSCAD52234.png,NHSCAD52234,NHS,4,iccad5
NHSCAD51972.png,NHSCAD51972,NHS,0,iccad5
NHSCAD5102.png,NHSCAD5102,NHS,3,iccad5
NHSCAD51760.png,NHSCAD51760,NHS,2,iccad5
NHSCAD52409.png,NHSCAD52409,NHS,1,iccad5
NHSCAD51122.png,NHSCAD51122,NHS,0,iccad5
NHSCAD51821.png,NHSCAD51821,NHS,1,iccad5
NHSCAD52340.png,NHSCAD52340,NHS,2,iccad5
NHSCAD51676.png,NHSCAD51676,NHS,1,iccad5
NHSCAD5424.png,NHSCAD5424,NHS,3,iccad5
NHSCAD52167.png,NHSCAD52167,NHS,1,iccad5
NHSCAD52224.png,NHSCAD52224,NHS,0,iccad5
NHSCAD51854.png,NHSCAD51854,NHS,4,iccad5
NHSCAD52581.png,NHSCAD52581,NHS,1,iccad5
NHSCAD51377.png,NHSCAD51377,NHS,0,iccad5
NHSCAD5660.png,NHSCAD5660,NHS,4,iccad5
NHSCAD5379.png,NHSCAD5379,NHS,3,iccad5
NHSCAD51608.png,NHSCAD51608,NHS,1,iccad5
NHSCAD5205.png,NHSCAD5205,NHS,0,iccad5
NHSCAD51072.png,NHSCAD51072,NHS,0,iccad5
NHSCAD5881.png,NHSCAD5881,NHS,1,iccad5
NHSCAD5444.png,NHSCAD5444,NHS,1,iccad5
NHSCAD5184.png,NHSCAD5184,NHS,1,iccad5
NHSCAD5911.png,NHSCAD5911,NHS,4,iccad5
NHSCAD5426.png,NHSCAD5426,NHS,1,iccad5
NHSCAD51908.png,NHSCAD51908,NHS,1,iccad5
NHSCAD51696.png,NHSCAD51696,NHS,0,iccad5
NHSCAD51631.png,NHSCAD51631,NHS,0,iccad5
NHSCAD52092.png,NHSCAD52092,NHS,3,iccad5
NHSCAD5248.png,NHSCAD5248,NHS,4,iccad5
HSCAD56.png,HSCAD56,HS,3,iccad5
NHSCAD5400.png,NHSCAD5400,NHS,4,iccad5
NHSCAD51628.png,NHSCAD51628,NHS,2,iccad5
NHSCAD51208.png,NHSCAD51208,NHS,0,iccad5
NHSCAD5910.png,NHSCAD5910,NHS,3,iccad5
NHSCAD5794.png,NHSCAD5794,NHS,1,iccad5
NHSCAD51832.png,NHSCAD51832,NHS,0,iccad5
NHSCAD5932.png,NHSCAD5932,NHS,2,iccad5
NHSCAD51024.png,NHSCAD51024,NHS,3,iccad5
NHSCAD5870.png,NHSCAD5870,NHS,4,iccad5
NHSCAD51903.png,NHSCAD51903,NHS,1,iccad5
NHSCAD5278.png,NHSCAD5278,NHS,3,iccad5
NHSCAD51768.png,NHSCAD51768,NHS,4,iccad5
NHSCAD5788.png,NHSCAD5788,NHS,4,iccad5
NHSCAD5217.png,NHSCAD5217,NHS,3,iccad5
NHSCAD51788.png,NHSCAD51788,NHS,2,iccad5
NHSCAD51564.png,NHSCAD51564,NHS,1,iccad5
NHSCAD5207.png,NHSCAD5207,NHS,3,iccad5
NHSCAD5251.png,NHSCAD5251,NHS,1,iccad5
NHSCAD51069.png,NHSCAD51069,NHS,1,iccad5
NHSCAD51612.png,NHSCAD51612,NHS,1,iccad5
NHSCAD51469.png,NHSCAD51469,NHS,1,iccad5
NHSCAD52314.png,NHSCAD52314,NHS,3,iccad5
NHSCAD5467.png,NHSCAD5467,NHS,0,iccad5
NHSCAD5155.png,NHSCAD5155,NHS,0,iccad5
HSCAD57.png,HSCAD57,HS,2,iccad5
NHSCAD5896.png,NHSCAD5896,NHS,2,iccad5
NHSCAD52046.png,NHSCAD52046,NHS,2,iccad5
NHSCAD51055.png,NHSCAD51055,NHS,2,iccad5
NHSCAD51040.png,NHSCAD51040,NHS,4,iccad5
NHSCAD5624.png,NHSCAD5624,NHS,4,iccad5
NHSCAD51931.png,NHSCAD51931,NHS,0,iccad5
NHSCAD51086.png,NHSCAD51086,NHS,0,iccad5
NHSCAD5641.png,NHSCAD5641,NHS,3,iccad5
NHSCAD51322.png,NHSCAD51322,NHS,0,iccad5
NHSCAD51644.png,NHSCAD51644,NHS,1,iccad5
NHSCAD51586.png,NHSCAD51586,NHS,0,iccad5
NHSCAD5161.png,NHSCAD5161,NHS,2,iccad5
NHSCAD52740.png,NHSCAD52740,NHS,3,iccad5
NHSCAD52525.png,NHSCAD52525,NHS,3,iccad5
NHSCAD5828.png,NHSCAD5828,NHS,3,iccad5
NHSCAD51744.png,NHSCAD51744,NHS,1,iccad5
NHSCAD5203.png,NHSCAD5203,NHS,4,iccad5
NHSCAD5769.png,NHSCAD5769,NHS,3,iccad5
NHSCAD52634.png,NHSCAD52634,NHS,0,iccad5
NHSCAD5673.png,NHSCAD5673,NHS,3,iccad5
NHSCAD52269.png,NHSCAD52269,NHS,3,iccad5
NHSCAD5676.png,NHSCAD5676,NHS,2,iccad5
NHSCAD5587.png,NHSCAD5587,NHS,2,iccad5
NHSCAD51765.png,NHSCAD51765,NHS,2,iccad5
NHSCAD51750.png,NHSCAD51750,NHS,0,iccad5
NHSCAD52552.png,NHSCAD52552,NHS,4,iccad5
NHSCAD5329.png,NHSCAD5329,NHS,4,iccad5
NHSCAD51342.png,NHSCAD51342,NHS,3,iccad5
NHSCAD5931.png,NHSCAD5931,NHS,1,iccad5
NHSCAD5343.png,NHSCAD5343,NHS,0,iccad5
NHSCAD51268.png,NHSCAD51268,NHS,0,iccad5
NHSCAD5773.png,NHSCAD5773,NHS,3,iccad5
NHSCAD51652.png,NHSCAD51652,NHS,4,iccad5
NHSCAD5597.png,NHSCAD5597,NHS,3,iccad5
NHSCAD51476.png,NHSCAD51476,NHS,4,iccad5
NHSCAD589.png,NHSCAD589,NHS,1,iccad5
NHSCAD5140.png,NHSCAD5140,NHS,0,iccad5
NHSCAD5482.png,NHSCAD5482,NHS,2,iccad5
NHSCAD51724.png,NHSCAD51724,NHS,2,iccad5
NHSCAD5266.png,NHSCAD5266,NHS,2,iccad5
NHSCAD51976.png,NHSCAD51976,NHS,4,iccad5
NHSCAD51104.png,NHSCAD51104,NHS,0,iccad5
NHSCAD52274.png,NHSCAD52274,NHS,0,iccad5
NHSCAD51472.png,NHSCAD51472,NHS,0,iccad5
NHSCAD52079.png,NHSCAD52079,NHS,3,iccad5
NHSCAD52247.png,NHSCAD52247,NHS,0,iccad5
NHSCAD52265.png,NHSCAD52265,NHS,0,iccad5
NHSCAD5810.png,NHSCAD5810,NHS,4,iccad5
NHSCAD52243.png,NHSCAD52243,NHS,4,iccad5
NHSCAD51375.png,NHSCAD51375,NHS,3,iccad5
NHSCAD5605.png,NHSCAD5605,NHS,3,iccad5
NHSCAD5841.png,NHSCAD5841,NHS,2,iccad5
NHSCAD5988.png,NHSCAD5988,NHS,4,iccad5
NHSCAD52394.png,NHSCAD52394,NHS,0,iccad5
NHSCAD5370.png,NHSCAD5370,NHS,0,iccad5
NHSCAD5269.png,NHSCAD5269,NHS,0,iccad5
NHSCAD5815.png,NHSCAD5815,NHS,4,iccad5
NHSCAD52611.png,NHSCAD52611,NHS,0,iccad5
NHSCAD52555.png,NHSCAD52555,NHS,0,iccad5
NHSCAD5724.png,NHSCAD5724,NHS,4,iccad5
NHSCAD5407.png,NHSCAD5407,NHS,0,iccad5
NHSCAD51386.png,NHSCAD51386,NHS,0,iccad5
NHSCAD51271.png,NHSCAD51271,NHS,4,iccad5
NHSCAD52254.png,NHSCAD52254,NHS,2,iccad5
NHSCAD5219.png,NHSCAD5219,NHS,1,iccad5
NHSCAD51787.png,NHSCAD51787,NHS,0,iccad5
NHSCAD51060.png,NHSCAD51060,NHS,1,iccad5
NHSCAD5364.png,NHSCAD5364,NHS,4,iccad5
NHSCAD51893.png,NHSCAD51893,NHS,3,iccad5
NHSCAD5327.png,NHSCAD5327,NHS,2,iccad5
NHSCAD51984.png,NHSCAD51984,NHS,3,iccad5
NHSCAD5861.png,NHSCAD5861,NHS,4,iccad5
NHSCAD51279.png,NHSCAD51279,NHS,2,iccad5
NHSCAD5744.png,NHSCAD5744,NHS,1,iccad5
NHSCAD51825.png,NHSCAD51825,NHS,3,iccad5
NHSCAD52556.png,NHSCAD52556,NHS,2,iccad5
NHSCAD5757.png,NHSCAD5757,NHS,0,iccad5
NHSCAD5718.png,NHSCAD5718,NHS,2,iccad5
NHSCAD5153.png,NHSCAD5153,NHS,3,iccad5
NHSCAD5301.png,NHSCAD5301,NHS,4,iccad5
NHSCAD5976.png,NHSCAD5976,NHS,0,iccad5
NHSCAD51531.png,NHSCAD51531,NHS,0,iccad5
NHSCAD52185.png,NHSCAD52185,NHS,1,iccad5
NHSCAD52091.png,NHSCAD52091,NHS,2,iccad5
NHSCAD51924.png,NHSCAD51924,NHS,4,iccad5
NHSCAD5512.png,NHSCAD5512,NHS,0,iccad5
NHSCAD51576.png,NHSCAD51576,NHS,1,iccad5
NHSCAD52025.png,NHSCAD52025,NHS,4,iccad5
NHSCAD5684.png,NHSCAD5684,NHS,1,iccad5
NHSCAD52363.png,NHSCAD52363,NHS,2,iccad5
NHSCAD51719.png,NHSCAD51719,NHS,0,iccad5
NHSCAD5777.png,NHSCAD5777,NHS,2,iccad5
NHSCAD5904.png,NHSCAD5904,NHS,1,iccad5
NHSCAD51927.png,NHSCAD51927,NHS,0,iccad5
NHSCAD52053.png,NHSCAD52053,NHS,1,iccad5
NHSCAD5427.png,NHSCAD5427,NHS,2,iccad5
NHSCAD5362.png,NHSCAD5362,NHS,1,iccad5
NHSCAD51630.png,NHSCAD51630,NHS,1,iccad5
NHSCAD5575.png,NHSCAD5575,NHS,4,iccad5
NHSCAD5617.png,NHSCAD5617,NHS,0,iccad5
NHSCAD5220.png,NHSCAD5220,NHS,2,iccad5
NHSCAD52616.png,NHSCAD52616,NHS,0,iccad5
NHSCAD5979.png,NHSCAD5979,NHS,3,iccad5
NHSCAD52402.png,NHSCAD52402,NHS,4,iccad5
NHSCAD52442.png,NHSCAD52442,NHS,2,iccad5
NHSCAD52653.png,NHSCAD52653,NHS,1,iccad5
NHSCAD51326.png,NHSCAD51326,NHS,4,iccad5
NHSCAD52295.png,NHSCAD52295,NHS,2,iccad5
NHSCAD52275.png,NHSCAD52275,NHS,4,iccad5
NHSCAD5168.png,NHSCAD5168,NHS,3,iccad5
NHSCAD52685.png,NHSCAD52685,NHS,1,iccad5
NHSCAD5695.png,NHSCAD5695,NHS,2,iccad5
NHSCAD52304.png,NHSCAD52304,NHS,2,iccad5
NHSCAD52073.png,NHSCAD52073,NHS,2,iccad5
NHSCAD5382.png,NHSCAD5382,NHS,4,iccad5
NHSCAD51559.png,NHSCAD51559,NHS,0,iccad5
NHSCAD5339.png,NHSCAD5339,NHS,0,iccad5
NHSCAD5214.png,NHSCAD5214,NHS,1,iccad5
NHSCAD52671.png,NHSCAD52671,NHS,1,iccad5
NHSCAD51121.png,NHSCAD51121,NHS,4,iccad5
NHSCAD51822.png,NHSCAD51822,NHS,4,iccad5
NHSCAD51450.png,NHSCAD51450,NHS,1,iccad5
NHSCAD52459.png,NHSCAD52459,NHS,3,iccad5
NHSCAD563.png,NHSCAD563,NHS,1,iccad5
NHSCAD52542.png,NHSCAD52542,NHS,2,iccad5
NHSCAD51036.png,NHSCAD51036,NHS,1,iccad5
NHSCAD52692.png,NHSCAD52692,NHS,3,iccad5
NHSCAD51298.png,NHSCAD51298,NHS,3,iccad5
NHSCAD51420.png,NHSCAD51420,NHS,3,iccad5
NHSCAD5179.png,NHSCAD5179,NHS,1,iccad5
NHSCAD52586.png,NHSCAD52586,NHS,1,iccad5
NHSCAD5353.png,NHSCAD5353,NHS,1,iccad5
NHSCAD52656.png,NHSCAD52656,NHS,4,iccad5
NHSCAD5950.png,NHSCAD5950,NHS,2,iccad5
NHSCAD51767.png,NHSCAD51767,NHS,1,iccad5
NHSCAD51057.png,NHSCAD51057,NHS,4,iccad5
NHSCAD52260.png,NHSCAD52260,NHS,0,iccad5
NHSCAD52703.png,NHSCAD52703,NHS,1,iccad5
NHSCAD51493.png,NHSCAD51493,NHS,3,iccad5
NHSCAD52144.png,NHSCAD52144,NHS,1,iccad5
NHSCAD51240.png,NHSCAD51240,NHS,0,iccad5
NHSCAD5680.png,NHSCAD5680,NHS,2,iccad5
NHSCAD5655.png,NHSCAD5655,NHS,3,iccad5
NHSCAD52528.png,NHSCAD52528,NHS,1,iccad5
NHSCAD51975.png,NHSCAD51975,NHS,3,iccad5
NHSCAD51964.png,NHSCAD51964,NHS,1,iccad5
NHSCAD5469.png,NHSCAD5469,NHS,2,iccad5
NHSCAD52164.png,NHSCAD52164,NHS,2,iccad5
NHSCAD52145.png,NHSCAD52145,NHS,0,iccad5
NHSCAD51941.png,NHSCAD51941,NHS,1,iccad5
NHSCAD5454.png,NHSCAD5454,NHS,2,iccad5
NHSCAD51960.png,NHSCAD51960,NHS,2,iccad5
NHSCAD5118.png,NHSCAD5118,NHS,3,iccad5
NHSCAD52718.png,NHSCAD52718,NHS,3,iccad5
NHSCAD5464.png,NHSCAD5464,NHS,2,iccad5
NHSCAD51389.png,NHSCAD51389,NHS,3,iccad5
NHSCAD52486.png,NHSCAD52486,NHS,3,iccad5
NHSCAD52587.png,NHSCAD52587,NHS,3,iccad5
NHSCAD51379.png,NHSCAD51379,NHS,2,iccad5
NHSCAD5418.png,NHSCAD5418,NHS,2,iccad5
NHSCAD51956.png,NHSCAD51956,NHS,2,iccad5
NHSCAD5781.png,NHSCAD5781,NHS,2,iccad5
NHSCAD51805.png,NHSCAD51805,NHS,0,iccad5
HSCAD513.png,HSCAD513,HS,2,iccad5
NHSCAD52011.png,NHSCAD52011,NHS,4,iccad5
NHSCAD51212.png,NHSCAD51212,NHS,4,iccad5
NHSCAD52705.png,NHSCAD52705,NHS,3,iccad5
NHSCAD52464.png,NHSCAD52464,NHS,1,iccad5
NHSCAD5450.png,NHSCAD5450,NHS,4,iccad5
NHSCAD5547.png,NHSCAD5547,NHS,3,iccad5
NHSCAD51213.png,NHSCAD51213,NHS,0,iccad5
NHSCAD51753.png,NHSCAD51753,NHS,1,iccad5
NHSCAD51305.png,NHSCAD51305,NHS,2,iccad5
NHSCAD51175.png,NHSCAD51175,NHS,3,iccad5
NHSCAD5451.png,NHSCAD5451,NHS,3,iccad5
NHSCAD51914.png,NHSCAD51914,NHS,2,iccad5
NHSCAD5985.png,NHSCAD5985,NHS,0,iccad5
NHSCAD51879.png,NHSCAD51879,NHS,0,iccad5
NHSCAD51063.png,NHSCAD51063,NHS,1,iccad5
NHSCAD52213.png,NHSCAD52213,NHS,2,iccad5
NHSCAD52709.png,NHSCAD52709,NHS,2,iccad5
NHSCAD52390.png,NHSCAD52390,NHS,1,iccad5
NHSCAD51703.png,NHSCAD51703,NHS,1,iccad5
NHSCAD51826.png,NHSCAD51826,NHS,1,iccad5
NHSCAD51645.png,NHSCAD51645,NHS,0,iccad5
NHSCAD539.png,NHSCAD539,NHS,1,iccad5
NHSCAD52233.png,NHSCAD52233,NHS,0,iccad5
NHSCAD5356.png,NHSCAD5356,NHS,3,iccad5
NHSCAD52016.png,NHSCAD52016,NHS,4,iccad5
NHSCAD5517.png,NHSCAD5517,NHS,0,iccad5
NHSCAD51583.png,NHSCAD51583,NHS,3,iccad5
NHSCAD5628.png,NHSCAD5628,NHS,3,iccad5
NHSCAD5116.png,NHSCAD5116,NHS,3,iccad5
NHSCAD52089.png,NHSCAD52089,NHS,4,iccad5
NHSCAD51245.png,NHSCAD51245,NHS,0,iccad5
NHSCAD5323.png,NHSCAD5323,NHS,3,iccad5
NHSCAD5819.png,NHSCAD5819,NHS,3,iccad5
NHSCAD5701.png,NHSCAD5701,NHS,4,iccad5
NHSCAD5664.png,NHSCAD5664,NHS,3,iccad5
NHSCAD51712.png,NHSCAD51712,NHS,1,iccad5
NHSCAD52445.png,NHSCAD52445,NHS,0,iccad5
NHSCAD51902.png,NHSCAD51902,NHS,3,iccad5
NHSCAD52662.png,NHSCAD52662,NHS,1,iccad5
HSCAD518.png,HSCAD518,HS,0,iccad5
NHSCAD51751.png,NHSCAD51751,NHS,2,iccad5
NHSCAD5193.png,NHSCAD5193,NHS,4,iccad5
NHSCAD52334.png,NHSCAD52334,NHS,4,iccad5
NHSCAD5762.png,NHSCAD5762,NHS,1,iccad5
NHSCAD52351.png,NHSCAD52351,NHS,0,iccad5
NHSCAD5311.png,NHSCAD5311,NHS,0,iccad5
NHSCAD5359.png,NHSCAD5359,NHS,2,iccad5
NHSCAD51336.png,NHSCAD51336,NHS,0,iccad5
NHSCAD5325.png,NHSCAD5325,NHS,0,iccad5
NHSCAD5144.png,NHSCAD5144,NHS,4,iccad5
NHSCAD51025.png,NHSCAD51025,NHS,4,iccad5
NHSCAD51179.png,NHSCAD51179,NHS,2,iccad5
NHSCAD51844.png,NHSCAD51844,NHS,1,iccad5
NHSCAD52216.png,NHSCAD52216,NHS,4,iccad5
NHSCAD52371.png,NHSCAD52371,NHS,1,iccad5
NHSCAD51473.png,NHSCAD51473,NHS,1,iccad5
NHSCAD5453.png,NHSCAD5453,NHS,1,iccad5
NHSCAD5687.png,NHSCAD5687,NHS,3,iccad5
NHSCAD51871.png,NHSCAD51871,NHS,1,iccad5
NHSCAD51961.png,NHSCAD51961,NHS,3,iccad5
NHSCAD51928.png,NHSCAD51928,NHS,1,iccad5
NHSCAD52487.png,NHSCAD52487,NHS,1,iccad5
NHSCAD52690.png,NHSCAD52690,NHS,1,iccad5
NHSCAD52523.png,NHSCAD52523,NHS,1,iccad5
NHSCAD51517.png,NHSCAD51517,NHS,4,iccad5
NHSCAD5577.png,NHSCAD5577,NHS,1,iccad5
NHSCAD51742.png,NHSCAD51742,NHS,2,iccad5
NHSCAD51174.png,NHSCAD51174,NHS,2,iccad5
NHSCAD5688.png,NHSCAD5688,NHS,4,iccad5
NHSCAD51339.png,NHSCAD51339,NHS,3,iccad5
NHSCAD51087.png,NHSCAD51087,NHS,3,iccad5
NHSCAD5926.png,NHSCAD5926,NHS,0,iccad5
NHSCAD5961.png,NHSCAD5961,NHS,4,iccad5
NHSCAD545.png,NHSCAD545,NHS,2,iccad5
NHSCAD5681.png,NHSCAD5681,NHS,0,iccad5
NHSCAD5405.png,NHSCAD5405,NHS,4,iccad5
NHSCAD52480.png,NHSCAD52480,NHS,0,iccad5
NHSCAD5888.png,NHSCAD5888,NHS,3,iccad5
NHSCAD52308.png,NHSCAD52308,NHS,1,iccad5
NHSCAD5125.png,NHSCAD5125,NHS,0,iccad5
NHSCAD5175.png,NHSCAD5175,NHS,4,iccad5
NHSCAD5120.png,NHSCAD5120,NHS,0,iccad5
NHSCAD51463.png,NHSCAD51463,NHS,0,iccad5
NHSCAD51663.png,NHSCAD51663,NHS,4,iccad5
NHSCAD51664.png,NHSCAD51664,NHS,0,iccad5
NHSCAD5561.png,NHSCAD5561,NHS,4,iccad5
NHSCAD51348.png,NHSCAD51348,NHS,4,iccad5
NHSCAD51417.png,NHSCAD51417,NHS,4,iccad5
NHSCAD5784.png,NHSCAD5784,NHS,0,iccad5
NHSCAD51394.png,NHSCAD51394,NHS,0,iccad5
NHSCAD5522.png,NHSCAD5522,NHS,1,iccad5
NHSCAD51624.png,NHSCAD51624,NHS,3,iccad5
NHSCAD5509.png,NHSCAD5509,NHS,1,iccad5
NHSCAD51156.png,NHSCAD51156,NHS,2,iccad5
NHSCAD5803.png,NHSCAD5803,NHS,1,iccad5
NHSCAD52232.png,NHSCAD52232,NHS,3,iccad5
HSCAD59.png,HSCAD59,HS,0,iccad5
NHSCAD5236.png,NHSCAD5236,NHS,3,iccad5
NHSCAD51194.png,NHSCAD51194,NHS,4,iccad5
NHSCAD51106.png,NHSCAD51106,NHS,2,iccad5
NHSCAD52093.png,NHSCAD52093,NHS,4,iccad5
NHSCAD5100.png,NHSCAD5100,NHS,2,iccad5
NHSCAD51820.png,NHSCAD51820,NHS,3,iccad5
NHSCAD51977.png,NHSCAD51977,NHS,0,iccad5
NHSCAD51829.png,NHSCAD51829,NHS,2,iccad5
NHSCAD51070.png,NHSCAD51070,NHS,3,iccad5
NHSCAD5599.png,NHSCAD5599,NHS,1,iccad5
NHSCAD52447.png,NHSCAD52447,NHS,2,iccad5
NHSCAD52545.png,NHSCAD52545,NHS,0,iccad5
NHSCAD52361.png,NHSCAD52361,NHS,4,iccad5
NHSCAD535.png,NHSCAD535,NHS,2,iccad5
NHSCAD51710.png,NHSCAD51710,NHS,2,iccad5
NHSCAD5282.png,NHSCAD5282,NHS,3,iccad5
NHSCAD5839.png,NHSCAD5839,NHS,4,iccad5
NHSCAD51366.png,NHSCAD51366,NHS,3,iccad5
NHSCAD51860.png,NHSCAD51860,NHS,2,iccad5
NHSCAD52030.png,NHSCAD52030,NHS,1,iccad5
NHSCAD5692.png,NHSCAD5692,NHS,4,iccad5
NHSCAD5755.png,NHSCAD5755,NHS,3,iccad5
NHSCAD52148.png,NHSCAD52148,NHS,4,iccad5
NHSCAD5820.png,NHSCAD5820,NHS,0,iccad5
NHSCAD52469.png,NHSCAD52469,NHS,1,iccad5
NHSCAD51100.png,NHSCAD51100,NHS,3,iccad5
NHSCAD52299.png,NHSCAD52299,NHS,1,iccad5
NHSCAD52536.png,NHSCAD52536,NHS,0,iccad5
NHSCAD5392.png,NHSCAD5392,NHS,3,iccad5
NHSCAD5608.png,NHSCAD5608,NHS,0,iccad5
NHSCAD5148.png,NHSCAD5148,NHS,3,iccad5
NHSCAD52251.png,NHSCAD52251,NHS,0,iccad5
NHSCAD51178.png,NHSCAD51178,NHS,1,iccad5
NHSCAD5431.png,NHSCAD5431,NHS,2,iccad5
NHSCAD51391.png,NHSCAD51391,NHS,1,iccad5
NHSCAD5123.png,NHSCAD5123,NHS,3,iccad5
NHSCAD5445.png,NHSCAD5445,NHS,2,iccad5
NHSCAD5273.png,NHSCAD5273,NHS,2,iccad5
NHSCAD52698.png,NHSCAD52698,NHS,4,iccad5
NHSCAD51513.png,NHSCAD51513,NHS,0,iccad5
NHSCAD51481.png,NHSCAD51481,NHS,0,iccad5
NHSCAD51047.png,NHSCAD51047,NHS,3,iccad5
NHSCAD52341.png,NHSCAD52341,NHS,3,iccad5
NHSCAD51968.png,NHSCAD51968,NHS,1,iccad5
NHSCAD52101.png,NHSCAD52101,NHS,3,iccad5
NHSCAD51259.png,NHSCAD51259,NHS,4,iccad5
NHSCAD5212.png,NHSCAD5212,NHS,3,iccad5
NHSCAD5634.png,NHSCAD5634,NHS,1,iccad5
NHSCAD5250.png,NHSCAD5250,NHS,3,iccad5
NHSCAD5924.png,NHSCAD5924,NHS,3,iccad5
NHSCAD51775.png,NHSCAD51775,NHS,3,iccad5
NHSCAD542.png,NHSCAD542,NHS,3,iccad5
NHSCAD52420.png,NHSCAD52420,NHS,4,iccad5
NHSCAD51779.png,NHSCAD51779,NHS,2,iccad5
NHSCAD52005.png,NHSCAD52005,NHS,2,iccad5
NHSCAD5720.png,NHSCAD5720,NHS,0,iccad5
NHSCAD52330.png,NHSCAD52330,NHS,1,iccad5
NHSCAD5142.png,NHSCAD5142,NHS,2,iccad5
NHSCAD51314.png,NHSCAD51314,NHS,1,iccad5
NHSCAD5238.png,NHSCAD5238,NHS,4,iccad5
NHSCAD5281.png,NHSCAD5281,NHS,0,iccad5
NHSCAD51514.png,NHSCAD51514,NHS,1,iccad5
NHSCAD52076.png,NHSCAD52076,NHS,1,iccad5
NHSCAD52738.png,NHSCAD52738,NHS,1,iccad5
NHSCAD51799.png,NHSCAD51799,NHS,1,iccad5
NHSCAD5404.png,NHSCAD5404,NHS,2,iccad5
NHSCAD51265.png,NHSCAD51265,NHS,2,iccad5
NHSCAD52071.png,NHSCAD52071,NHS,1,iccad5
NHSCAD51078.png,NHSCAD51078,NHS,1,iccad5
NHSCAD51885.png,NHSCAD51885,NHS,1,iccad5
NHSCAD51103.png,NHSCAD51103,NHS,4,iccad5
NHSCAD5438.png,NHSCAD5438,NHS,3,iccad5
NHSCAD52417.png,NHSCAD52417,NHS,0,iccad5
NHSCAD5751.png,NHSCAD5751,NHS,4,iccad5
NHSCAD52526.png,NHSCAD52526,NHS,4,iccad5
NHSCAD51258.png,NHSCAD51258,NHS,0,iccad5
NHSCAD52665.png,NHSCAD52665,NHS,4,iccad5
NHSCAD51010.png,NHSCAD51010,NHS,3,iccad5
NHSCAD51465.png,NHSCAD51465,NHS,2,iccad5
NHSCAD5422.png,NHSCAD5422,NHS,2,iccad5
NHSCAD52630.png,NHSCAD52630,NHS,1,iccad5
NHSCAD52135.png,NHSCAD52135,NHS,1,iccad5
NHSCAD52695.png,NHSCAD52695,NHS,1,iccad5
NHSCAD5790.png,NHSCAD5790,NHS,2,iccad5
NHSCAD51421.png,NHSCAD51421,NHS,4,iccad5
NHSCAD51516.png,NHSCAD51516,NHS,3,iccad5
NHSCAD5267.png,NHSCAD5267,NHS,4,iccad5
NHSCAD52576.png,NHSCAD52576,NHS,0,iccad5
NHSCAD51110.png,NHSCAD51110,NHS,1,iccad5
NHSCAD51182.png,NHSCAD51182,NHS,1,iccad5
NHSCAD5340.png,NHSCAD5340,NHS,2,iccad5
NHSCAD51461.png,NHSCAD51461,NHS,3,iccad5
NHSCAD582.png,NHSCAD582,NHS,4,iccad5
NHSCAD52001.png,NHSCAD52001,NHS,3,iccad5
NHSCAD5804.png,NHSCAD5804,NHS,2,iccad5
NHSCAD52689.png,NHSCAD52689,NHS,4,iccad5
NHSCAD51610.png,NHSCAD51610,NHS,3,iccad5
NHSCAD52517.png,NHSCAD52517,NHS,4,iccad5
NHSCAD51138.png,NHSCAD51138,NHS,2,iccad5
NHSCAD5972.png,NHSCAD5972,NHS,1,iccad5
NHSCAD5780.png,NHSCAD5780,NHS,1,iccad5
NHSCAD52136.png,NHSCAD52136,NHS,0,iccad5
NHSCAD5802.png,NHSCAD5802,NHS,0,iccad5
NHSCAD51691.png,NHSCAD51691,NHS,0,iccad5
NHSCAD5978.png,NHSCAD5978,NHS,2,iccad5
NHSCAD5197.png,NHSCAD5197,NHS,3,iccad5
NHSCAD51159.png,NHSCAD51159,NHS,0,iccad5
NHSCAD5925.png,NHSCAD5925,NHS,4,iccad5
NHSCAD51769.png,NHSCAD51769,NHS,0,iccad5
NHSCAD5460.png,NHSCAD5460,NHS,4,iccad5
NHSCAD5763.png,NHSCAD5763,NHS,2,iccad5
NHSCAD51935.png,NHSCAD51935,NHS,4,iccad5
NHSCAD51048.png,NHSCAD51048,NHS,4,iccad5
NHSCAD52129.png,NHSCAD52129,NHS,3,iccad5
NHSCAD5991.png,NHSCAD5991,NHS,2,iccad5
NHSCAD5555.png,NHSCAD5555,NHS,2,iccad5
NHSCAD51061.png,NHSCAD51061,NHS,2,iccad5
NHSCAD51895.png,NHSCAD51895,NHS,2,iccad5
NHSCAD5218.png,NHSCAD5218,NHS,4,iccad5
NHSCAD52504.png,NHSCAD52504,NHS,3,iccad5
NHSCAD51888.png,NHSCAD51888,NHS,0,iccad5
NHSCAD51743.png,NHSCAD51743,NHS,3,iccad5
NHSCAD5674.png,NHSCAD5674,NHS,4,iccad5
NHSCAD5274.png,NHSCAD5274,NHS,0,iccad5
NHSCAD5530.png,NHSCAD5530,NHS,0,iccad5
NHSCAD5280.png,NHSCAD5280,NHS,2,iccad5
NHSCAD5596.png,NHSCAD5596,NHS,2,iccad5
NHSCAD5754.png,NHSCAD5754,NHS,2,iccad5
NHSCAD51263.png,NHSCAD51263,NHS,0,iccad5
NHSCAD51211.png,NHSCAD51211,NHS,3,iccad5
NHSCAD51370.png,NHSCAD51370,NHS,3,iccad5
NHSCAD5371.png,NHSCAD5371,NHS,1,iccad5
NHSCAD51414.png,NHSCAD51414,NHS,1,iccad5
HSCAD55.png,HSCAD55,HS,1,iccad5
NHSCAD5652.png,NHSCAD5652,NHS,1,iccad5
NHSCAD52388.png,NHSCAD52388,NHS,3,iccad5
NHSCAD5791.png,NHSCAD5791,NHS,3,iccad5
NHSCAD52043.png,NHSCAD52043,NHS,4,iccad5
NHSCAD52495.png,NHSCAD52495,NHS,3,iccad5
NHSCAD52063.png,NHSCAD52063,NHS,0,iccad5
NHSCAD52199.png,NHSCAD52199,NHS,1,iccad5
HSCAD510.png,HSCAD510,HS,2,iccad5
NHSCAD5146.png,NHSCAD5146,NHS,1,iccad5
NHSCAD5644.png,NHSCAD5644,NHS,0,iccad5
NHSCAD5211.png,NHSCAD5211,NHS,2,iccad5
NHSCAD51282.png,NHSCAD51282,NHS,1,iccad5
NHSCAD5542.png,NHSCAD5542,NHS,3,iccad5
NHSCAD51350.png,NHSCAD51350,NHS,2,iccad5
NHSCAD51638.png,NHSCAD51638,NHS,3,iccad5
NHSCAD52419.png,NHSCAD52419,NHS,2,iccad5
NHSCAD5198.png,NHSCAD5198,NHS,3,iccad5
NHSCAD51681.png,NHSCAD51681,NHS,4,iccad5
NHSCAD5968.png,NHSCAD5968,NHS,1,iccad5
NHSCAD52603.png,NHSCAD52603,NHS,1,iccad5
NHSCAD5271.png,NHSCAD5271,NHS,3,iccad5
NHSCAD5483.png,NHSCAD5483,NHS,3,iccad5
NHSCAD51255.png,NHSCAD51255,NHS,1,iccad5
NHSCAD52666.png,NHSCAD52666,NHS,0,iccad5
NHSCAD51056.png,NHSCAD51056,NHS,3,iccad5
NHSCAD52321.png,NHSCAD52321,NHS,1,iccad5
NHSCAD52463.png,NHSCAD52463,NHS,3,iccad5
NHSCAD52657.png,NHSCAD52657,NHS,0,iccad5
NHSCAD51288.png,NHSCAD51288,NHS,2,iccad5
NHSCAD5913.png,NHSCAD5913,NHS,1,iccad5
NHSCAD51877.png,NHSCAD51877,NHS,2,iccad5
NHSCAD5191.png,NHSCAD5191,NHS,0,iccad5
NHSCAD51031.png,NHSCAD51031,NHS,0,iccad5
NHSCAD51497.png,NHSCAD51497,NHS,2,iccad5
NHSCAD5855.png,NHSCAD5855,NHS,2,iccad5
NHSCAD51678.png,NHSCAD51678,NHS,0,iccad5
NHSCAD5954.png,NHSCAD5954,NHS,1,iccad5
NHSCAD51982.png,NHSCAD51982,NHS,1,iccad5
NHSCAD51634.png,NHSCAD51634,NHS,4,iccad5
NHSCAD51142.png,NHSCAD51142,NHS,2,iccad5
NHSCAD5216.png,NHSCAD5216,NHS,2,iccad5
NHSCAD5607.png,NHSCAD5607,NHS,1,iccad5
NHSCAD52138.png,NHSCAD52138,NHS,3,iccad5
NHSCAD51651.png,NHSCAD51651,NHS,3,iccad5
NHSCAD52049.png,NHSCAD52049,NHS,1,iccad5
NHSCAD5326.png,NHSCAD5326,NHS,1,iccad5
NHSCAD51837.png,NHSCAD51837,NHS,0,iccad5
NHSCAD5195.png,NHSCAD5195,NHS,0,iccad5
NHSCAD51166.png,NHSCAD51166,NHS,4,iccad5
NHSCAD51865.png,NHSCAD51865,NHS,0,iccad5
NHSCAD51547.png,NHSCAD51547,NHS,2,iccad5
NHSCAD52663.png,NHSCAD52663,NHS,3,iccad5
NHSCAD52067.png,NHSCAD52067,NHS,1,iccad5
NHSCAD5727.png,NHSCAD5727,NHS,2,iccad5
NHSCAD51371.png,NHSCAD51371,NHS,4,iccad5
NHSCAD51575.png,NHSCAD51575,NHS,4,iccad5
NHSCAD5300.png,NHSCAD5300,NHS,3,iccad5
NHSCAD5847.png,NHSCAD5847,NHS,3,iccad5
NHSCAD51714.png,NHSCAD51714,NHS,0,iccad5
NHSCAD51262.png,NHSCAD51262,NHS,4,iccad5
NHSCAD51205.png,NHSCAD51205,NHS,1,iccad5
NHSCAD51936.png,NHSCAD51936,NHS,0,iccad5
NHSCAD51140.png,NHSCAD51140,NHS,0,iccad5
NHSCAD51143.png,NHSCAD51143,NHS,3,iccad5
NHSCAD5397.png,NHSCAD5397,NHS,3,iccad5
NHSCAD5733.png,NHSCAD5733,NHS,4,iccad5
NHSCAD543.png,NHSCAD543,NHS,0,iccad5
NHSCAD52676.png,NHSCAD52676,NHS,1,iccad5
NHSCAD52370.png,NHSCAD52370,NHS,4,iccad5
NHSCAD5484.png,NHSCAD5484,NHS,4,iccad5
NHSCAD52433.png,NHSCAD52433,NHS,3,iccad5
NHSCAD5163.png,NHSCAD5163,NHS,4,iccad5
NHSCAD51334.png,NHSCAD51334,NHS,3,iccad5
NHSCAD5671.png,NHSCAD5671,NHS,0,iccad5
NHSCAD5532.png,NHSCAD5532,NHS,2,iccad5
NHSCAD51882.png,NHSCAD51882,NHS,4,iccad5
NHSCAD51082.png,NHSCAD51082,NHS,0,iccad5
NHSCAD51878.png,NHSCAD51878,NHS,4,iccad5
NHSCAD52735.png,NHSCAD52735,NHS,0,iccad5
NHSCAD51533.png,NHSCAD51533,NHS,2,iccad5
NHSCAD529.png,NHSCAD529,NHS,2,iccad5
NHSCAD592.png,NHSCAD592,NHS,3,iccad5
NHSCAD5808.png,NHSCAD5808,NHS,1,iccad5
NHSCAD5610.png,NHSCAD5610,NHS,4,iccad5
NHSCAD52650.png,NHSCAD52650,NHS,2,iccad5
NHSCAD5538.png,NHSCAD5538,NHS,3,iccad5
NHSCAD5694.png,NHSCAD5694,NHS,1,iccad5
NHSCAD51199.png,NHSCAD51199,NHS,4,iccad5
NHSCAD51565.png,NHSCAD51565,NHS,2,iccad5
NHSCAD51361.png,NHSCAD51361,NHS,3,iccad5
NHSCAD52088.png,NHSCAD52088,NHS,3,iccad5
NHSCAD5543.png,NHSCAD5543,NHS,4,iccad5
NHSCAD52009.png,NHSCAD52009,NHS,0,iccad5
NHSCAD5103.png,NHSCAD5103,NHS,4,iccad5
NHSCAD52456.png,NHSCAD52456,NHS,3,iccad5
NHSCAD5384.png,NHSCAD5384,NHS,0,iccad5
NHSCAD51026.png,NHSCAD51026,NHS,0,iccad5
NHSCAD52719.png,NHSCAD52719,NHS,4,iccad5
NHSCAD52481.png,NHSCAD52481,NHS,3,iccad5
NHSCAD52161.png,NHSCAD52161,NHS,4,iccad5
NHSCAD52580.png,NHSCAD52580,NHS,0,iccad5
HSCAD515.png,HSCAD515,HS,1,iccad5
NHSCAD51220.png,NHSCAD51220,NHS,3,iccad5
NHSCAD52368.png,NHSCAD52368,NHS,2,iccad5
NHSCAD5185.png,NHSCAD5185,NHS,4,iccad5
NHSCAD51112.png,NHSCAD51112,NHS,4,iccad5
NHSCAD51090.png,NHSCAD51090,NHS,2,iccad5
NHSCAD52474.png,NHSCAD52474,NHS,2,iccad5
NHSCAD52157.png,NHSCAD52157,NHS,4,iccad5
NHSCAD5960.png,NHSCAD5960,NHS,3,iccad5
NHSCAD551.png,NHSCAD551,NHS,2,iccad5
NHSCAD5459.png,NHSCAD5459,NHS,1,iccad5
NHSCAD51794.png,NHSCAD51794,NHS,1,iccad5
NHSCAD5319.png,NHSCAD5319,NHS,3,iccad5
NHSCAD51409.png,NHSCAD51409,NHS,0,iccad5
NHSCAD52238.png,NHSCAD52238,NHS,0,iccad5
NHSCAD52453.png,NHSCAD52453,NHS,0,iccad5
NHSCAD51717.png,NHSCAD51717,NHS,1,iccad5
NHSCAD52172.png,NHSCAD52172,NHS,2,iccad5
NHSCAD5823.png,NHSCAD5823,NHS,3,iccad5
NHSCAD5341.png,NHSCAD5341,NHS,3,iccad5
NHSCAD5631.png,NHSCAD5631,NHS,2,iccad5
NHSCAD52437.png,NHSCAD52437,NHS,1,iccad5
NHSCAD5119.png,NHSCAD5119,NHS,4,iccad5
NHSCAD52062.png,NHSCAD52062,NHS,1,iccad5
NHSCAD52537.png,NHSCAD52537,NHS,1,iccad5
NHSCAD5375.png,NHSCAD5375,NHS,0,iccad5
NHSCAD52263.png,NHSCAD52263,NHS,2,iccad5
NHSCAD51311.png,NHSCAD51311,NHS,4,iccad5
NHSCAD5264.png,NHSCAD5264,NHS,1,iccad5
NHSCAD51665.png,NHSCAD51665,NHS,2,iccad5
NHSCAD5434.png,NHSCAD5434,NHS,0,iccad5
NHSCAD550.png,NHSCAD550,NHS,2,iccad5
NHSCAD5995.png,NHSCAD5995,NHS,1,iccad5
NHSCAD52578.png,NHSCAD52578,NHS,3,iccad5
NHSCAD52190.png,NHSCAD52190,NHS,2,iccad5
NHSCAD51007.png,NHSCAD51007,NHS,4,iccad5
NHSCAD51190.png,NHSCAD51190,NHS,0,iccad5
NHSCAD51164.png,NHSCAD51164,NHS,1,iccad5
NHSCAD52470.png,NHSCAD52470,NHS,4,iccad5
NHSCAD5852.png,NHSCAD5852,NHS,4,iccad5
NHSCAD52553.png,NHSCAD52553,NHS,1,iccad5
NHSCAD5237.png,NHSCAD5237,NHS,0,iccad5
NHSCAD52712.png,NHSCAD52712,NHS,1,iccad5
NHSCAD5447.png,NHSCAD5447,NHS,3,iccad5
NHSCAD52200.png,NHSCAD52200,NHS,3,iccad5
NHSCAD52648.png,NHSCAD52648,NHS,0,iccad5
NHSCAD51737.png,NHSCAD51737,NHS,0,iccad5
NHSCAD51589.png,NHSCAD51589,NHS,4,iccad5
NHSCAD52029.png,NHSCAD52029,NHS,3,iccad5
NHSCAD51059.png,NHSCAD51059,NHS,3,iccad5
NHSCAD5141.png,NHSCAD5141,NHS,1,iccad5
NHSCAD51384.png,NHSCAD51384,NHS,3,iccad5
NHSCAD51229.png,NHSCAD51229,NHS,2,iccad5
NHSCAD5346.png,NHSCAD5346,NHS,3,iccad5
NHSCAD51814.png,NHSCAD51814,NHS,0,iccad5
NHSCAD554.png,NHSCAD554,NHS,0,iccad5
NHSCAD549.png,NHSCAD549,NHS,0,iccad5
NHSCAD51330.png,NHSCAD51330,NHS,4,iccad5
NHSCAD5171.png,NHSCAD5171,NHS,0,iccad5
NHSCAD51857.png,NHSCAD51857,NHS,3,iccad5
NHSCAD52678.png,NHSCAD52678,NHS,4,iccad5
NHSCAD51952.png,NHSCAD51952,NHS,3,iccad5
NHSCAD52377.png,NHSCAD52377,NHS,2,iccad5
NHSCAD51494.png,NHSCAD51494,NHS,4,iccad5
NHSCAD51971.png,NHSCAD51971,NHS,4,iccad5
NHSCAD562.png,NHSCAD562,NHS,4,iccad5
NHSCAD52569.png,NHSCAD52569,NHS,0,iccad5
NHSCAD5235.png,NHSCAD5235,NHS,2,iccad5
NHSCAD51863.png,NHSCAD51863,NHS,2,iccad5
NHSCAD52496.png,NHSCAD52496,NHS,1,iccad5
NHSCAD52139.png,NHSCAD52139,NHS,4,iccad5
NHSCAD51416.png,NHSCAD51416,NHS,3,iccad5
NHSCAD51009.png,NHSCAD51009,NHS,0,iccad5
NHSCAD5586.png,NHSCAD5586,NHS,1,iccad5
NHSCAD51001.png,NHSCAD51001,NHS,3,iccad5
NHSCAD51827.png,NHSCAD51827,NHS,4,iccad5
NHSCAD51284.png,NHSCAD51284,NHS,3,iccad5
NHSCAD51512.png,NHSCAD51512,NHS,4,iccad5
NHSCAD51232.png,NHSCAD51232,NHS,1,iccad5
NHSCAD51601.png,NHSCAD51601,NHS,3,iccad5
NHSCAD5834.png,NHSCAD5834,NHS,0,iccad5
NHSCAD51808.png,NHSCAD51808,NHS,1,iccad5
NHSCAD52590.png,NHSCAD52590,NHS,1,iccad5
NHSCAD52468.png,NHSCAD52468,NHS,3,iccad5
NHSCAD5949.png,NHSCAD5949,NHS,0,iccad5
NHSCAD5635.png,NHSCAD5635,NHS,0,iccad5
NHSCAD52622.png,NHSCAD52622,NHS,3,iccad5
NHSCAD51918.png,NHSCAD51918,NHS,1,iccad5
NHSCAD51967.png,NHSCAD51967,NHS,0,iccad5
NHSCAD5573.png,NHSCAD5573,NHS,2,iccad5
NHSCAD5167.png,NHSCAD5167,NHS,2,iccad5
NHSCAD52249.png,NHSCAD52249,NHS,1,iccad5
NHSCAD51920.png,NHSCAD51920,NHS,3,iccad5
NHSCAD52248.png,NHSCAD52248,NHS,4,iccad5
NHSCAD5275.png,NHSCAD5275,NHS,1,iccad5
NHSCAD5151.png,NHSCAD5151,NHS,1,iccad5
NHSCAD52500.png,NHSCAD52500,NHS,1,iccad5
NHSCAD52732.png,NHSCAD52732,NHS,4,iccad5
NHSCAD52677.png,NHSCAD52677,NHS,3,iccad5
NHSCAD51338.png,NHSCAD51338,NHS,2,iccad5
NHSCAD52229.png,NHSCAD52229,NHS,0,iccad5
NHSCAD5787.png,NHSCAD5787,NHS,3,iccad5
NHSCAD5980.png,NHSCAD5980,NHS,0,iccad5
NHSCAD5166.png,NHSCAD5166,NHS,2,iccad5
NHSCAD51789.png,NHSCAD51789,NHS,3,iccad5
NHSCAD51406.png,NHSCAD51406,NHS,2,iccad5
NHSCAD51470.png,NHSCAD51470,NHS,3,iccad5
NHSCAD51834.png,NHSCAD51834,NHS,3,iccad5
NHSCAD51701.png,NHSCAD51701,NHS,2,iccad5
NHSCAD51126.png,NHSCAD51126,NHS,4,iccad5
NHSCAD51275.png,NHSCAD51275,NHS,3,iccad5
NHSCAD51798.png,NHSCAD51798,NHS,3,iccad5
NHSCAD52381.png,NHSCAD52381,NHS,0,iccad5
NHSCAD51439.png,NHSCAD51439,NHS,3,iccad5
NHSCAD52548.png,NHSCAD52548,NHS,3,iccad5
NHSCAD51210.png,NHSCAD51210,NHS,2,iccad5
NHSCAD52024.png,NHSCAD52024,NHS,3,iccad5
NHSCAD51254.png,NHSCAD51254,NHS,0,iccad5
NHSCAD5795.png,NHSCAD5795,NHS,2,iccad5
NHSCAD51176.png,NHSCAD51176,NHS,4,iccad5
NHSCAD52174.png,NHSCAD52174,NHS,3,iccad5
NHSCAD5335.png,NHSCAD5335,NHS,1,iccad5
NHSCAD51355.png,NHSCAD51355,NHS,1,iccad5
NHSCAD51793.png,NHSCAD51793,NHS,3,iccad5
NHSCAD52189.png,NHSCAD52189,NHS,4,iccad5
NHSCAD5912.png,NHSCAD5912,NHS,0,iccad5
NHSCAD5620.png,NHSCAD5620,NHS,1,iccad5
NHSCAD51859.png,NHSCAD51859,NHS,4,iccad5
NHSCAD51668.png,NHSCAD51668,NHS,4,iccad5
NHSCAD5774.png,NHSCAD5774,NHS,4,iccad5
NHSCAD558.png,NHSCAD558,NHS,4,iccad5
NHSCAD5726.png,NHSCAD5726,NHS,1,iccad5
NHSCAD5854.png,NHSCAD5854,NHS,1,iccad5
NHSCAD51393.png,NHSCAD51393,NHS,3,iccad5
NHSCAD5173.png,NHSCAD5173,NHS,3,iccad5
NHSCAD5372.png,NHSCAD5372,NHS,2,iccad5
NHSCAD5678.png,NHSCAD5678,NHS,3,iccad5
NHSCAD52003.png,NHSCAD52003,NHS,1,iccad5
NHSCAD52635.png,NHSCAD52635,NHS,1,iccad5
NHSCAD51202.png,NHSCAD51202,NHS,3,iccad5
NHSCAD51118.png,NHSCAD51118,NHS,3,iccad5
NHSCAD5196.png,NHSCAD5196,NHS,1,iccad5
NHSCAD52439.png,NHSCAD52439,NHS,3,iccad5
NHSCAD51672.png,NHSCAD51672,NHS,4,iccad5
NHSCAD52179.png,NHSCAD52179,NHS,3,iccad5
NHSCAD5867.png,NHSCAD5867,NHS,0,iccad5
NHSCAD51526.png,NHSCAD51526,NHS,4,iccad5
NHSCAD51540.png,NHSCAD51540,NHS,0,iccad5
NHSCAD5294.png,NHSCAD5294,NHS,2,iccad5
NHSCAD52637.png,NHSCAD52637,NHS,2,iccad5
NHSCAD52599.png,NHSCAD52599,NHS,0,iccad5
NHSCAD5598.png,NHSCAD5598,NHS,0,iccad5
NHSCAD51609.png,NHSCAD51609,NHS,0,iccad5
NHSCAD51280.png,NHSCAD51280,NHS,0,iccad5
NHSCAD52411.png,NHSCAD52411,NHS,4,iccad5
NHSCAD51456.png,NHSCAD51456,NHS,2,iccad5
NHSCAD52293.png,NHSCAD52293,NHS,4,iccad5
NHSCAD5965.png,NHSCAD5965,NHS,3,iccad5
NHSCAD5287.png,NHSCAD5287,NHS,3,iccad5
NHSCAD51351.png,NHSCAD51351,NHS,3,iccad5
HSCAD511.png,HSCAD511,HS,3,iccad5
NHSCAD51811.png,NHSCAD51811,NHS,3,iccad5
NHSCAD52393.png,NHSCAD52393,NHS,4,iccad5
NHSCAD52448.png,NHSCAD52448,NHS,3,iccad5
NHSCAD51845.png,NHSCAD51845,NHS,4,iccad5
NHSCAD5257.png,NHSCAD5257,NHS,2,iccad5
NHSCAD5113.png,NHSCAD5113,NHS,2,iccad5
NHSCAD51167.png,NHSCAD51167,NHS,4,iccad5
NHSCAD51459.png,NHSCAD51459,NHS,0,iccad5
NHSCAD51836.png,NHSCAD51836,NHS,4,iccad5
NHSCAD5646.png,NHSCAD5646,NHS,3,iccad5
NHSCAD51620.png,NHSCAD51620,NHS,4,iccad5
NHSCAD5101.png,NHSCAD5101,NHS,1,iccad5
NHSCAD5869.png,NHSCAD5869,NHS,2,iccad5
NHSCAD51292.png,NHSCAD51292,NHS,2,iccad5
NHSCAD51682.png,NHSCAD51682,NHS,0,iccad5
NHSCAD51922.png,NHSCAD51922,NHS,1,iccad5
NHSCAD5899.png,NHSCAD5899,NHS,0,iccad5
NHSCAD5767.png,NHSCAD5767,NHS,1,iccad5
NHSCAD52714.png,NHSCAD52714,NHS,3,iccad5
NHSCAD52038.png,NHSCAD52038,NHS,3,iccad5
NHSCAD51912.png,NHSCAD51912,NHS,0,iccad5
NHSCAD52337.png,NHSCAD52337,NHS,3,iccad5
NHSCAD52122.png,NHSCAD52122,NHS,0,iccad5
NHSCAD52177.png,NHSCAD52177,NHS,2,iccad5
NHSCAD51996.png,NHSCAD51996,NHS,1,iccad5
NHSCAD51943.png,NHSCAD51943,NHS,3,iccad5
NHSCAD52132.png,NHSCAD52132,NHS,2,iccad5
NHSCAD52297.png,NHSCAD52297,NHS,0,iccad5
NHSCAD52729.png,NHSCAD52729,NHS,1,iccad5
NHSCAD5456.png,NHSCAD5456,NHS,3,iccad5
NHSCAD5957.png,NHSCAD5957,NHS,4,iccad5
NHSCAD5550.png,NHSCAD5550,NHS,2,iccad5
HSCAD52.png,HSCAD52,HS,3,iccad5
NHSCAD51986.png,NHSCAD51986,NHS,0,iccad5
NHSCAD51962.png,NHSCAD51962,NHS,4,iccad5
NHSCAD51146.png,NHSCAD51146,NHS,0,iccad5
NHSCAD52713.png,NHSCAD52713,NHS,2,iccad5
NHSCAD52664.png,NHSCAD52664,NHS,2,iccad5
NHSCAD5836.png,NHSCAD5836,NHS,2,iccad5
NHSCAD52291.png,NHSCAD52291,NHS,3,iccad5
NHSCAD5964.png,NHSCAD5964,NHS,2,iccad5
NHSCAD52706.png,NHSCAD52706,NHS,4,iccad5
NHSCAD52037.png,NHSCAD52037,NHS,2,iccad5
NHSCAD51285.png,NHSCAD51285,NHS,4,iccad5
NHSCAD5204.png,NHSCAD5204,NHS,1,iccad5
NHSCAD52320.png,NHSCAD52320,NHS,4,iccad5
NHSCAD5352.png,NHSCAD5352,NHS,0,iccad5
NHSCAD52010.png,NHSCAD52010,NHS,3,iccad5
NHSCAD5358.png,NHSCAD5358,NHS,1,iccad5
NHSCAD52717.png,NHSCAD52717,NHS,2,iccad5
NHSCAD52346.png,NHSCAD52346,NHS,3,iccad5
NHSCAD5935.png,NHSCAD5935,NHS,0,iccad5
NHSCAD571.png,NHSCAD571,NHS,3,iccad5
NHSCAD51431.png,NHSCAD51431,NHS,0,iccad5
NHSCAD5378.png,NHSCAD5378,NHS,4,iccad5
NHSCAD5208.png,NHSCAD5208,NHS,4,iccad5
NHSCAD52317.png,NHSCAD52317,NHS,1,iccad5
NHSCAD51669.png,NHSCAD51669,NHS,0,iccad5
NHSCAD52267.png,NHSCAD52267,NHS,1,iccad5
NHSCAD51626.png,NHSCAD51626,NHS,1,iccad5
NHSCAD52114.png,NHSCAD52114,NHS,2,iccad5
NHSCAD52547.png,NHSCAD52547,NHS,2,iccad5
NHSCAD5147.png,NHSCAD5147,NHS,2,iccad5
NHSCAD52560.png,NHSCAD52560,NHS,2,iccad5
NHSCAD5842.png,NHSCAD5842,NHS,3,iccad5
NHSCAD51754.png,NHSCAD51754,NHS,4,iccad5
NHSCAD52018.png,NHSCAD52018,NHS,0,iccad5
NHSCAD591.png,NHSCAD591,NHS,2,iccad5
NHSCAD52632.png,NHSCAD52632,NHS,2,iccad5
NHSCAD52404.png,NHSCAD52404,NHS,1,iccad5
NHSCAD51635.png,NHSCAD51635,NHS,1,iccad5
NHSCAD51042.png,NHSCAD51042,NHS,1,iccad5
NHSCAD51050.png,NHSCAD51050,NHS,3,iccad5
NHSCAD51320.png,NHSCAD51320,NHS,3,iccad5
NHSCAD51699.png,NHSCAD51699,NHS,1,iccad5
NHSCAD5488.png,NHSCAD5488,NHS,3,iccad5
NHSCAD52429.png,NHSCAD52429,NHS,3,iccad5
NHSCAD51084.png,NHSCAD51084,NHS,2,iccad5
NHSCAD52231.png,NHSCAD52231,NHS,2,iccad5
NHSCAD52669.png,NHSCAD52669,NHS,2,iccad5
NHSCAD51786.png,NHSCAD51786,NHS,4,iccad5
NHSCAD5316.png,NHSCAD5316,NHS,0,iccad5
NHSCAD5283.png,NHSCAD5283,NHS,4,iccad5
NHSCAD51337.png,NHSCAD51337,NHS,1,iccad5
NHSCAD51116.png,NHSCAD51116,NHS,3,iccad5
NHSCAD51418.png,NHSCAD51418,NHS,0,iccad5
NHSCAD52655.png,NHSCAD52655,NHS,2,iccad5
NHSCAD51093.png,NHSCAD51093,NHS,3,iccad5
NHSCAD5265.png,NHSCAD5265,NHS,3,iccad5
NHSCAD5381.png,NHSCAD5381,NHS,2,iccad5
NHSCAD51502.png,NHSCAD51502,NHS,3,iccad5
NHSCAD52253.png,NHSCAD52253,NHS,1,iccad5
NHSCAD5246.png,NHSCAD5246,NHS,1,iccad5
NHSCAD5321.png,NHSCAD5321,NHS,1,iccad5
NHSCAD5157.png,NHSCAD5157,NHS,2,iccad5
NHSCAD556.png,NHSCAD556,NHS,2,iccad5
NHSCAD52386.png,NHSCAD52386,NHS,1,iccad5
NHSCAD52451.png,NHSCAD52451,NHS,2,iccad5
NHSCAD5878.png,NHSCAD5878,NHS,2,iccad5
NHSCAD51797.png,NHSCAD51797,NHS,2,iccad5
NHSCAD5857.png,NHSCAD5857,NHS,4,iccad5
NHSCAD51718.png,NHSCAD51718,NHS,4,iccad5
NHSCAD52338.png,NHSCAD52338,NHS,0,iccad5
NHSCAD52306.png,NHSCAD52306,NHS,0,iccad5
NHSCAD51674.png,NHSCAD51674,NHS,2,iccad5
NHSCAD5357.png,NHSCAD5357,NHS,0,iccad5
NHSCAD52387.png,NHSCAD52387,NHS,2,iccad5
NHSCAD52171.png,NHSCAD52171,NHS,1,iccad5
NHSCAD51698.png,NHSCAD51698,NHS,3,iccad5
NHSCAD52478.png,NHSCAD52478,NHS,1,iccad5
NHSCAD51641.png,NHSCAD51641,NHS,2,iccad5
NHSCAD52206.png,NHSCAD52206,NHS,0,iccad5
NHSCAD52258.png,NHSCAD52258,NHS,1,iccad5
NHSCAD51457.png,NHSCAD51457,NHS,3,iccad5
NHSCAD5902.png,NHSCAD5902,NHS,4,iccad5
NHSCAD52332.png,NHSCAD52332,NHS,3,iccad5
NHSCAD5685.png,NHSCAD5685,NHS,2,iccad5
NHSCAD5886.png,NHSCAD5886,NHS,1,iccad5
NHSCAD5853.png,NHSCAD5853,NHS,0,iccad5
NHSCAD51173.png,NHSCAD51173,NHS,1,iccad5
NHSCAD5862.png,NHSCAD5862,NHS,0,iccad5
NHSCAD52410.png,NHSCAD52410,NHS,3,iccad5
NHSCAD5667.png,NHSCAD5667,NHS,0,iccad5
NHSCAD51487.png,NHSCAD51487,NHS,1,iccad5
NHSCAD52345.png,NHSCAD52345,NHS,2,iccad5
NHSCAD51020.png,NHSCAD51020,NHS,4,iccad5
NHSCAD51987.png,NHSCAD51987,NHS,1,iccad5
NHSCAD52602.png,NHSCAD52602,NHS,0,iccad5
NHSCAD5797.png,NHSCAD5797,NHS,4,iccad5
NHSCAD5333.png,NHSCAD5333,NHS,4,iccad5
NHSCAD52520.png,NHSCAD52520,NHS,3,iccad5
NHSCAD5800.png,NHSCAD5800,NHS,3,iccad5
NHSCAD52413.png,NHSCAD52413,NHS,1,iccad5
NHSCAD5332.png,NHSCAD5332,NHS,3,iccad5
NHSCAD52566.png,NHSCAD52566,NHS,4,iccad5
NHSCAD51567.png,NHSCAD51567,NHS,4,iccad5
NHSCAD5812.png,NHSCAD5812,NHS,1,iccad5
NHSCAD51327.png,NHSCAD51327,NHS,0,iccad5
NHSCAD5425.png,NHSCAD5425,NHS,0,iccad5
NHSCAD51062.png,NHSCAD51062,NHS,0,iccad5
NHSCAD52268.png,NHSCAD52268,NHS,2,iccad5
NHSCAD51076.png,NHSCAD51076,NHS,4,iccad5
NHSCAD5571.png,NHSCAD5571,NHS,0,iccad5
NHSCAD5719.png,NHSCAD5719,NHS,3,iccad5
NHSCAD52484.png,NHSCAD52484,NHS,4,iccad5
NHSCAD5150.png,NHSCAD5150,NHS,0,iccad5
NHSCAD51659.png,NHSCAD51659,NHS,0,iccad5
NHSCAD5296.png,NHSCAD5296,NHS,3,iccad5
NHSCAD5588.png,NHSCAD5588,NHS,3,iccad5
NHSCAD51542.png,NHSCAD51542,NHS,2,iccad5
NHSCAD52256.png,NHSCAD52256,NHS,0,iccad5
NHSCAD51218.png,NHSCAD51218,NHS,0,iccad5
NHSCAD52597.png,NHSCAD52597,NHS,2,iccad5
NHSCAD52186.png,NHSCAD52186,NHS,2,iccad5
NHSCAD51349.png,NHSCAD51349,NHS,0,iccad5
NHSCAD51382.png,NHSCAD51382,NHS,1,iccad5
NHSCAD51534.png,NHSCAD51534,NHS,3,iccad5
NHSCAD52728.png,NHSCAD52728,NHS,4,iccad5
NHSCAD5290.png,NHSCAD5290,NHS,0,iccad5
NHSCAD52557.png,NHSCAD52557,NHS,4,iccad5
NHSCAD51357.png,NHSCAD51357,NHS,3,iccad5
NHSCAD52162.png,NHSCAD52162,NHS,1,iccad5
NHSCAD5395.png,NHSCAD5395,NHS,2,iccad5
NHSCAD5927.png,NHSCAD5927,NHS,1,iccad5
NHSCAD52123.png,NHSCAD52123,NHS,2,iccad5
NHSCAD5920.png,NHSCAD5920,NHS,4,iccad5
NHSCAD5919.png,NHSCAD5919,NHS,2,iccad5
NHSCAD51120.png,NHSCAD51120,NHS,2,iccad5
NHSCAD51650.png,NHSCAD51650,NHS,2,iccad5
HSCAD524.png,HSCAD524,HS,1,iccad5
NHSCAD51328.png,NHSCAD51328,NHS,1,iccad5
NHSCAD51553.png,NHSCAD51553,NHS,4,iccad5
NHSCAD5894.png,NHSCAD5894,NHS,0,iccad5
NHSCAD52283.png,NHSCAD52283,NHS,0,iccad5
NHSCAD52693.png,NHSCAD52693,NHS,4,iccad5
NHSCAD52324.png,NHSCAD52324,NHS,0,iccad5
NHSCAD51274.png,NHSCAD51274,NHS,2,iccad5
NHSCAD52120.png,NHSCAD52120,NHS,4,iccad5
NHSCAD52513.png,NHSCAD52513,NHS,0,iccad5
NHSCAD5452.png,NHSCAD5452,NHS,0,iccad5
NHSCAD5491.png,NHSCAD5491,NHS,2,iccad5
NHSCAD51041.png,NHSCAD51041,NHS,0,iccad5
NHSCAD553.png,NHSCAD553,NHS,4,iccad5
NHSCAD5369.png,NHSCAD5369,NHS,4,iccad5
NHSCAD5373.png,NHSCAD5373,NHS,4,iccad5
NHSCAD51403.png,NHSCAD51403,NHS,4,iccad5
NHSCAD52700.png,NHSCAD52700,NHS,3,iccad5
NHSCAD52510.png,NHSCAD52510,NHS,2,iccad5
NHSCAD5721.png,NHSCAD5721,NHS,1,iccad5
NHSCAD51643.png,NHSCAD51643,NHS,4,iccad5
NHSCAD5180.png,NHSCAD5180,NHS,4,iccad5
NHSCAD51887.png,NHSCAD51887,NHS,4,iccad5
NHSCAD5837.png,NHSCAD5837,NHS,3,iccad5
NHSCAD52250.png,NHSCAD52250,NHS,3,iccad5
NHSCAD51340.png,NHSCAD51340,NHS,0,iccad5
NHSCAD52642.png,NHSCAD52642,NHS,4,iccad5
NHSCAD52593.png,NHSCAD52593,NHS,4,iccad5
NHSCAD5946.png,NHSCAD5946,NHS,2,iccad5
NHSCAD52245.png,NHSCAD52245,NHS,2,iccad5
NHSCAD51759.png,NHSCAD51759,NHS,4,iccad5
NHSCAD5654.png,NHSCAD5654,NHS,2,iccad5
NHSCAD51225.png,NHSCAD51225,NHS,3,iccad5
NHSCAD51412.png,NHSCAD51412,NHS,4,iccad5
NHSCAD51442.png,NHSCAD51442,NHS,2,iccad5
NHSCAD51162.png,NHSCAD51162,NHS,3,iccad5
NHSCAD52631.png,NHSCAD52631,NHS,3,iccad5
NHSCAD52327.png,NHSCAD52327,NHS,2,iccad5
NHSCAD5388.png,NHSCAD5388,NHS,3,iccad5
NHSCAD5826.png,NHSCAD5826,NHS,1,iccad5
NHSCAD51582.png,NHSCAD51582,NHS,2,iccad5
NHSCAD51708.png,NHSCAD51708,NHS,1,iccad5
NHSCAD52300.png,NHSCAD52300,NHS,3,iccad5
NHSCAD51552.png,NHSCAD51552,NHS,3,iccad5
NHSCAD51894.png,NHSCAD51894,NHS,1,iccad5
NHSCAD52217.png,NHSCAD52217,NHS,1,iccad5
NHSCAD51147.png,NHSCAD51147,NHS,1,iccad5
NHSCAD5945.png,NHSCAD5945,NHS,1,iccad5
NHSCAD5394.png,NHSCAD5394,NHS,1,iccad5
NHSCAD5309.png,NHSCAD5309,NHS,2,iccad5
NHSCAD5759.png,NHSCAD5759,NHS,2,iccad5
NHSCAD5213.png,NHSCAD5213,NHS,4,iccad5
NHSCAD5533.png,NHSCAD5533,NHS,3,iccad5
NHSCAD5922.png,NHSCAD5922,NHS,1,iccad5
NHSCAD5131.png,NHSCAD5131,NHS,1,iccad5
NHSCAD5668.png,NHSCAD5668,NHS,2,iccad5
NHSCAD52710.png,NHSCAD52710,NHS,4,iccad5
NHSCAD51356.png,NHSCAD51356,NHS,2,iccad5
NHSCAD5209.png,NHSCAD5209,NHS,1,iccad5
NHSCAD51944.png,NHSCAD51944,NHS,4,iccad5
NHSCAD52407.png,NHSCAD52407,NHS,4,iccad5
NHSCAD52096.png,NHSCAD52096,NHS,2,iccad5
NHSCAD5761.png,NHSCAD5761,NHS,0,iccad5
NHSCAD52485.png,NHSCAD52485,NHS,0,iccad5
NHSCAD51700.png,NHSCAD51700,NHS,0,iccad5
NHSCAD5380.png,NHSCAD5380,NHS,1,iccad5
NHSCAD5230.png,NHSCAD5230,NHS,2,iccad5
NHSCAD51556.png,NHSCAD51556,NHS,2,iccad5
NHSCAD51746.png,NHSCAD51746,NHS,0,iccad5
NHSCAD5871.png,NHSCAD5871,NHS,0,iccad5
NHSCAD51221.png,NHSCAD51221,NHS,4,iccad5
NHSCAD5786.png,NHSCAD5786,NHS,2,iccad5
NHSCAD5466.png,NHSCAD5466,NHS,4,iccad5
NHSCAD51388.png,NHSCAD51388,NHS,2,iccad5
NHSCAD51506.png,NHSCAD51506,NHS,2,iccad5
NHSCAD5833.png,NHSCAD5833,NHS,4,iccad5
NHSCAD51689.png,NHSCAD51689,NHS,3,iccad5
NHSCAD51323.png,NHSCAD51323,NHS,1,iccad5
NHSCAD51411.png,NHSCAD51411,NHS,3,iccad5
NHSCAD5347.png,NHSCAD5347,NHS,4,iccad5
NHSCAD5474.png,NHSCAD5474,NHS,3,iccad5
NHSCAD5338.png,NHSCAD5338,NHS,4,iccad5
NHSCAD5554.png,NHSCAD5554,NHS,1,iccad5
NHSCAD5890.png,NHSCAD5890,NHS,2,iccad5
NHSCAD51117.png,NHSCAD51117,NHS,4,iccad5
NHSCAD51466.png,NHSCAD51466,NHS,3,iccad5
NHSCAD5415.png,NHSCAD5415,NHS,3,iccad5
NHSCAD51362.png,NHSCAD51362,NHS,4,iccad5
NHSCAD5785.png,NHSCAD5785,NHS,1,iccad5
NHSCAD5742.png,NHSCAD5742,NHS,4,iccad5
NHSCAD52506.png,NHSCAD52506,NHS,2,iccad5
NHSCAD51065.png,NHSCAD51065,NHS,3,iccad5
NHSCAD52080.png,NHSCAD52080,NHS,1,iccad5
NHSCAD52422.png,NHSCAD52422,NHS,1,iccad5
NHSCAD51429.png,NHSCAD51429,NHS,2,iccad5
NHSCAD5433.png,NHSCAD5433,NHS,3,iccad5
NHSCAD51296.png,NHSCAD51296,NHS,1,iccad5
HSCAD51.png,HSCAD51,HS,1,iccad5
NHSCAD51581.png,NHSCAD51581,NHS,0,iccad5
NHSCAD52518.png,NHSCAD52518,NHS,0,iccad5
NHSCAD5292.png,NHSCAD5292,NHS,4,iccad5
NHSCAD51332.png,NHSCAD51332,NHS,1,iccad5
NHSCAD5366.png,NHSCAD5366,NHS,0,iccad5
NHSCAD52296.png,NHSCAD52296,NHS,3,iccad5
NHSCAD51518.png,NHSCAD51518,NHS,0,iccad5
NHSCAD52241.png,NHSCAD52241,NHS,3,iccad5
NHSCAD51453.png,NHSCAD51453,NHS,4,iccad5
NHSCAD52040.png,NHSCAD52040,NHS,0,iccad5
NHSCAD51316.png,NHSCAD51316,NHS,4,iccad5
NHSCAD52218.png,NHSCAD52218,NHS,2,iccad5
NHSCAD52354.png,NHSCAD52354,NHS,2,iccad5
NHSCAD5109.png,NHSCAD5109,NHS,4,iccad5
NHSCAD5822.png,NHSCAD5822,NHS,2,iccad5
NHSCAD5677.png,NHSCAD5677,NHS,0,iccad5
NHSCAD51133.png,NHSCAD51133,NHS,2,iccad5
NHSCAD51949.png,NHSCAD51949,NHS,4,iccad5
NHSCAD51867.png,NHSCAD51867,NHS,1,iccad5
NHSCAD51290.png,NHSCAD51290,NHS,0,iccad5
NHSCAD5657.png,NHSCAD5657,NHS,1,iccad5
NHSCAD51097.png,NHSCAD51097,NHS,2,iccad5
NHSCAD52113.png,NHSCAD52113,NHS,0,iccad5
NHSCAD52236.png,NHSCAD52236,NHS,2,iccad5
NHSCAD5473.png,NHSCAD5473,NHS,2,iccad5
HSCAD53.png,HSCAD53,HS,4,iccad5
NHSCAD557.png,NHSCAD557,NHS,3,iccad5
NHSCAD5465.png,NHSCAD5465,NHS,3,iccad5
NHSCAD5268.png,NHSCAD5268,NHS,0,iccad5
NHSCAD52415.png,NHSCAD52415,NHS,3,iccad5
NHSCAD51930.png,NHSCAD51930,NHS,4,iccad5
NHSCAD5527.png,NHSCAD5527,NHS,1,iccad5
NHSCAD5600.png,NHSCAD5600,NHS,3,iccad5
NHSCAD52270.png,NHSCAD52270,NHS,4,iccad5
NHSCAD5317.png,NHSCAD5317,NHS,1,iccad5
NHSCAD51658.png,NHSCAD51658,NHS,1,iccad5
NHSCAD5993.png,NHSCAD5993,NHS,3,iccad5
NHSCAD51474.png,NHSCAD51474,NHS,2,iccad5
NHSCAD51978.png,NHSCAD51978,NHS,1,iccad5
NHSCAD5299.png,NHSCAD5299,NHS,2,iccad5
NHSCAD51083.png,NHSCAD51083,NHS,1,iccad5
NHSCAD52396.png,NHSCAD52396,NHS,2,iccad5
NHSCAD51855.png,NHSCAD51855,NHS,0,iccad5
NHSCAD5200.png,NHSCAD5200,NHS,0,iccad5
NHSCAD51840.png,NHSCAD51840,NHS,4,iccad5
NHSCAD52285.png,NHSCAD52285,NHS,1,iccad5
NHSCAD52201.png,NHSCAD52201,NHS,0,iccad5
NHSCAD51094.png,NHSCAD51094,NHS,4,iccad5
NHSCAD52281.png,NHSCAD52281,NHS,2,iccad5
NHSCAD51177.png,NHSCAD51177,NHS,0,iccad5
NHSCAD51002.png,NHSCAD51002,NHS,4,iccad5
NHSCAD561.png,NHSCAD561,NHS,3,iccad5
NHSCAD5766.png,NHSCAD5766,NHS,0,iccad5
NHSCAD52651.png,NHSCAD52651,NHS,4,iccad5
NHSCAD5525.png,NHSCAD5525,NHS,4,iccad5
NHSCAD52466.png,NHSCAD52466,NHS,4,iccad5
NHSCAD51597.png,NHSCAD51597,NHS,3,iccad5
NHSCAD5526.png,NHSCAD5526,NHS,0,iccad5
NHSCAD5731.png,NHSCAD5731,NHS,3,iccad5
NHSCAD52104.png,NHSCAD52104,NHS,0,iccad5
NHSCAD51831.png,NHSCAD51831,NHS,4,iccad5
NHSCAD52737.png,NHSCAD52737,NHS,4,iccad5
NHSCAD5916.png,NHSCAD5916,NHS,4,iccad5
NHSCAD52483.png,NHSCAD52483,NHS,2,iccad5
NHSCAD5849.png,NHSCAD5849,NHS,0,iccad5
NHSCAD51738.png,NHSCAD51738,NHS,2,iccad5
NHSCAD51231.png,NHSCAD51231,NHS,0,iccad5
NHSCAD51039.png,NHSCAD51039,NHS,4,iccad5
NHSCAD51400.png,NHSCAD51400,NHS,1,iccad5
NHSCAD51932.png,NHSCAD51932,NHS,1,iccad5
NHSCAD52012.png,NHSCAD52012,NHS,1,iccad5
NHSCAD5918.png,NHSCAD5918,NHS,1,iccad5
NHSCAD5832.png,NHSCAD5832,NHS,3,iccad5
NHSCAD52454.png,NHSCAD52454,NHS,1,iccad5
NHSCAD51170.png,NHSCAD51170,NHS,3,iccad5
NHSCAD5806.png,NHSCAD5806,NHS,4,iccad5
NHSCAD5510.png,NHSCAD5510,NHS,3,iccad5
NHSCAD52519.png,NHSCAD52519,NHS,1,iccad5
NHSCAD51535.png,NHSCAD51535,NHS,4,iccad5
NHSCAD51684.png,NHSCAD51684,NHS,3,iccad5
NHSCAD51130.png,NHSCAD51130,NHS,4,iccad5
NHSCAD5174.png,NHSCAD5174,NHS,1,iccad5
NHSCAD51813.png,NHSCAD51813,NHS,4,iccad5
NHSCAD51933.png,NHSCAD51933,NHS,2,iccad5
NHSCAD5923.png,NHSCAD5923,NHS,2,iccad5
NHSCAD5231.png,NHSCAD5231,NHS,3,iccad5
NHSCAD5618.png,NHSCAD5618,NHS,2,iccad5
NHSCAD51720.png,NHSCAD51720,NHS,3,iccad5
NHSCAD52143.png,NHSCAD52143,NHS,4,iccad5
NHSCAD5663.png,NHSCAD5663,NHS,2,iccad5
NHSCAD51134.png,NHSCAD51134,NHS,3,iccad5
NHSCAD52280.png,NHSCAD52280,NHS,1,iccad5
NHSCAD52316.png,NHSCAD52316,NHS,4,iccad5
NHSCAD5310.png,NHSCAD5310,NHS,4,iccad5
NHSCAD51897.png,NHSCAD51897,NHS,0,iccad5
NHSCAD5958.png,NHSCAD5958,NHS,0,iccad5
NHSCAD5420.png,NHSCAD5420,NHS,0,iccad5
NHSCAD5992.png,NHSCAD5992,NHS,4,iccad5
NHSCAD51485.png,NHSCAD51485,NHS,4,iccad5
NHSCAD5824.png,NHSCAD5824,NHS,4,iccad5
NHSCAD52052.png,NHSCAD52052,NHS,4,iccad5
NHSCAD51806.png,NHSCAD51806,NHS,2,iccad5
NHSCAD51946.png,NHSCAD51946,NHS,1,iccad5
NHSCAD5222.png,NHSCAD5222,NHS,0,iccad5
NHSCAD51974.png,NHSCAD51974,NHS,2,iccad5
NHSCAD52441.png,NHSCAD52441,NHS,1,iccad5
NHSCAD52592.png,NHSCAD52592,NHS,2,iccad5
NHSCAD51850.png,NHSCAD51850,NHS,0,iccad5
NHSCAD52372.png,NHSCAD52372,NHS,2,iccad5
NHSCAD51776.png,NHSCAD51776,NHS,1,iccad5
NHSCAD5882.png,NHSCAD5882,NHS,2,iccad5
NHSCAD51994.png,NHSCAD51994,NHS,4,iccad5
NHSCAD51153.png,NHSCAD51153,NHS,4,iccad5
NHSCAD51745.png,NHSCAD51745,NHS,4,iccad5
NHSCAD51711.png,NHSCAD51711,NHS,3,iccad5
NHSCAD5813.png,NHSCAD5813,NHS,2,iccad5
NHSCAD51197.png,NHSCAD51197,NHS,2,iccad5
NHSCAD5226.png,NHSCAD5226,NHS,3,iccad5
NHSCAD5860.png,NHSCAD5860,NHS,3,iccad5
NHSCAD51660.png,NHSCAD51660,NHS,3,iccad5
NHSCAD51331.png,NHSCAD51331,NHS,0,iccad5
NHSCAD52023.png,NHSCAD52023,NHS,2,iccad5
NHSCAD5355.png,NHSCAD5355,NHS,4,iccad5
NHSCAD5983.png,NHSCAD5983,NHS,4,iccad5
NHSCAD5625.png,NHSCAD5625,NHS,1,iccad5
NHSCAD5748.png,NHSCAD5748,NHS,0,iccad5
NHSCAD51430.png,NHSCAD51430,NHS,4,iccad5
NHSCAD5977.png,NHSCAD5977,NHS,1,iccad5
NHSCAD5656.png,NHSCAD5656,NHS,4,iccad5
NHSCAD52353.png,NHSCAD52353,NHS,1,iccad5
NHSCAD52357.png,NHSCAD52357,NHS,4,iccad5
NHSCAD526.png,NHSCAD526,NHS,1,iccad5
NHSCAD51673.png,NHSCAD51673,NHS,0,iccad5
NHSCAD51780.png,NHSCAD51780,NHS,1,iccad5
NHSCAD52644.png,NHSCAD52644,NHS,1,iccad5
NHSCAD51358.png,NHSCAD51358,NHS,4,iccad5
NHSCAD5885.png,NHSCAD5885,NHS,0,iccad5
NHSCAD51773.png,NHSCAD51773,NHS,0,iccad5
NHSCAD51402.png,NHSCAD51402,NHS,3,iccad5
NHSCAD5967.png,NHSCAD5967,NHS,0,iccad5
NHSCAD51373.png,NHSCAD51373,NHS,1,iccad5
NHSCAD51165.png,NHSCAD51165,NHS,2,iccad5
NHSCAD51965.png,NHSCAD51965,NHS,2,iccad5
NHSCAD5738.png,NHSCAD5738,NHS,4,iccad5
NHSCAD52524.png,NHSCAD52524,NHS,2,iccad5
NHSCAD51387.png,NHSCAD51387,NHS,1,iccad5
NHSCAD5261.png,NHSCAD5261,NHS,2,iccad5
NHSCAD527.png,NHSCAD527,NHS,1,iccad5
NHSCAD5112.png,NHSCAD5112,NHS,1,iccad5
NHSCAD5560.png,NHSCAD5560,NHS,3,iccad5
NHSCAD51006.png,NHSCAD51006,NHS,3,iccad5
NHSCAD5374.png,NHSCAD5374,NHS,3,iccad5
NHSCAD51732.png,NHSCAD51732,NHS,0,iccad5
NHSCAD5192.png,NHSCAD5192,NHS,4,iccad5
NHSCAD5595.png,NHSCAD5595,NHS,1,iccad5
NHSCAD5996.png,NHSCAD5996,NHS,2,iccad5
NHSCAD548.png,NHSCAD548,NHS,4,iccad5
NHSCAD5376.png,NHSCAD5376,NHS,1,iccad5
NHSCAD51325.png,NHSCAD51325,NHS,3,iccad5
NHSCAD51569.png,NHSCAD51569,NHS,1,iccad5
NHSCAD52021.png,NHSCAD52021,NHS,1,iccad5
NHSCAD51488.png,NHSCAD51488,NHS,2,iccad5
NHSCAD5952.png,NHSCAD5952,NHS,4,iccad5
NHSCAD5159.png,NHSCAD5159,NHS,1,iccad5
NHSCAD51095.png,NHSCAD51095,NHS,0,iccad5
NHSCAD5548.png,NHSCAD5548,NHS,4,iccad5
NHSCAD52159.png,NHSCAD52159,NHS,0,iccad5
NHSCAD52722.png,NHSCAD52722,NHS,3,iccad5
NHSCAD52294.png,NHSCAD52294,NHS,1,iccad5
NHSCAD51934.png,NHSCAD51934,NHS,3,iccad5
NHSCAD5553.png,NHSCAD5553,NHS,0,iccad5
NHSCAD5708.png,NHSCAD5708,NHS,1,iccad5
NHSCAD51207.png,NHSCAD51207,NHS,3,iccad5
NHSCAD51181.png,NHSCAD51181,NHS,0,iccad5
NHSCAD5948.png,NHSCAD5948,NHS,4,iccad5
NHSCAD5152.png,NHSCAD5152,NHS,2,iccad5
NHSCAD52550.png,NHSCAD52550,NHS,2,iccad5
NHSCAD51749.png,NHSCAD51749,NHS,1,iccad5
NHSCAD51890.png,NHSCAD51890,NHS,2,iccad5
NHSCAD51471.png,NHSCAD51471,NHS,4,iccad5
NHSCAD5308.png,NHSCAD5308,NHS,1,iccad5
NHSCAD51618.png,NHSCAD51618,NHS,0,iccad5
NHSCAD5253.png,NHSCAD5253,NHS,3,iccad5
NHSCAD51193.png,NHSCAD51193,NHS,3,iccad5
NHSCAD5478.png,NHSCAD5478,NHS,2,iccad5
NHSCAD51032.png,NHSCAD51032,NHS,1,iccad5
NHSCAD51150.png,NHSCAD51150,NHS,1,iccad5
NHSCAD51568.png,NHSCAD51568,NHS,0,iccad5
NHSCAD52458.png,NHSCAD52458,NHS,0,iccad5
NHSCAD544.png,NHSCAD544,NHS,1,iccad5
NHSCAD5419.png,NHSCAD5419,NHS,4,iccad5
NHSCAD52031.png,NHSCAD52031,NHS,0,iccad5
NHSCAD5866.png,NHSCAD5866,NHS,4,iccad5
NHSCAD51145.png,NHSCAD51145,NHS,3,iccad5
NHSCAD52638.png,NHSCAD52638,NHS,4,iccad5
NHSCAD52503.png,NHSCAD52503,NHS,0,iccad5
NHSCAD51234.png,NHSCAD51234,NHS,3,iccad5
NHSCAD5259.png,NHSCAD5259,NHS,0,iccad5
NHSCAD52302.png,NHSCAD52302,NHS,4,iccad5
NHSCAD594.png,NHSCAD594,NHS,0,iccad5
NHSCAD5446.png,NHSCAD5446,NHS,4,iccad5
NHSCAD52155.png,NHSCAD52155,NHS,2,iccad5
NHSCAD51989.png,NHSCAD51989,NHS,3,iccad5
NHSCAD52697.png,NHSCAD52697,NHS,3,iccad5
NHSCAD52494.png,NHSCAD52494,NHS,0,iccad5
NHSCAD52273.png,NHSCAD52273,NHS,3,iccad5
NHSCAD51536.png,NHSCAD51536,NHS,0,iccad5
NHSCAD52654.png,NHSCAD52654,NHS,3,iccad5
NHSCAD537.png,NHSCAD537,NHS,3,iccad5
NHSCAD5520.png,NHSCAD5520,NHS,4,iccad5
NHSCAD51824.png,NHSCAD51824,NHS,2,iccad5
NHSCAD573.png,NHSCAD573,NHS,0,iccad5
NHSCAD5666.png,NHSCAD5666,NHS,1,iccad5
NHSCAD5468.png,NHSCAD5468,NHS,1,iccad5
NHSCAD5413.png,NHSCAD5413,NHS,2,iccad5
NHSCAD5390.png,NHSCAD5390,NHS,2,iccad5
NHSCAD51823.png,NHSCAD51823,NHS,0,iccad5
NHSCAD5178.png,NHSCAD5178,NHS,3,iccad5
NHSCAD51671.png,NHSCAD51671,NHS,1,iccad5
NHSCAD52085.png,NHSCAD52085,NHS,1,iccad5
NHSCAD51335.png,NHSCAD51335,NHS,4,iccad5
NHSCAD52154.png,NHSCAD52154,NHS,0,iccad5
NHSCAD51756.png,NHSCAD51756,NHS,2,iccad5
NHSCAD5552.png,NHSCAD5552,NHS,4,iccad5
NHSCAD51595.png,NHSCAD51595,NHS,0,iccad5
NHSCAD52443.png,NHSCAD52443,NHS,3,iccad5
NHSCAD5626.png,NHSCAD5626,NHS,0,iccad5
NHSCAD51266.png,NHSCAD51266,NHS,3,iccad5
NHSCAD52194.png,NHSCAD52194,NHS,1,iccad5
NHSCAD51911.png,NHSCAD51911,NHS,3,iccad5
NHSCAD52521.png,NHSCAD52521,NHS,4,iccad5
NHSCAD5126.png,NHSCAD5126,NHS,1,iccad5
NHSCAD51623.png,NHSCAD51623,NHS,2,iccad5
NHSCAD51049.png,NHSCAD51049,NHS,4,iccad5
NHSCAD5638.png,NHSCAD5638,NHS,4,iccad5
NHSCAD5750.png,NHSCAD5750,NHS,3,iccad5
NHSCAD538.png,NHSCAD538,NHS,0,iccad5
NHSCAD51500.png,NHSCAD51500,NHS,1,iccad5
NHSCAD52610.png,NHSCAD52610,NHS,4,iccad5
NHSCAD52647.png,NHSCAD52647,NHS,4,iccad5
NHSCAD5410.png,NHSCAD5410,NHS,3,iccad5
NHSCAD5604.png,NHSCAD5604,NHS,2,iccad5
NHSCAD51551.png,NHSCAD51551,NHS,2,iccad5
NHSCAD5276.png,NHSCAD5276,NHS,2,iccad5
NHSCAD52492.png,NHSCAD52492,NHS,2,iccad5
NHSCAD52532.png,NHSCAD52532,NHS,1,iccad5
NHSCAD51587.png,NHSCAD51587,NHS,2,iccad5
NHSCAD52077.png,NHSCAD52077,NHS,0,iccad5
NHSCAD5880.png,NHSCAD5880,NHS,0,iccad5
NHSCAD51483.png,NHSCAD51483,NHS,2,iccad5
NHSCAD51108.png,NHSCAD51108,NHS,4,iccad5
NHSCAD51482.png,NHSCAD51482,NHS,1,iccad5
NHSCAD5470.png,NHSCAD5470,NHS,4,iccad5
NHSCAD51154.png,NHSCAD51154,NHS,0,iccad5
NHSCAD5609.png,NHSCAD5609,NHS,2,iccad5
NHSCAD5134.png,NHSCAD5134,NHS,4,iccad5
NHSCAD51524.png,NHSCAD51524,NHS,2,iccad5
NHSCAD5544.png,NHSCAD5544,NHS,0,iccad5
NHSCAD51008.png,NHSCAD51008,NHS,2,iccad5
NHSCAD51539.png,NHSCAD51539,NHS,3,iccad5
NHSCAD52244.png,NHSCAD52244,NHS,1,iccad5
NHSCAD51187.png,NHSCAD51187,NHS,1,iccad5
NHSCAD52058.png,NHSCAD52058,NHS,1,iccad5
NHSCAD52032.png,NHSCAD52032,NHS,2,iccad5
NHSCAD5541.png,NHSCAD5541,NHS,2,iccad5
NHSCAD51648.png,NHSCAD51648,NHS,4,iccad5
NHSCAD51077.png,NHSCAD51077,NHS,0,iccad5
NHSCAD52568.png,NHSCAD52568,NHS,3,iccad5
NHSCAD5622.png,NHSCAD5622,NHS,2,iccad5
NHSCAD5989.png,NHSCAD5989,NHS,3,iccad5
NHSCAD52133.png,NHSCAD52133,NHS,3,iccad5
NHSCAD52056.png,NHSCAD52056,NHS,3,iccad5
NHSCAD51237.png,NHSCAD51237,NHS,1,iccad5
NHSCAD51196.png,NHSCAD51196,NHS,1,iccad5
NHSCAD52086.png,NHSCAD52086,NHS,0,iccad5
NHSCAD52222.png,NHSCAD52222,NHS,2,iccad5
NHSCAD5521.png,NHSCAD5521,NHS,0,iccad5
NHSCAD51415.png,NHSCAD51415,NHS,2,iccad5
NHSCAD5917.png,NHSCAD5917,NHS,0,iccad5
NHSCAD51670.png,NHSCAD51670,NHS,3,iccad5
NHSCAD51661.png,NHSCAD51661,NHS,4,iccad5
NHSCAD580.png,NHSCAD580,NHS,2,iccad5
NHSCAD52679.png,NHSCAD52679,NHS,2,iccad5
NHSCAD52150.png,NHSCAD52150,NHS,2,iccad5
NHSCAD51727.png,NHSCAD51727,NHS,4,iccad5
NHSCAD5816.png,NHSCAD5816,NHS,0,iccad5
NHSCAD5304.png,NHSCAD5304,NHS,2,iccad5
NHSCAD52680.png,NHSCAD52680,NHS,1,iccad5
NHSCAD51955.png,NHSCAD51955,NHS,1,iccad5
NHSCAD52612.png,NHSCAD52612,NHS,1,iccad5
NHSCAD51951.png,NHSCAD51951,NHS,2,iccad5
NHSCAD5962.png,NHSCAD5962,NHS,0,iccad5
NHSCAD51784.png,NHSCAD51784,NHS,3,iccad5
NHSCAD51141.png,NHSCAD51141,NHS,1,iccad5
NHSCAD52125.png,NHSCAD52125,NHS,4,iccad5
NHSCAD52533.png,NHSCAD52533,NHS,2,iccad5
NHSCAD51530.png,NHSCAD51530,NHS,4,iccad5
NHSCAD5389.png,NHSCAD5389,NHS,0,iccad5
NHSCAD52118.png,NHSCAD52118,NHS,0,iccad5
NHSCAD5489.png,NHSCAD5489,NHS,4,iccad5
NHSCAD51758.png,NHSCAD51758,NHS,1,iccad5
NHSCAD52146.png,NHSCAD52146,NHS,2,iccad5
NHSCAD5702.png,NHSCAD5702,NHS,0,iccad5
NHSCAD5627.png,NHSCAD5627,NHS,2,iccad5
NHSCAD51555.png,NHSCAD51555,NHS,1,iccad5
NHSCAD52301.png,NHSCAD52301,NHS,0,iccad5
NHSCAD51169.png,NHSCAD51169,NHS,1,iccad5
NHSCAD52594.png,NHSCAD52594,NHS,0,iccad5
NHSCAD52192.png,NHSCAD52192,NHS,3,iccad5
NHSCAD52589.png,NHSCAD52589,NHS,4,iccad5
NHSCAD5240.png,NHSCAD5240,NHS,1,iccad5
NHSCAD5568.png,NHSCAD5568,NHS,1,iccad5
NHSCAD52230.png,NHSCAD52230,NHS,1,iccad5
NHSCAD5206.png,NHSCAD5206,NHS,2,iccad5
NHSCAD51448.png,NHSCAD51448,NHS,3,iccad5
NHSCAD51425.png,NHSCAD51425,NHS,3,iccad5
NHSCAD586.png,NHSCAD586,NHS,2,iccad5
NHSCAD52702.png,NHSCAD52702,NHS,0,iccad5
NHSCAD5558.png,NHSCAD5558,NHS,0,iccad5
NHSCAD52455.png,NHSCAD52455,NHS,2,iccad5
NHSCAD51762.png,NHSCAD51762,NHS,1,iccad5
NHSCAD52699.png,NHSCAD52699,NHS,0,iccad5
NHSCAD52367.png,NHSCAD52367,NHS,1,iccad5
NHSCAD533.png,NHSCAD533,NHS,0,iccad5
NHSCAD51051.png,NHSCAD51051,NHS,1,iccad5
NHSCAD51035.png,NHSCAD51035,NHS,0,iccad5
NHSCAD5807.png,NHSCAD5807,NHS,0,iccad5
NHSCAD52488.png,NHSCAD52488,NHS,2,iccad5
NHSCAD51363.png,NHSCAD51363,NHS,0,iccad5
NHSCAD51294.png,NHSCAD51294,NHS,4,iccad5
NHSCAD575.png,NHSCAD575,NHS,2,iccad5
NHSCAD51801.png,NHSCAD51801,NHS,2,iccad5
NHSCAD51372.png,NHSCAD51372,NHS,0,iccad5
NHSCAD5798.png,NHSCAD5798,NHS,0,iccad5
NHSCAD52310.png,NHSCAD52310,NHS,0,iccad5
NHSCAD5122.png,NHSCAD5122,NHS,2,iccad5
NHSCAD51206.png,NHSCAD51206,NHS,2,iccad5
NHSCAD51562.png,NHSCAD51562,NHS,4,iccad5
NHSCAD52034.png,NHSCAD52034,NHS,4,iccad5
NHSCAD51507.png,NHSCAD51507,NHS,3,iccad5
NHSCAD51906.png,NHSCAD51906,NHS,0,iccad5
NHSCAD52057.png,NHSCAD52057,NHS,4,iccad5
NHSCAD5221.png,NHSCAD5221,NHS,3,iccad5
NHSCAD51119.png,NHSCAD51119,NHS,0,iccad5
NHSCAD51828.png,NHSCAD51828,NHS,0,iccad5
NHSCAD52128.png,NHSCAD52128,NHS,2,iccad5
NHSCAD52214.png,NHSCAD52214,NHS,3,iccad5
NHSCAD51306.png,NHSCAD51306,NHS,1,iccad5
NHSCAD51075.png,NHSCAD51075,NHS,2,iccad5
NHSCAD5975.png,NHSCAD5975,NHS,4,iccad5
NHSCAD51647.png,NHSCAD51647,NHS,3,iccad5
NHSCAD5145.png,NHSCAD5145,NHS,0,iccad5
NHSCAD5578.png,NHSCAD5578,NHS,2,iccad5
NHSCAD5423.png,NHSCAD5423,NHS,4,iccad5
NHSCAD52601.png,NHSCAD52601,NHS,4,iccad5
NHSCAD5614.png,NHSCAD5614,NHS,3,iccad5
NHSCAD52013.png,NHSCAD52013,NHS,0,iccad5
NHSCAD5907.png,NHSCAD5907,NHS,4,iccad5
NHSCAD51381.png,NHSCAD51381,NHS,0,iccad5
NHSCAD51683.png,NHSCAD51683,NHS,2,iccad5
NHSCAD5974.png,NHSCAD5974,NHS,3,iccad5
NHSCAD5443.png,NHSCAD5443,NHS,0,iccad5
NHSCAD52460.png,NHSCAD52460,NHS,2,iccad5
NHSCAD5981.png,NHSCAD5981,NHS,1,iccad5
NHSCAD52509.png,NHSCAD52509,NHS,0,iccad5
NHSCAD51071.png,NHSCAD51071,NHS,4,iccad5
NHSCAD52240.png,NHSCAD52240,NHS,2,iccad5
NHSCAD5402.png,NHSCAD5402,NHS,0,iccad5
NHSCAD52041.png,NHSCAD52041,NHS,2,iccad5
NHSCAD5412.png,NHSCAD5412,NHS,1,iccad5
NHSCAD5715.png,NHSCAD5715,NHS,4,iccad5
NHSCAD5471.png,NHSCAD5471,NHS,0,iccad5
NHSCAD5725.png,NHSCAD5725,NHS,0,iccad5
NHSCAD5716.png,NHSCAD5716,NHS,0,iccad5
NHSCAD5930.png,NHSCAD5930,NHS,0,iccad5
NHSCAD52211.png,NHSCAD52211,NHS,4,iccad5
NHSCAD51313.png,NHSCAD51313,NHS,3,iccad5
NHSCAD5475.png,NHSCAD5475,NHS,4,iccad5
NHSCAD52225.png,NHSCAD52225,NHS,4,iccad5
NHSCAD583.png,NHSCAD583,NHS,0,iccad5
NHSCAD541.png,NHSCAD541,NHS,4,iccad5
NHSCAD5289.png,NHSCAD5289,NHS,1,iccad5
NHSCAD51868.png,NHSCAD51868,NHS,2,iccad5
NHSCAD566.png,NHSCAD566,NHS,3,iccad5
NHSCAD52502.png,NHSCAD52502,NHS,4,iccad5
NHSCAD51511.png,NHSCAD51511,NHS,3,iccad5
NHSCAD52090.png,NHSCAD52090,NHS,0,iccad5
NHSCAD52309.png,NHSCAD52309,NHS,2,iccad5
NHSCAD5570.png,NHSCAD5570,NHS,4,iccad5
NHSCAD51677.png,NHSCAD51677,NHS,4,iccad5
NHSCAD51642.png,NHSCAD51642,NHS,3,iccad5
NHSCAD5435.png,NHSCAD5435,NHS,1,iccad5
NHSCAD52457.png,NHSCAD52457,NHS,4,iccad5
NHSCAD51900.png,NHSCAD51900,NHS,4,iccad5
NHSCAD52489.png,NHSCAD52489,NHS,4,iccad5
NHSCAD52042.png,NHSCAD52042,NHS,3,iccad5
NHSCAD52475.png,NHSCAD52475,NHS,4,iccad5
NHSCAD5551.png,NHSCAD5551,NHS,3,iccad5
NHSCAD51329.png,NHSCAD51329,NHS,2,iccad5
NHSCAD531.png,NHSCAD531,NHS,3,iccad5
NHSCAD51596.png,NHSCAD51596,NHS,2,iccad5
NHSCAD51432.png,NHSCAD51432,NHS,1,iccad5
NHSCAD52389.png,NHSCAD52389,NHS,4,iccad5
NHSCAD52075.png,NHSCAD52075,NHS,4,iccad5
NHSCAD51157.png,NHSCAD51157,NHS,3,iccad5
NHSCAD51435.png,NHSCAD51435,NHS,4,iccad5
NHSCAD5393.png,NHSCAD5393,NHS,0,iccad5
NHSCAD5502.png,NHSCAD5502,NHS,4,iccad5
NHSCAD5241.png,NHSCAD5241,NHS,2,iccad5
NHSCAD5277.png,NHSCAD5277,NHS,0,iccad5
NHSCAD52540.png,NHSCAD52540,NHS,0,iccad5
NHSCAD52598.png,NHSCAD52598,NHS,4,iccad5
NHSCAD51478.png,NHSCAD51478,NHS,1,iccad5
NHSCAD51127.png,NHSCAD51127,NHS,3,iccad5
NHSCAD540.png,NHSCAD540,NHS,2,iccad5
NHSCAD51640.png,NHSCAD51640,NHS,0,iccad5
NHSCAD51523.png,NHSCAD51523,NHS,1,iccad5
NHSCAD587.png,NHSCAD587,NHS,3,iccad5
NHSCAD51230.png,NHSCAD51230,NHS,4,iccad5
NHSCAD52098.png,NHSCAD52098,NHS,4,iccad5
NHSCAD5314.png,NHSCAD5314,NHS,3,iccad5
NHSCAD5165.png,NHSCAD5165,NHS,0,iccad5
NHSCAD51948.png,NHSCAD51948,NHS,3,iccad5
NHSCAD51891.png,NHSCAD51891,NHS,4,iccad5
NHSCAD5714.png,NHSCAD5714,NHS,3,iccad5
NHSCAD51741.png,NHSCAD51741,NHS,0,iccad5
NHSCAD52282.png,NHSCAD52282,NHS,3,iccad5
NHSCAD5944.png,NHSCAD5944,NHS,0,iccad5
NHSCAD5982.png,NHSCAD5982,NHS,2,iccad5
NHSCAD5305.png,NHSCAD5305,NHS,3,iccad5
HSCAD525.png,HSCAD525,HS,2,iccad5
NHSCAD51721.png,NHSCAD51721,NHS,1,iccad5
NHSCAD51846.png,NHSCAD51846,NHS,0,iccad5
NHSCAD5428.png,NHSCAD5428,NHS,4,iccad5
NHSCAD52047.png,NHSCAD52047,NHS,3,iccad5
NHSCAD5640.png,NHSCAD5640,NHS,2,iccad5
NHSCAD51958.png,NHSCAD51958,NHS,4,iccad5
NHSCAD51999.png,NHSCAD51999,NHS,1,iccad5
NHSCAD51653.png,NHSCAD51653,NHS,1,iccad5
NHSCAD51716.png,NHSCAD51716,NHS,3,iccad5
NHSCAD52461.png,NHSCAD52461,NHS,4,iccad5
NHSCAD51730.png,NHSCAD51730,NHS,1,iccad5
NHSCAD5970.png,NHSCAD5970,NHS,4,iccad5
NHSCAD578.png,NHSCAD578,NHS,0,iccad5
NHSCAD5328.png,NHSCAD5328,NHS,3,iccad5
NHSCAD52476.png,NHSCAD52476,NHS,0,iccad5
HSCAD514.png,HSCAD514,HS,0,iccad5
NHSCAD51584.png,NHSCAD51584,NHS,4,iccad5
NHSCAD5630.png,NHSCAD5630,NHS,0,iccad5
NHSCAD51360.png,NHSCAD51360,NHS,2,iccad5
NHSCAD52490.png,NHSCAD52490,NHS,3,iccad5
NHSCAD5519.png,NHSCAD5519,NHS,2,iccad5
NHSCAD52628.png,NHSCAD52628,NHS,2,iccad5
NHSCAD52112.png,NHSCAD52112,NHS,1,iccad5
NHSCAD51308.png,NHSCAD51308,NHS,0,iccad5
NHSCAD52435.png,NHSCAD52435,NHS,4,iccad5
NHSCAD52188.png,NHSCAD52188,NHS,3,iccad5
NHSCAD51549.png,NHSCAD51549,NHS,4,iccad5
NHSCAD52022.png,NHSCAD52022,NHS,0,iccad5
NHSCAD52376.png,NHSCAD52376,NHS,1,iccad5
NHSCAD5729.png,NHSCAD5729,NHS,4,iccad5
NHSCAD51615.png,NHSCAD51615,NHS,3,iccad5
NHSCAD51044.png,NHSCAD51044,NHS,0,iccad5
HSCAD50.png,HSCAD50,HS,0,iccad5
NHSCAD599.png,NHSCAD599,NHS,0,iccad5
NHSCAD5441.png,NHSCAD5441,NHS,4,iccad5
NHSCAD51667.png,NHSCAD51667,NHS,1,iccad5
NHSCAD5752.png,NHSCAD5752,NHS,0,iccad5
NHSCAD52398.png,NHSCAD52398,NHS,4,iccad5
NHSCAD51437.png,NHSCAD51437,NHS,1,iccad5
NHSCAD51038.png,NHSCAD51038,NHS,3,iccad5
NHSCAD52111.png,NHSCAD52111,NHS,4,iccad5
NHSCAD51532.png,NHSCAD51532,NHS,1,iccad5
NHSCAD5262.png,NHSCAD5262,NHS,4,iccad5
NHSCAD51723.png,NHSCAD51723,NHS,0,iccad5
NHSCAD51011.png,NHSCAD51011,NHS,4,iccad5
NHSCAD5172.png,NHSCAD5172,NHS,2,iccad5
NHSCAD5947.png,NHSCAD5947,NHS,3,iccad5
NHSCAD52397.png,NHSCAD52397,NHS,3,iccad5
NHSCAD52070.png,NHSCAD52070,NHS,4,iccad5
NHSCAD52226.png,NHSCAD52226,NHS,1,iccad5
NHSCAD52373.png,NHSCAD52373,NHS,3,iccad5
NHSCAD51917.png,NHSCAD51917,NHS,0,iccad5
NHSCAD5401.png,NHSCAD5401,NHS,3,iccad5
NHSCAD5584.png,NHSCAD5584,NHS,4,iccad5
NHSCAD5908.png,NHSCAD5908,NHS,0,iccad5
NHSCAD52385.png,NHSCAD52385,NHS,0,iccad5
NHSCAD5589.png,NHSCAD5589,NHS,4,iccad5
NHSCAD5710.png,NHSCAD5710,NHS,4,iccad5
NHSCAD5164.png,NHSCAD5164,NHS,1,iccad5
NHSCAD51171.png,NHSCAD51171,NHS,4,iccad5
NHSCAD51188.png,NHSCAD51188,NHS,2,iccad5
NHSCAD51246.png,NHSCAD51246,NHS,1,iccad5
NHSCAD51550.png,NHSCAD51550,NHS,1,iccad5
NHSCAD5514.png,NHSCAD5514,NHS,2,iccad5
NHSCAD52534.png,NHSCAD52534,NHS,3,iccad5
NHSCAD5524.png,NHSCAD5524,NHS,3,iccad5
NHSCAD52491.png,NHSCAD52491,NHS,1,iccad5
NHSCAD51656.png,NHSCAD51656,NHS,3,iccad5
NHSCAD5232.png,NHSCAD5232,NHS,0,iccad5
NHSCAD52588.png,NHSCAD52588,NHS,2,iccad5
NHSCAD588.png,NHSCAD588,NHS,4,iccad5
NHSCAD51299.png,NHSCAD51299,NHS,4,iccad5
NHSCAD5629.png,NHSCAD5629,NHS,4,iccad5
NHSCAD5898.png,NHSCAD5898,NHS,4,iccad5
NHSCAD5494.png,NHSCAD5494,NHS,0,iccad5
NHSCAD51566.png,NHSCAD51566,NHS,3,iccad5
NHSCAD52579.png,NHSCAD52579,NHS,2,iccad5
NHSCAD52724.png,NHSCAD52724,NHS,1,iccad5
NHSCAD52584.png,NHSCAD52584,NHS,4,iccad5
NHSCAD51079.png,NHSCAD51079,NHS,2,iccad5
NHSCAD52259.png,NHSCAD52259,NHS,2,iccad5
NHSCAD5414.png,NHSCAD5414,NHS,4,iccad5
NHSCAD51938.png,NHSCAD51938,NHS,2,iccad5
NHSCAD52723.png,NHSCAD52723,NHS,4,iccad5
NHSCAD5312.png,NHSCAD5312,NHS,1,iccad5
NHSCAD5284.png,NHSCAD5284,NHS,1,iccad5
NHSCAD51017.png,NHSCAD51017,NHS,2,iccad5
NHSCAD51407.png,NHSCAD51407,NHS,3,iccad5
NHSCAD51033.png,NHSCAD51033,NHS,2,iccad5
NHSCAD51464.png,NHSCAD51464,NHS,1,iccad5
NHSCAD5741.png,NHSCAD5741,NHS,3,iccad5
NHSCAD5653.png,NHSCAD5653,NHS,0,iccad5
NHSCAD52670.png,NHSCAD52670,NHS,0,iccad5
NHSCAD5529.png,NHSCAD5529,NHS,3,iccad5
NHSCAD5490.png,NHSCAD5490,NHS,1,iccad5
NHSCAD51886.png,NHSCAD51886,NHS,2,iccad5
NHSCAD52142.png,NHSCAD52142,NHS,3,iccad5
NHSCAD5411.png,NHSCAD5411,NHS,0,iccad5
NHSCAD565.png,NHSCAD565,NHS,2,iccad5
NHSCAD51858.png,NHSCAD51858,NHS,1,iccad5
NHSCAD52617.png,NHSCAD52617,NHS,1,iccad5
NHSCAD5999.png,NHSCAD5999,NHS,0,iccad5
NHSCAD555.png,NHSCAD555,NHS,1,iccad5
NHSCAD52307.png,NHSCAD52307,NHS,4,iccad5
NHSCAD5279.png,NHSCAD5279,NHS,4,iccad5
HSCAD58.png,HSCAD58,HS,4,iccad5
NHSCAD598.png,NHSCAD598,NHS,3,iccad5
NHSCAD52028.png,NHSCAD52028,NHS,2,iccad5
NHSCAD52512.png,NHSCAD52512,NHS,4,iccad5
NHSCAD5811.png,NHSCAD5811,NHS,0,iccad5
NHSCAD52546.png,NHSCAD52546,NHS,1,iccad5
NHSCAD51052.png,NHSCAD51052,NHS,2,iccad5
NHSCAD52563.png,NHSCAD52563,NHS,3,iccad5
NHSCAD52643.png,NHSCAD52643,NHS,0,iccad5
NHSCAD52158.png,NHSCAD52158,NHS,1,iccad5
NHSCAD52645.png,NHSCAD52645,NHS,3,iccad5
NHSCAD52094.png,NHSCAD52094,NHS,1,iccad5
NHSCAD52430.png,NHSCAD52430,NHS,0,iccad5
NHSCAD52178.png,NHSCAD52178,NHS,0,iccad5
NHSCAD52499.png,NHSCAD52499,NHS,0,iccad5
NHSCAD5874.png,NHSCAD5874,NHS,3,iccad5
NHSCAD51538.png,NHSCAD51538,NHS,2,iccad5
NHSCAD52596.png,NHSCAD52596,NHS,3,iccad5
NHSCAD5717.png,NHSCAD5717,NHS,1,iccad5
NHSCAD52711.png,NHSCAD52711,NHS,0,iccad5
NHSCAD51250.png,NHSCAD51250,NHS,1,iccad5
NHSCAD590.png,NHSCAD590,NHS,1,iccad5
NHSCAD52575.png,NHSCAD52575,NHS,4,iccad5
NHSCAD530.png,NHSCAD530,NHS,0,iccad5
NHSCAD51191.png,NHSCAD51191,NHS,1,iccad5
NHSCAD5229.png,NHSCAD5229,NHS,1,iccad5
NHSCAD51241.png,NHSCAD51241,NHS,1,iccad5
NHSCAD5889.png,NHSCAD5889,NHS,0,iccad5
NHSCAD5442.png,NHSCAD5442,NHS,3,iccad5
NHSCAD51252.png,NHSCAD51252,NHS,3,iccad5
NHSCAD52257.png,NHSCAD52257,NHS,4,iccad5
NHSCAD52408.png,NHSCAD52408,NHS,0,iccad5
NHSCAD5789.png,NHSCAD5789,NHS,0,iccad5
NHSCAD5160.png,NHSCAD5160,NHS,0,iccad5
NHSCAD5997.png,NHSCAD5997,NHS,4,iccad5
NHSCAD52661.png,NHSCAD52661,NHS,0,iccad5
NHSCAD52416.png,NHSCAD52416,NHS,4,iccad5
NHSCAD5658.png,NHSCAD5658,NHS,0,iccad5
NHSCAD5336.png,NHSCAD5336,NHS,2,iccad5
NHSCAD5320.png,NHSCAD5320,NHS,0,iccad5
NHSCAD5306.png,NHSCAD5306,NHS,4,iccad5
NHSCAD51304.png,NHSCAD51304,NHS,0,iccad5
NHSCAD52209.png,NHSCAD52209,NHS,2,iccad5
NHSCAD52450.png,NHSCAD52450,NHS,1,iccad5
NHSCAD5845.png,NHSCAD5845,NHS,1,iccad5
NHSCAD5801.png,NHSCAD5801,NHS,4,iccad5
NHSCAD5650.png,NHSCAD5650,NHS,3,iccad5
NHSCAD52636.png,NHSCAD52636,NHS,3,iccad5
NHSCAD5864.png,NHSCAD5864,NHS,2,iccad5
NHSCAD52156.png,NHSCAD52156,NHS,3,iccad5
NHSCAD51244.png,NHSCAD51244,NHS,4,iccad5
NHSCAD51383.png,NHSCAD51383,NHS,2,iccad5
NHSCAD5909.png,NHSCAD5909,NHS,1,iccad5
NHSCAD5895.png,NHSCAD5895,NHS,1,iccad5
NHSCAD5170.png,NHSCAD5170,NHS,4,iccad5
HSCAD520.png,HSCAD520,HS,2,iccad5
NHSCAD5783.png,NHSCAD5783,NHS,4,iccad5
NHSCAD51458.png,NHSCAD51458,NHS,4,iccad5
NHSCAD5254.png,NHSCAD5254,NHS,4,iccad5
NHSCAD51851.png,NHSCAD51851,NHS,2,iccad5
NHSCAD51467.png,NHSCAD51467,NHS,4,iccad5
NHSCAD5556.png,NHSCAD5556,NHS,3,iccad5
NHSCAD51937.png,NHSCAD51937,NHS,1,iccad5
NHSCAD5439.png,NHSCAD5439,NHS,0,iccad5
NHSCAD52615.png,NHSCAD52615,NHS,4,iccad5
NHSCAD51369.png,NHSCAD51369,NHS,1,iccad5
NHSCAD51544.png,NHSCAD51544,NHS,4,iccad5
NHSCAD52604.png,NHSCAD52604,NHS,3,iccad5
NHSCAD572.png,NHSCAD572,NHS,4,iccad5
NHSCAD5537.png,NHSCAD5537,NHS,2,iccad5
NHSCAD5776.png,NHSCAD5776,NHS,1,iccad5
NHSCAD532.png,NHSCAD532,NHS,4,iccad5
NHSCAD5181.png,NHSCAD5181,NHS,0,iccad5
NHSCAD52681.png,NHSCAD52681,NHS,3,iccad5
NHSCAD52565.png,NHSCAD52565,NHS,2,iccad5
NHSCAD5603.png,NHSCAD5603,NHS,0,iccad5
NHSCAD51267.png,NHSCAD51267,NHS,4,iccad5
NHSCAD51317.png,NHSCAD51317,NHS,0,iccad5
NHSCAD51603.png,NHSCAD51603,NHS,1,iccad5
NHSCAD52315.png,NHSCAD52315,NHS,0,iccad5
NHSCAD51216.png,NHSCAD51216,NHS,3,iccad5
NHSCAD5621.png,NHSCAD5621,NHS,0,iccad5
NHSCAD52423.png,NHSCAD52423,NHS,2,iccad5
NHSCAD52083.png,NHSCAD52083,NHS,3,iccad5
NHSCAD5827.png,NHSCAD5827,NHS,2,iccad5
NHSCAD51632.png,NHSCAD51632,NHS,2,iccad5
NHSCAD51686.png,NHSCAD51686,NHS,4,iccad5
NHSCAD5648.png,NHSCAD5648,NHS,1,iccad5
NHSCAD5844.png,NHSCAD5844,NHS,0,iccad5
NHSCAD5566.png,NHSCAD5566,NHS,4,iccad5
NHSCAD52493.png,NHSCAD52493,NHS,4,iccad5
NHSCAD51236.png,NHSCAD51236,NHS,0,iccad5
NHSCAD51419.png,NHSCAD51419,NHS,1,iccad5
NHSCAD593.png,NHSCAD593,NHS,4,iccad5
NHSCAD52187.png,NHSCAD52187,NHS,0,iccad5
NHSCAD52694.png,NHSCAD52694,NHS,0,iccad5
NHSCAD52726.png,NHSCAD52726,NHS,0,iccad5
NHSCAD52204.png,NHSCAD52204,NHS,2,iccad5
NHSCAD52462.png,NHSCAD52462,NHS,0,iccad5
NHSCAD51853.png,NHSCAD51853,NHS,1,iccad5
NHSCAD51693.png,NHSCAD51693,NHS,3,iccad5
NHSCAD51637.png,NHSCAD51637,NHS,2,iccad5
NHSCAD52721.png,NHSCAD52721,NHS,0,iccad5
NHSCAD5354.png,NHSCAD5354,NHS,2,iccad5
NHSCAD51408.png,NHSCAD51408,NHS,4,iccad5
NHSCAD51585.png,NHSCAD51585,NHS,1,iccad5
NHSCAD51925.png,NHSCAD51925,NHS,3,iccad5
NHSCAD546.png,NHSCAD546,NHS,2,iccad5
NHSCAD52541.png,NHSCAD52541,NHS,1,iccad5
NHSCAD51869.png,NHSCAD51869,NHS,4,iccad5
NHSCAD51622.png,NHSCAD51622,NHS,0,iccad5
NHSCAD5639.png,NHSCAD5639,NHS,1,iccad5
NHSCAD51695.png,NHSCAD51695,NHS,4,iccad5
NHSCAD52558.png,NHSCAD52558,NHS,1,iccad5
NHSCAD5291.png,NHSCAD5291,NHS,3,iccad5
NHSCAD51161.png,NHSCAD51161,NHS,2,iccad5
NHSCAD51707.png,NHSCAD51707,NHS,3,iccad5
NHSCAD51341.png,NHSCAD51341,NHS,1,iccad5
NHSCAD5408.png,NHSCAD5408,NHS,1,iccad5
NHSCAD51315.png,NHSCAD51315,NHS,2,iccad5
NHSCAD568.png,NHSCAD568,NHS,1,iccad5
NHSCAD52084.png,NHSCAD52084,NHS,4,iccad5
NHSCAD51261.png,NHSCAD51261,NHS,3,iccad5
NHSCAD51302.png,NHSCAD51302,NHS,3,iccad5
NHSCAD51785.png,NHSCAD51785,NHS,1,iccad5
NHSCAD51916.png,NHSCAD51916,NHS,3,iccad5
NHSCAD51901.png,NHSCAD51901,NHS,0,iccad5
NHSCAD51528.png,NHSCAD51528,NHS,1,iccad5
NHSCAD5779.png,NHSCAD5779,NHS,4,iccad5
NHSCAD5485.png,NHSCAD5485,NHS,0,iccad5
NHSCAD5383.png,NHSCAD5383,NHS,3,iccad5
NHSCAD52110.png,NHSCAD52110,NHS,3,iccad5
NHSCAD5612.png,NHSCAD5612,NHS,0,iccad5
NHSCAD51929.png,NHSCAD51929,NHS,2,iccad5
NHSCAD5669.png,NHSCAD5669,NHS,3,iccad5
NHSCAD52572.png,NHSCAD52572,NHS,1,iccad5
NHSCAD564.png,NHSCAD564,NHS,0,iccad5
NHSCAD52384.png,NHSCAD52384,NHS,4,iccad5
NHSCAD51998.png,NHSCAD51998,NHS,3,iccad5
NHSCAD51694.png,NHSCAD51694,NHS,1,iccad5
NHSCAD576.png,NHSCAD576,NHS,3,iccad5
NHSCAD5746.png,NHSCAD5746,NHS,3,iccad5
NHSCAD52006.png,NHSCAD52006,NHS,3,iccad5
NHSCAD5345.png,NHSCAD5345,NHS,2,iccad5
NHSCAD5764.png,NHSCAD5764,NHS,3,iccad5
NHSCAD52715.png,NHSCAD52715,NHS,1,iccad5
NHSCAD51444.png,NHSCAD51444,NHS,4,iccad5
NHSCAD51486.png,NHSCAD51486,NHS,0,iccad5
NHSCAD5943.png,NHSCAD5943,NHS,4,iccad5
NHSCAD51155.png,NHSCAD51155,NHS,1,iccad5
NHSCAD51233.png,NHSCAD51233,NHS,2,iccad5
NHSCAD5831.png,NHSCAD5831,NHS,2,iccad5
NHSCAD5186.png,NHSCAD5186,NHS,0,iccad5
NHSCAD52392.png,NHSCAD52392,NHS,3,iccad5
NHSCAD52618.png,NHSCAD52618,NHS,3,iccad5
NHSCAD5765.png,NHSCAD5765,NHS,4,iccad5
NHSCAD595.png,NHSCAD595,NHS,1,iccad5
NHSCAD51883.png,NHSCAD51883,NHS,0,iccad5
NHSCAD52595.png,NHSCAD52595,NHS,1,iccad5
NHSCAD52364.png,NHSCAD52364,NHS,3,iccad5
NHSCAD52498.png,NHSCAD52498,NHS,4,iccad5
NHSCAD52507.png,NHSCAD52507,NHS,4,iccad5
NHSCAD52002.png,NHSCAD52002,NHS,4,iccad5
NHSCAD51966.png,NHSCAD51966,NHS,3,iccad5
NHSCAD5706.png,NHSCAD5706,NHS,4,iccad5
NHSCAD5506.png,NHSCAD5506,NHS,3,iccad5
NHSCAD5990.png,NHSCAD5990,NHS,1,iccad5
NHSCAD51884.png,NHSCAD51884,NHS,3,iccad5
NHSCAD51460.png,NHSCAD51460,NHS,2,iccad5
NHSCAD5531.png,NHSCAD5531,NHS,1,iccad5
NHSCAD52696.png,NHSCAD52696,NHS,2,iccad5
NHSCAD5613.png,NHSCAD5613,NHS,2,iccad5
NHSCAD5242.png,NHSCAD5242,NHS,3,iccad5
NHSCAD5602.png,NHSCAD5602,NHS,1,iccad5
NHSCAD51843.png,NHSCAD51843,NHS,3,iccad5
NHSCAD51270.png,NHSCAD51270,NHS,2,iccad5
NHSCAD51735.png,NHSCAD51735,NHS,1,iccad5
NHSCAD5940.png,NHSCAD5940,NHS,1,iccad5
NHSCAD52017.png,NHSCAD52017,NHS,1,iccad5
NHSCAD52505.png,NHSCAD52505,NHS,1,iccad5
NHSCAD51847.png,NHSCAD51847,NHS,2,iccad5
NHSCAD52424.png,NHSCAD52424,NHS,3,iccad5
NHSCAD52674.png,NHSCAD52674,NHS,2,iccad5
NHSCAD5583.png,NHSCAD5583,NHS,3,iccad5
NHSCAD51725.png,NHSCAD51725,NHS,3,iccad5
NHSCAD5108.png,NHSCAD5108,NHS,3,iccad5
NHSCAD52326.png,NHSCAD52326,NHS,1,iccad5
NHSCAD5772.png,NHSCAD5772,NHS,2,iccad5
NHSCAD5971.png,NHSCAD5971,NHS,0,iccad5
NHSCAD5986.png,NHSCAD5986,NHS,1,iccad5
NHSCAD5661.png,NHSCAD5661,NHS,1,iccad5
NHSCAD51029.png,NHSCAD51029,NHS,3,iccad5
NHSCAD52687.png,NHSCAD52687,NHS,3,iccad5
NHSCAD5106.png,NHSCAD5106,NHS,0,iccad5
NHSCAD5633.png,NHSCAD5633,NHS,4,iccad5
NHSCAD5679.png,NHSCAD5679,NHS,4,iccad5
NHSCAD5691.png,NHSCAD5691,NHS,3,iccad5
NHSCAD51959.png,NHSCAD51959,NHS,0,iccad5
NHSCAD51752.png,NHSCAD51752,NHS,3,iccad5
NHSCAD52149.png,NHSCAD52149,NHS,1,iccad5
NHSCAD51740.png,NHSCAD51740,NHS,4,iccad5
NHSCAD52181.png,NHSCAD52181,NHS,2,iccad5
NHSCAD5966.png,NHSCAD5966,NHS,4,iccad5
NHSCAD5592.png,NHSCAD5592,NHS,3,iccad5
NHSCAD52107.png,NHSCAD52107,NHS,4,iccad5
NHSCAD51297.png,NHSCAD51297,NHS,2,iccad5
NHSCAD51184.png,NHSCAD51184,NHS,3,iccad5
NHSCAD51778.png,NHSCAD51778,NHS,0,iccad5
NHSCAD5303.png,NHSCAD5303,NHS,1,iccad5
NHSCAD5593.png,NHSCAD5593,NHS,4,iccad5
NHSCAD5707.png,NHSCAD5707,NHS,0,iccad5
NHSCAD5104.png,NHSCAD5104,NHS,3,iccad5
NHSCAD51217.png,NHSCAD51217,NHS,4,iccad5
NHSCAD52660.png,NHSCAD52660,NHS,4,iccad5
NHSCAD52264.png,NHSCAD52264,NHS,3,iccad5
NHSCAD51705.png,NHSCAD51705,NHS,0,iccad5
NHSCAD52252.png,NHSCAD52252,NHS,4,iccad5
NHSCAD5955.png,NHSCAD5955,NHS,2,iccad5
NHSCAD52382.png,NHSCAD52382,NHS,2,iccad5
NHSCAD51034.png,NHSCAD51034,NHS,3,iccad5
NHSCAD51594.png,NHSCAD51594,NHS,1,iccad5
NHSCAD5876.png,NHSCAD5876,NHS,0,iccad5
NHSCAD52343.png,NHSCAD52343,NHS,4,iccad5
NHSCAD51114.png,NHSCAD51114,NHS,1,iccad5
NHSCAD52436.png,NHSCAD52436,NHS,0,iccad5
NHSCAD51490.png,NHSCAD51490,NHS,0,iccad5
NHSCAD5686.png,NHSCAD5686,NHS,0,iccad5
NHSCAD51563.png,NHSCAD51563,NHS,0,iccad5
NHSCAD51548.png,NHSCAD51548,NHS,3,iccad5
NHSCAD52399.png,NHSCAD52399,NHS,0,iccad5
NHSCAD5391.png,NHSCAD5391,NHS,4,iccad5
NHSCAD5432.png,NHSCAD5432,NHS,4,iccad5
NHSCAD5747.png,NHSCAD5747,NHS,4,iccad5
NHSCAD52165.png,NHSCAD52165,NHS,3,iccad5
NHSCAD5591.png,NHSCAD5591,NHS,2,iccad5
NHSCAD51572.png,NHSCAD51572,NHS,0,iccad5
NHSCAD5256.png,NHSCAD5256,NHS,0,iccad5
NHSCAD5969.png,NHSCAD5969,NHS,2,iccad5
NHSCAD51023.png,NHSCAD51023,NHS,2,iccad5
NHSCAD52383.png,NHSCAD52383,NHS,3,iccad5
NHSCAD570.png,NHSCAD570,NHS,2,iccad5
NHSCAD547.png,NHSCAD547,NHS,3,iccad5
NHSCAD52173.png,NHSCAD52173,NHS,0,iccad5
NHSCAD52438.png,NHSCAD52438,NHS,2,iccad5
NHSCAD5497.png,NHSCAD5497,NHS,3,iccad5
NHSCAD52395.png,NHSCAD52395,NHS,1,iccad5
NHSCAD52378.png,NHSCAD52378,NHS,3,iccad5
NHSCAD51081.png,NHSCAD51081,NHS,3,iccad5
NHSCAD51772.png,NHSCAD51772,NHS,4,iccad5
NHSCAD52350.png,NHSCAD52350,NHS,3,iccad5
NHSCAD51452.png,NHSCAD51452,NHS,3,iccad5
NHSCAD51105.png,NHSCAD51105,NHS,1,iccad5
NHSCAD5942.png,NHSCAD5942,NHS,3,iccad5
NHSCAD5260.png,NHSCAD5260,NHS,3,iccad5
NHSCAD5481.png,NHSCAD5481,NHS,1,iccad5
NHSCAD52117.png,NHSCAD52117,NHS,1,iccad5
NHSCAD52152.png,NHSCAD52152,NHS,4,iccad5
NHSCAD5805.png,NHSCAD5805,NHS,3,iccad5
NHSCAD51736.png,NHSCAD51736,NHS,4,iccad5
NHSCAD52007.png,NHSCAD52007,NHS,4,iccad5
NHSCAD52237.png,NHSCAD52237,NHS,3,iccad5
NHSCAD51921.png,NHSCAD51921,NHS,0,iccad5
NHSCAD51774.png,NHSCAD51774,NHS,2,iccad5
NHSCAD51272.png,NHSCAD51272,NHS,0,iccad5
NHSCAD52564.png,NHSCAD52564,NHS,0,iccad5
NHSCAD51790.png,NHSCAD51790,NHS,4,iccad5
NHSCAD52019.png,NHSCAD52019,NHS,2,iccad5
NHSCAD51979.png,NHSCAD51979,NHS,2,iccad5
NHSCAD52531.png,NHSCAD52531,NHS,0,iccad5
NHSCAD52078.png,NHSCAD52078,NHS,2,iccad5
NHSCAD5799.png,NHSCAD5799,NHS,1,iccad5
NHSCAD5318.png,NHSCAD5318,NHS,2,iccad5
NHSCAD52102.png,NHSCAD52102,NHS,4,iccad5
NHSCAD52115.png,NHSCAD52115,NHS,3,iccad5
NHSCAD51287.png,NHSCAD51287,NHS,1,iccad5
NHSCAD51367.png,NHSCAD51367,NHS,4,iccad5
NHSCAD5399.png,NHSCAD5399,NHS,1,iccad5
NHSCAD52539.png,NHSCAD52539,NHS,3,iccad5
NHSCAD52292.png,NHSCAD52292,NHS,0,iccad5
NHSCAD52544.png,NHSCAD52544,NHS,4,iccad5
NHSCAD52730.png,NHSCAD52730,NHS,0,iccad5
NHSCAD52195.png,NHSCAD52195,NHS,2,iccad5
NHSCAD51963.png,NHSCAD51963,NHS,0,iccad5
NHSCAD52739.png,NHSCAD52739,NHS,2,iccad5
NHSCAD5110.png,NHSCAD5110,NHS,0,iccad5
NHSCAD51592.png,NHSCAD51592,NHS,3,iccad5
NHSCAD5349.png,NHSCAD5349,NHS,1,iccad5
NHSCAD584.png,NHSCAD584,NHS,0,iccad5
NHSCAD52707.png,NHSCAD52707,NHS,0,iccad5
NHSCAD52227.png,NHSCAD52227,NHS,2,iccad5
NHSCAD52064.png,NHSCAD52064,NHS,2,iccad5
NHSCAD5486.png,NHSCAD5486,NHS,1,iccad5
NHSCAD5689.png,NHSCAD5689,NHS,1,iccad5
NHSCAD52220.png,NHSCAD52220,NHS,4,iccad5
NHSCAD52406.png,NHSCAD52406,NHS,3,iccad5
NHSCAD51479.png,NHSCAD51479,NHS,2,iccad5
NHSCAD52147.png,NHSCAD52147,NHS,3,iccad5
NHSCAD52375.png,NHSCAD52375,NHS,4,iccad5
NHSCAD5500.png,NHSCAD5500,NHS,3,iccad5
NHSCAD574.png,NHSCAD574,NHS,1,iccad5
NHSCAD5619.png,NHSCAD5619,NHS,3,iccad5
NHSCAD51089.png,NHSCAD51089,NHS,2,iccad5
NHSCAD5377.png,NHSCAD5377,NHS,2,iccad5
NHSCAD5712.png,NHSCAD5712,NHS,1,iccad5
NHSCAD51997.png,NHSCAD51997,NHS,2,iccad5
NHSCAD51319.png,NHSCAD51319,NHS,1,iccad5
NHSCAD51866.png,NHSCAD51866,NHS,3,iccad5
NHSCAD52097.png,NHSCAD52097,NHS,3,iccad5
NHSCAD5662.png,NHSCAD5662,NHS,0,iccad5
NHSCAD52668.png,NHSCAD52668,NHS,3,iccad5
NHSCAD5606.png,NHSCAD5606,NHS,4,iccad5
NHSCAD52039.png,NHSCAD52039,NHS,4,iccad5
NHSCAD52428.png,NHSCAD52428,NHS,2,iccad5
NHSCAD52522.png,NHSCAD52522,NHS,0,iccad5
NHSCAD52432.png,NHSCAD52432,NHS,2,iccad5
NHSCAD52658.png,NHSCAD52658,NHS,1,iccad5
NHSCAD52175.png,NHSCAD52175,NHS,4,iccad5
NHSCAD51137.png,NHSCAD51137,NHS,1,iccad5
NHSCAD51423.png,NHSCAD51423,NHS,1,iccad5
NHSCAD5760.png,NHSCAD5760,NHS,4,iccad5
NHSCAD51795.png,NHSCAD51795,NHS,4,iccad5
NHSCAD52061.png,NHSCAD52061,NHS,4,iccad5
NHSCAD5463.png,NHSCAD5463,NHS,1,iccad5
NHSCAD52465.png,NHSCAD52465,NHS,2,iccad5
NHSCAD52289.png,NHSCAD52289,NHS,4,iccad5
NHSCAD52640.png,NHSCAD52640,NHS,3,iccad5
NHSCAD51815.png,NHSCAD51815,NHS,2,iccad5
NHSCAD51080.png,NHSCAD51080,NHS,4,iccad5
NHSCAD51606.png,NHSCAD51606,NHS,3,iccad5
NHSCAD52033.png,NHSCAD52033,NHS,3,iccad5
NHSCAD51849.png,NHSCAD51849,NHS,1,iccad5
NHSCAD51269.png,NHSCAD51269,NHS,1,iccad5
NHSCAD52725.png,NHSCAD52725,NHS,2,iccad5
NHSCAD51838.png,NHSCAD51838,NHS,2,iccad5
NHSCAD51186.png,NHSCAD51186,NHS,4,iccad5
NHSCAD5285.png,NHSCAD5285,NHS,2,iccad5
NHSCAD51504.png,NHSCAD51504,NHS,0,iccad5
NHSCAD52140.png,NHSCAD52140,NHS,0,iccad5
NHSCAD52044.png,NHSCAD52044,NHS,1,iccad5
HSCAD54.png,HSCAD54,HS,0,iccad5
NHSCAD51310.png,NHSCAD51310,NHS,2,iccad5
NHSCAD51374.png,NHSCAD51374,NHS,2,iccad5
NHSCAD52284.png,NHSCAD52284,NHS,4,iccad5
NHSCAD52313.png,NHSCAD52313,NHS,2,iccad5
NHSCAD5493.png,NHSCAD5493,NHS,4,iccad5
NHSCAD5255.png,NHSCAD5255,NHS,0,iccad5
NHSCAD52479.png,NHSCAD52479,NHS,2,iccad5
NHSCAD52421.png,NHSCAD52421,NHS,0,iccad5
NHSCAD51614.png,NHSCAD51614,NHS,2,iccad5
NHSCAD51770.png,NHSCAD51770,NHS,3,iccad5
NHSCAD52374.png,NHSCAD52374,NHS,0,iccad5
NHSCAD52193.png,NHSCAD52193,NHS,4,iccad5
NHSCAD51115.png,NHSCAD51115,NHS,2,iccad5
NHSCAD51856.png,NHSCAD51856,NHS,2,iccad5
NHSCAD5796.png,NHSCAD5796,NHS,3,iccad5
NHSCAD5528.png,NHSCAD5528,NHS,2,iccad5
NHSCAD51755.png,NHSCAD51755,NHS,0,iccad5
HSCAD512.png,HSCAD512,HS,4,iccad5
NHSCAD5194.png,NHSCAD5194,NHS,4,iccad5
NHSCAD51243.png,NHSCAD51243,NHS,3,iccad5
NHSCAD5105.png,NHSCAD5105,NHS,0,iccad5
NHSCAD5921.png,NHSCAD5921,NHS,0,iccad5
NHSCAD5745.png,NHSCAD5745,NHS,2,iccad5
NHSCAD5307.png,NHSCAD5307,NHS,0,iccad5
NHSCAD51158.png,NHSCAD51158,NHS,4,iccad5
NHSCAD51852.png,NHSCAD51852,NHS,3,iccad5
NHSCAD52153.png,NHSCAD52153,NHS,1,iccad5
NHSCAD5735.png,NHSCAD5735,NHS,1,iccad5
NHSCAD5580.png,NHSCAD5580,NHS,0,iccad5
NHSCAD51309.png,NHSCAD51309,NHS,3,iccad5
NHSCAD52095.png,NHSCAD52095,NHS,0,iccad5
NHSCAD552.png,NHSCAD552,NHS,3,iccad5
NHSCAD52108.png,NHSCAD52108,NHS,1,iccad5
NHSCAD51818.png,NHSCAD51818,NHS,4,iccad5
NHSCAD5330.png,NHSCAD5330,NHS,1,iccad5
NHSCAD52716.png,NHSCAD52716,NHS,0,iccad5
